mbrainz_347,discogs_3645,true
mbrainz_46,discogs_111,true
mbrainz_497,discogs_5300,true
mbrainz_9,discogs_17,true
mbrainz_8657,discogs_96277,true
mbrainz_140,discogs_311,true
mbrainz_2327,discogs_10244,true
mbrainz_5107,discogs_22030,true
mbrainz_22970,discogs_131791,true
mbrainz_952,discogs_4452,true
mbrainz_15414,discogs_72951,true
mbrainz_14634,discogs_68631,true
mbrainz_6617,discogs_29061,true
mbrainz_5800,discogs_25292,true
mbrainz_13728,discogs_63621,true
mbrainz_7673,discogs_43877,true
mbrainz_12044,discogs_55244,true
mbrainz_6145,discogs_26839,true
mbrainz_2887,discogs_12555,true
mbrainz_815,discogs_3754,true
mbrainz_2737,discogs_11927,true
mbrainz_13299,discogs_61296,true
mbrainz_2693,discogs_101684,true
mbrainz_18860,discogs_104213,true
mbrainz_2513,discogs_10975,true
mbrainz_16648,discogs_83431,true
mbrainz_3343,discogs_14768,true
mbrainz_12103,discogs_68903,true
mbrainz_19919,discogs_111460,true
mbrainz_17654,discogs_91416,true
mbrainz_3427,discogs_65349,true
mbrainz_2449,discogs_25436,true
mbrainz_19701,discogs_109047,true
mbrainz_385,discogs_1302,true
mbrainz_386,discogs_17560,true
mbrainz_2502,discogs_26638,true
mbrainz_1362,discogs_19986,true
mbrainz_254,discogs_744,true
mbrainz_19739,discogs_90058,true
mbrainz_19491,discogs_89067,true
mbrainz_5162,discogs_22224,true
mbrainz_297,discogs_897,true
mbrainz_19403,discogs_74664,true
mbrainz_11298,discogs_51543,true
mbrainz_9064,discogs_40744,true
mbrainz_22795,discogs_130521,true
mbrainz_21862,discogs_124604,true
mbrainz_16390,discogs_81712,true
mbrainz_32,discogs_83,true
mbrainz_12416,discogs_56991,true
mbrainz_971,discogs_4572,true
mbrainz_204,discogs_617,true
mbrainz_12375,discogs_56792,true
mbrainz_894,discogs_4172,true
mbrainz_9144,discogs_41089,true
mbrainz_1065,discogs_5073,true
mbrainz_5584,discogs_24280,true
mbrainz_88,discogs_199,true
mbrainz_3178,discogs_13777,true
mbrainz_7986,discogs_35811,true
mbrainz_4346,discogs_79496,true
mbrainz_8206,discogs_38684,true
mbrainz_4382,discogs_38514,true
mbrainz_8451,discogs_38019,true
mbrainz_10077,discogs_45332,true
mbrainz_31,discogs_82,true
mbrainz_122,discogs_258,true
mbrainz_2024,discogs_9118,true
mbrainz_14364,discogs_67260,true
mbrainz_12973,discogs_59660,true
mbrainz_6332,discogs_27785,true
mbrainz_3967,discogs_16958,true
mbrainz_227,discogs_4381,true
mbrainz_13290,discogs_61237,true
mbrainz_1164,discogs_5506,true
mbrainz_15658,discogs_74992,true
mbrainz_12009,discogs_55033,true
mbrainz_14187,discogs_66212,true
mbrainz_6384,discogs_27993,true
mbrainz_15127,discogs_71459,true
mbrainz_571,discogs_2398,true
mbrainz_15584,discogs_73879,true
mbrainz_8254,discogs_37120,true
mbrainz_402,discogs_15235,true
mbrainz_33377,discogs_61955,true
mbrainz_26514,discogs_152970,true
mbrainz_15924,discogs_77079,true
mbrainz_6154,discogs_26886,true
mbrainz_1799,discogs_52083,true
mbrainz_4590,discogs_19560,true
mbrainz_7716,discogs_144679,true
mbrainz_1874,discogs_9004,true
mbrainz_3798,discogs_16262,true
mbrainz_1177,discogs_5566,true
mbrainz_5586,discogs_24299,true
mbrainz_7166,discogs_32000,true
mbrainz_14963,discogs_70589,true
mbrainz_9043,discogs_40631,true
mbrainz_3386,discogs_14622,true
mbrainz_400,discogs_1425,true
mbrainz_12743,discogs_58545,true
mbrainz_15071,discogs_71149,true
mbrainz_5115,discogs_21973,true
mbrainz_104,discogs_235,true
mbrainz_5386,discogs_23303,true
mbrainz_5262,discogs_22653,true
mbrainz_1672,discogs_25086,true
mbrainz_1832,discogs_8449,true
mbrainz_5479,discogs_23754,true
mbrainz_215,discogs_657,true
mbrainz_3793,discogs_16242,true
mbrainz_6737,discogs_29642,true
mbrainz_21122,discogs_119605,true
mbrainz_975,discogs_4604,true
mbrainz_3782,discogs_16205,true
mbrainz_20507,discogs_120525,true
mbrainz_15505,discogs_77905,true
mbrainz_12676,discogs_58284,true
mbrainz_15638,discogs_76222,true
mbrainz_22456,discogs_128567,true
mbrainz_14105,discogs_65720,true
mbrainz_11609,discogs_52985,true
mbrainz_2451,discogs_10717,true
mbrainz_854,discogs_16700,true
mbrainz_5492,discogs_23836,true
mbrainz_17417,discogs_89100,true
mbrainz_17692,discogs_91794,true
mbrainz_21052,discogs_119103,true
mbrainz_9451,discogs_42434,true
mbrainz_1160,discogs_14236,true
mbrainz_1119,discogs_5272,true
mbrainz_2805,discogs_12234,true
mbrainz_13787,discogs_63904,true
mbrainz_4204,discogs_51292,true
mbrainz_3979,discogs_16995,true
mbrainz_3546,discogs_15262,true
mbrainz_5149,discogs_22150,true
mbrainz_742,discogs_3423,true
mbrainz_10766,discogs_48967,true
mbrainz_16186,discogs_79917,true
mbrainz_1541,discogs_7525,true
mbrainz_6142,discogs_26824,true
mbrainz_1238,discogs_5841,true
mbrainz_9319,discogs_41826,true
mbrainz_5244,discogs_31289,true
mbrainz_2556,discogs_42818,true
mbrainz_11572,discogs_52826,true
mbrainz_3821,discogs_16351,true
mbrainz_1472,discogs_7130,true
mbrainz_188,discogs_537,true
mbrainz_4065,discogs_17393,true
mbrainz_3388,discogs_14628,true
mbrainz_11227,discogs_51223,true
mbrainz_26210,discogs_151192,true
mbrainz_17166,discogs_87268,true
mbrainz_4548,discogs_19414,true
mbrainz_5867,discogs_25616,true
mbrainz_3625,discogs_72010,true
mbrainz_20434,discogs_114782,true
mbrainz_6162,discogs_26933,true
mbrainz_1495,discogs_7242,true
mbrainz_8150,discogs_36675,true
mbrainz_10569,discogs_47891,true
mbrainz_5700,discogs_24830,true
mbrainz_15453,discogs_73178,true
mbrainz_755,discogs_3465,true
mbrainz_13495,discogs_62300,true
mbrainz_2224,discogs_17777,true
mbrainz_6618,discogs_31082,true
mbrainz_301,discogs_905,true
mbrainz_8619,discogs_38678,true
mbrainz_11545,discogs_52668,true
mbrainz_17572,discogs_81161,true
mbrainz_1619,discogs_7874,true
mbrainz_13552,discogs_62635,true
mbrainz_11273,discogs_51610,true
mbrainz_4579,discogs_19520,true
mbrainz_17101,discogs_94317,true
mbrainz_25,discogs_61,true
mbrainz_908,discogs_20405,true
mbrainz_4547,discogs_19411,true
mbrainz_12170,discogs_55809,true
mbrainz_2475,discogs_10804,true
mbrainz_11016,discogs_50250,true
mbrainz_7614,discogs_34162,true
mbrainz_480,discogs_4608,true
mbrainz_22929,discogs_131505,true
mbrainz_10715,discogs_48708,true
mbrainz_1798,discogs_8362,true
mbrainz_3474,discogs_14971,true
mbrainz_2185,discogs_42342,true
mbrainz_6942,discogs_30755,true
mbrainz_19469,discogs_107322,true
mbrainz_243,discogs_722,true
mbrainz_795,discogs_3681,true
mbrainz_25416,discogs_146684,true
mbrainz_10905,discogs_49711,true
mbrainz_13210,discogs_74107,true
mbrainz_11744,discogs_53642,true
mbrainz_4356,discogs_18586,true
mbrainz_9349,discogs_41929,true
mbrainz_23035,discogs_132151,true
mbrainz_4170,discogs_17869,true
mbrainz_15203,discogs_71877,true
mbrainz_612,discogs_2720,true
mbrainz_221,discogs_1401,true
mbrainz_7773,discogs_34884,true
mbrainz_7840,discogs_35148,true
mbrainz_25400,discogs_148750,true
mbrainz_2397,discogs_10504,true
mbrainz_1479,discogs_20865,true
mbrainz_9693,discogs_44191,true
mbrainz_614,discogs_2724,true
mbrainz_45,discogs_109,true
mbrainz_2083,discogs_9334,true
mbrainz_19745,discogs_110142,true
mbrainz_10795,discogs_49133,true
mbrainz_143,discogs_316,true
mbrainz_3330,discogs_14363,true
mbrainz_13309,discogs_61350,true
mbrainz_9536,discogs_42872,true
mbrainz_16585,discogs_83053,true
mbrainz_9705,discogs_43674,true
mbrainz_2979,discogs_12899,true
mbrainz_5312,discogs_38034,true
mbrainz_113,discogs_245,true
mbrainz_5932,discogs_39916,true
mbrainz_10797,discogs_49170,true
mbrainz_2982,discogs_12907,true
mbrainz_3736,discogs_16005,true
mbrainz_7067,discogs_31354,true
mbrainz_12839,discogs_55765,true
mbrainz_10293,discogs_46486,true
mbrainz_4180,discogs_106593,true
mbrainz_13977,discogs_91123,true
mbrainz_3265,discogs_14146,true
mbrainz_1954,discogs_32156,true
mbrainz_1813,discogs_8394,true
mbrainz_263,discogs_769,true
mbrainz_2750,discogs_36870,true
mbrainz_998,discogs_4730,true
mbrainz_10904,discogs_49708,true
mbrainz_595,discogs_6399,true
mbrainz_754,discogs_3460,true
mbrainz_13033,discogs_60043,true
mbrainz_14409,discogs_66707,true
mbrainz_5921,discogs_26612,true
mbrainz_2754,discogs_107434,true
mbrainz_6190,discogs_178,true
mbrainz_1342,discogs_6438,true
mbrainz_12782,discogs_58766,true
mbrainz_2170,discogs_9616,true
mbrainz_20116,discogs_112755,true
mbrainz_2150,discogs_9523,true
mbrainz_7051,discogs_31300,true
mbrainz_17285,discogs_88091,true
mbrainz_1523,discogs_11274,true
mbrainz_1179,discogs_8609,true
mbrainz_5616,discogs_24414,true
mbrainz_2262,discogs_9939,true
mbrainz_423,discogs_1577,true
mbrainz_3971,discogs_16974,true
mbrainz_18257,discogs_97014,true
mbrainz_6334,discogs_27788,true
mbrainz_211,discogs_645,true
mbrainz_6678,discogs_29377,true
mbrainz_154,discogs_341,true
mbrainz_1688,discogs_8059,true
mbrainz_9242,discogs_41519,true
mbrainz_3584,discogs_15408,true
mbrainz_193,discogs_570,true
mbrainz_24312,discogs_151316,true
mbrainz_1676,discogs_8012,true
mbrainz_23796,discogs_136852,true
mbrainz_2856,discogs_12431,true
mbrainz_295,discogs_893,true
mbrainz_1215,discogs_5743,true
mbrainz_12116,discogs_55623,true
mbrainz_4569,discogs_115256,true
mbrainz_2951,discogs_12787,true
mbrainz_7867,discogs_37788,true
mbrainz_6780,discogs_29841,true
mbrainz_4598,discogs_19604,true
mbrainz_16689,discogs_83717,true
mbrainz_5748,discogs_25044,true
mbrainz_21316,discogs_153956,true
mbrainz_23383,discogs_134379,true
mbrainz_11002,discogs_50177,true
mbrainz_118,discogs_252,true
mbrainz_4495,discogs_19176,true
mbrainz_739,discogs_3453,true
mbrainz_4197,discogs_17965,true
mbrainz_10030,discogs_45129,true
mbrainz_4093,discogs_17509,true
mbrainz_10868,discogs_49509,true
mbrainz_4979,discogs_21358,true
mbrainz_1154,discogs_7658,true
mbrainz_17609,discogs_91138,true
mbrainz_4904,discogs_21065,true
mbrainz_2757,discogs_12050,true
mbrainz_32901,discogs_76811,true
mbrainz_2444,discogs_10686,true
mbrainz_12337,discogs_56579,true
mbrainz_1724,discogs_8149,true
mbrainz_2931,discogs_12719,true
mbrainz_5498,discogs_23881,true
mbrainz_19183,discogs_104500,true
mbrainz_11568,discogs_52805,true
mbrainz_2332,discogs_10272,true
mbrainz_5772,discogs_25157,true
mbrainz_3191,discogs_13834,true
mbrainz_978,discogs_4621,true
mbrainz_7410,discogs_33238,true
mbrainz_7810,discogs_35043,true
mbrainz_4811,discogs_20643,true
mbrainz_22462,discogs_138074,true
mbrainz_13668,discogs_63309,true
mbrainz_2834,discogs_22441,true
mbrainz_528,discogs_2171,true
mbrainz_26560,discogs_153308,true
mbrainz_4809,discogs_20633,true
mbrainz_10808,discogs_49243,true
mbrainz_529,discogs_2184,true
mbrainz_21042,discogs_119009,true
mbrainz_6151,discogs_26867,true
mbrainz_20549,discogs_115515,true
mbrainz_13955,discogs_64828,true
mbrainz_115,discogs_249,true
mbrainz_7519,discogs_35408,true
mbrainz_6165,discogs_26939,true
mbrainz_11825,discogs_54105,true
mbrainz_11940,discogs_55034,true
mbrainz_10465,discogs_47281,true
mbrainz_5885,discogs_66288,true
mbrainz_2087,discogs_9345,true
mbrainz_2710,discogs_11814,true
mbrainz_2919,discogs_12656,true
mbrainz_1047,discogs_4996,true
mbrainz_64,discogs_140,true
mbrainz_3145,discogs_2349,true
mbrainz_2849,discogs_15369,true
mbrainz_12098,discogs_55502,true
mbrainz_4527,discogs_19315,true
mbrainz_11196,discogs_52702,true
mbrainz_35,discogs_86,true
mbrainz_6647,discogs_29279,true
mbrainz_3301,discogs_14263,true
mbrainz_18790,discogs_101500,true
mbrainz_2707,discogs_12612,true
mbrainz_9310,discogs_41778,true
mbrainz_5845,discogs_25521,true
mbrainz_11647,discogs_53166,true
mbrainz_1517,discogs_7365,true
mbrainz_3525,discogs_42571,true
mbrainz_604,discogs_2669,true
mbrainz_19986,discogs_111897,true
mbrainz_1772,discogs_13720,true
mbrainz_3061,discogs_13298,true
mbrainz_38,discogs_98,true
mbrainz_7988,discogs_35820,true
mbrainz_3106,discogs_13504,true
mbrainz_4147,discogs_69529,true
mbrainz_28581,discogs_166068,true
mbrainz_28232,discogs_84121,true
mbrainz_15760,discogs_75759,true
mbrainz_876,discogs_4090,true
mbrainz_9882,discogs_44496,true
mbrainz_1930,discogs_8772,true
mbrainz_2639,discogs_15189,true
mbrainz_22272,discogs_127350,true
mbrainz_8138,discogs_36606,true
mbrainz_15622,discogs_74120,true
mbrainz_18526,discogs_99242,true
mbrainz_5347,discogs_23138,true
mbrainz_18707,discogs_100710,true
mbrainz_9390,discogs_903,true
mbrainz_40,discogs_100,true
mbrainz_6419,discogs_82564,true
mbrainz_4489,discogs_19120,true
mbrainz_13474,discogs_62181,true
mbrainz_1840,discogs_8478,true
mbrainz_3129,discogs_13580,true
mbrainz_1109,discogs_2311,true
mbrainz_15494,discogs_73364,true
mbrainz_162,discogs_277,true
mbrainz_304,discogs_910,true
mbrainz_16339,discogs_90542,true
mbrainz_237,discogs_712,true
mbrainz_2851,discogs_12412,true
mbrainz_6386,discogs_27996,true
mbrainz_6235,discogs_27302,true
mbrainz_20773,discogs_116921,true
mbrainz_8270,discogs_37199,true
mbrainz_2779,discogs_12112,true
mbrainz_8178,discogs_36804,true
mbrainz_9567,discogs_43027,true
mbrainz_3151,discogs_14247,true
mbrainz_16471,discogs_82334,true
mbrainz_3825,discogs_16370,true
mbrainz_4627,discogs_19732,true
mbrainz_757,discogs_3478,true
mbrainz_2290,discogs_70330,true
mbrainz_7077,discogs_31408,true
mbrainz_7972,discogs_35741,true
mbrainz_18301,discogs_97317,true
mbrainz_578,discogs_2506,true
mbrainz_14177,discogs_66158,true
mbrainz_1241,discogs_5860,true
mbrainz_2873,discogs_12482,true
mbrainz_558,discogs_2318,true
mbrainz_20929,discogs_118092,true
mbrainz_99,discogs_226,true
mbrainz_19831,discogs_110803,true
mbrainz_15820,discogs_76276,true
mbrainz_1271,discogs_6040,true
mbrainz_3823,discogs_16359,true
mbrainz_14111,discogs_68145,true
mbrainz_3469,discogs_14959,true
mbrainz_1172,discogs_5549,true
mbrainz_24495,discogs_141135,true
mbrainz_4616,discogs_23104,true
mbrainz_1692,discogs_8076,true
mbrainz_2981,discogs_12904,true
mbrainz_3780,discogs_16197,true
mbrainz_32656,discogs_66573,true
mbrainz_2926,discogs_12686,true
mbrainz_1473,discogs_7138,true
mbrainz_1747,discogs_8198,true
mbrainz_5111,discogs_21964,true
mbrainz_25284,discogs_145828,true
mbrainz_893,discogs_4168,true
mbrainz_4231,discogs_18077,true
mbrainz_3195,discogs_13840,true
mbrainz_3408,discogs_14713,true
mbrainz_70,discogs_159,true
mbrainz_21428,discogs_121645,true
mbrainz_6173,discogs_26994,true
mbrainz_16231,discogs_80251,true
mbrainz_16722,discogs_66199,true
mbrainz_2253,discogs_9915,true
mbrainz_5730,discogs_24976,true
mbrainz_2744,discogs_11976,true
mbrainz_13895,discogs_64514,true
mbrainz_2165,discogs_9603,true
mbrainz_8728,discogs_39175,true
mbrainz_244,discogs_727,true
mbrainz_3665,discogs_15707,true
mbrainz_14271,discogs_66638,true
mbrainz_144,discogs_317,true
mbrainz_11180,discogs_51027,true
mbrainz_791,discogs_32031,true
mbrainz_4040,discogs_17299,true
mbrainz_2689,discogs_23296,true
mbrainz_475,discogs_1817,true
mbrainz_2512,discogs_10972,true
mbrainz_13760,discogs_63753,true
mbrainz_7301,discogs_32747,true
mbrainz_3545,discogs_15250,true
mbrainz_9858,discogs_96815,true
mbrainz_10956,discogs_49952,true
mbrainz_1153,discogs_43818,true
mbrainz_3416,discogs_14744,true
mbrainz_2058,discogs_64936,true
mbrainz_19163,discogs_104349,true
mbrainz_5260,discogs_43498,true
mbrainz_123,discogs_259,true
mbrainz_2208,discogs_13945,true
mbrainz_95,discogs_216,true
mbrainz_8177,discogs_36802,true
mbrainz_14174,discogs_66147,true
mbrainz_6789,discogs_29886,true
mbrainz_13515,discogs_62428,true
mbrainz_13295,discogs_61252,true
mbrainz_73,discogs_26109,true
mbrainz_2392,discogs_10495,true
mbrainz_17179,discogs_87405,true
mbrainz_287,discogs_871,true
mbrainz_8495,discogs_38211,true
mbrainz_10533,discogs_69561,true
mbrainz_15931,discogs_77295,true
mbrainz_7995,discogs_35862,true
mbrainz_1513,discogs_7346,true
mbrainz_1645,discogs_21829,true
mbrainz_7146,discogs_31882,true
mbrainz_11338,discogs_56962,true
mbrainz_15029,discogs_70907,true
mbrainz_2360,discogs_10374,true
mbrainz_12554,discogs_57673,true
mbrainz_212,discogs_647,true
mbrainz_509,discogs_2091,true
mbrainz_21193,discogs_120087,true
mbrainz_15,discogs_34,true
mbrainz_44,discogs_108,true
mbrainz_15751,discogs_75827,true
mbrainz_1060,discogs_5061,true
mbrainz_3987,discogs_17046,true
mbrainz_246,discogs_731,true
mbrainz_11684,discogs_54141,true
mbrainz_17920,discogs_20506,true
mbrainz_13,discogs_29,true
mbrainz_6249,discogs_27371,true
mbrainz_14396,discogs_67380,true
mbrainz_4044,discogs_17311,true
mbrainz_17173,discogs_87352,true
mbrainz_4513,discogs_19255,true
mbrainz_1132,discogs_5894,true
mbrainz_33,discogs_84,true
mbrainz_7819,discogs_35073,true
mbrainz_12395,discogs_56911,true
mbrainz_9799,discogs_44049,true
mbrainz_6065,discogs_26451,true
mbrainz_11728,discogs_53585,true
mbrainz_7697,discogs_39237,true
mbrainz_12928,discogs_59403,true
mbrainz_127,discogs_266,true
mbrainz_1273,discogs_6687,true
mbrainz_8020,discogs_35974,true
mbrainz_8057,discogs_9454,true
mbrainz_3384,discogs_14608,true
mbrainz_4046,discogs_17316,true
mbrainz_13961,discogs_64852,true
mbrainz_29794,discogs_74273,true
mbrainz_13066,discogs_60157,true
mbrainz_20367,discogs_114396,true
mbrainz_5247,discogs_22582,true
mbrainz_18401,discogs_98067,true
mbrainz_1279,discogs_14107,true
mbrainz_4081,discogs_17464,true
mbrainz_1766,discogs_8248,true
mbrainz_8053,discogs_36151,true
mbrainz_20082,discogs_111537,true
mbrainz_18883,discogs_102132,true
mbrainz_5594,discogs_24336,true
mbrainz_13925,discogs_64681,true
mbrainz_12601,discogs_57921,true
mbrainz_1274,discogs_29216,true
mbrainz_19,discogs_44,true
mbrainz_822,discogs_3771,true
mbrainz_4921,discogs_62881,true
mbrainz_10474,discogs_47336,true
mbrainz_4278,discogs_18290,true
mbrainz_6935,discogs_30711,true
mbrainz_11203,discogs_29993,true
mbrainz_409,discogs_1471,true
mbrainz_15483,discogs_73309,true
mbrainz_4327,discogs_18486,true
mbrainz_12423,discogs_59246,true
mbrainz_22905,discogs_131346,true
mbrainz_4145,discogs_20894,true
mbrainz_3207,discogs_13896,true
mbrainz_547,discogs_2273,true
mbrainz_15395,discogs_98661,true
mbrainz_2005,discogs_46923,true
mbrainz_15139,discogs_72825,true
mbrainz_2235,discogs_52385,true
mbrainz_59,discogs_135,true
mbrainz_7917,discogs_63682,true
mbrainz_22988,discogs_131876,true
mbrainz_1613,discogs_7860,true
mbrainz_4223,discogs_18047,true
mbrainz_13271,discogs_75502,true
mbrainz_55,discogs_127,true
mbrainz_16001,discogs_77509,true
mbrainz_3415,discogs_14737,true
mbrainz_9538,discogs_42882,true
mbrainz_20428,discogs_114760,true
mbrainz_6329,discogs_27767,true
mbrainz_4163,discogs_17834,true
mbrainz_5294,discogs_22812,true
mbrainz_14410,discogs_125229,true
mbrainz_3258,discogs_14128,true
mbrainz_2189,discogs_9678,true
mbrainz_13837,discogs_64160,true
mbrainz_5631,discogs_24785,true
mbrainz_12633,discogs_58061,true
mbrainz_4237,discogs_18098,true
mbrainz_10238,discogs_46245,true
mbrainz_435,discogs_1635,true
mbrainz_14073,discogs_76769,true
mbrainz_20534,discogs_115453,true
mbrainz_5358,discogs_23208,true
mbrainz_8670,discogs_105490,true
mbrainz_865,discogs_4028,true
mbrainz_2783,discogs_49443,true
mbrainz_2660,discogs_11632,true
mbrainz_957,discogs_4467,true
mbrainz_12358,discogs_56706,true
mbrainz_7889,discogs_35360,true
mbrainz_1062,discogs_9792,true
mbrainz_30023,discogs_174884,true
mbrainz_1564,discogs_7663,true
mbrainz_1400,discogs_6745,true
mbrainz_10399,discogs_51954,true
mbrainz_15183,discogs_71763,true
mbrainz_18982,discogs_102885,true
mbrainz_81,discogs_188,true
mbrainz_4611,discogs_19653,true
mbrainz_6205,discogs_27161,true
mbrainz_1077,discogs_5115,true
mbrainz_108,discogs_239,true
mbrainz_674,discogs_3081,true
mbrainz_14289,discogs_66766,true
mbrainz_1567,discogs_7680,true
mbrainz_248,discogs_734,true
mbrainz_14726,discogs_69191,true
mbrainz_16163,discogs_141758,true
mbrainz_2195,discogs_9698,true
mbrainz_13939,discogs_64746,true
mbrainz_18462,discogs_98622,true
mbrainz_6258,discogs_108086,true
mbrainz_7568,discogs_33925,true
mbrainz_1493,discogs_15012,true
mbrainz_4415,discogs_18875,true
mbrainz_14656,discogs_68779,true
mbrainz_6807,discogs_29991,true
mbrainz_8079,discogs_36293,true
mbrainz_404,discogs_25391,true
mbrainz_1834,discogs_8457,true
mbrainz_22966,discogs_129436,true
mbrainz_19871,discogs_37505,true
mbrainz_10646,discogs_48352,true
mbrainz_7297,discogs_32718,true
mbrainz_6898,discogs_30502,true
mbrainz_6388,discogs_122749,true
mbrainz_22348,discogs_45042,true
mbrainz_19406,discogs_106826,true
mbrainz_7968,discogs_35699,true
mbrainz_19719,discogs_109972,true
mbrainz_7223,discogs_32308,true
mbrainz_19167,discogs_104360,true
mbrainz_23436,discogs_134736,true
mbrainz_7110,discogs_31671,true
mbrainz_4206,discogs_18003,true
mbrainz_19059,discogs_103459,true
mbrainz_3576,discogs_11751,true
mbrainz_3052,discogs_13245,true
mbrainz_11319,discogs_59099,true
mbrainz_18047,discogs_95151,true
mbrainz_21,discogs_53,true
mbrainz_10679,discogs_48532,true
mbrainz_10192,discogs_46008,true
mbrainz_4761,discogs_37515,true
mbrainz_3031,discogs_13137,true
mbrainz_4172,discogs_17874,true
mbrainz_1298,discogs_6173,true
mbrainz_13390,discogs_61793,true
mbrainz_1296,discogs_6158,true
mbrainz_7969,discogs_35700,true
mbrainz_8045,discogs_36104,true
mbrainz_61,discogs_2131,true
mbrainz_20678,discogs_41261,true
mbrainz_2835,discogs_12337,true
mbrainz_3264,discogs_14145,true
mbrainz_2129,discogs_15869,true
mbrainz_2365,discogs_13274,true
mbrainz_2867,discogs_12467,true
mbrainz_20049,discogs_112334,true
mbrainz_3238,discogs_14054,true
mbrainz_4029,discogs_17245,true
mbrainz_8222,discogs_36984,true
mbrainz_659,discogs_3007,true
mbrainz_2250,discogs_64630,true
mbrainz_17559,discogs_90678,true
mbrainz_77,discogs_176,true
mbrainz_2996,discogs_12980,true
mbrainz_13784,discogs_31156,true
mbrainz_10112,discogs_45564,true
mbrainz_9448,discogs_67427,true
mbrainz_4411,discogs_18850,true
mbrainz_2690,discogs_11735,true
mbrainz_15132,discogs_71475,true
mbrainz_899,discogs_1862,true
mbrainz_3600,discogs_15447,true
mbrainz_931,discogs_4345,true
mbrainz_7379,discogs_33118,true
mbrainz_9841,discogs_44271,true
mbrainz_6700,discogs_29466,true
mbrainz_8387,discogs_37754,true
mbrainz_6787,discogs_29881,true
mbrainz_4624,discogs_25011,true
mbrainz_4325,discogs_18484,true
mbrainz_10902,discogs_49699,true
mbrainz_4498,discogs_19183,true
mbrainz_1449,discogs_6995,true
mbrainz_21491,discogs_122117,true
mbrainz_86,discogs_196,true
mbrainz_5630,discogs_24523,true
mbrainz_5900,discogs_25746,true
mbrainz_1107,discogs_5226,true
mbrainz_7791,discogs_34949,true
mbrainz_2404,discogs_59240,true
mbrainz_234,discogs_703,true
mbrainz_4090,discogs_17493,true
mbrainz_7957,discogs_35648,true
mbrainz_20,discogs_46,true
mbrainz_12926,discogs_59399,true
mbrainz_3830,discogs_55025,true
mbrainz_455,discogs_1742,true
mbrainz_1549,discogs_7591,true
mbrainz_2306,discogs_10155,true
mbrainz_5957,discogs_25988,true
mbrainz_5725,discogs_87679,true
mbrainz_2040,discogs_13209,true
mbrainz_33164,discogs_53325,true
mbrainz_2192,discogs_9691,true
mbrainz_4850,discogs_20831,true
mbrainz_149,discogs_332,true
mbrainz_1826,discogs_8430,true
mbrainz_1061,discogs_5063,true
mbrainz_8220,discogs_96377,true
mbrainz_2439,discogs_10662,true
mbrainz_2936,discogs_39215,true
mbrainz_13714,discogs_63546,true
mbrainz_14124,discogs_22430,true
mbrainz_1203,discogs_5681,true
mbrainz_15737,discogs_75543,true
mbrainz_2222,discogs_9336,true
mbrainz_477,discogs_1819,true
mbrainz_3036,discogs_13150,true
mbrainz_16851,discogs_85020,true
mbrainz_535,discogs_2228,true
mbrainz_6390,discogs_28006,true
mbrainz_12193,discogs_55909,true
mbrainz_2373,discogs_10429,true
mbrainz_15834,discogs_76445,true
mbrainz_135,discogs_289,true
mbrainz_41,discogs_101,true
mbrainz_10384,discogs_46909,true
mbrainz_137,discogs_295,true
mbrainz_5478,discogs_23753,true
mbrainz_3933,discogs_16764,true
mbrainz_15423,discogs_73018,true
mbrainz_5364,discogs_23227,true
mbrainz_13149,discogs_60573,true
mbrainz_19025,discogs_103256,true
mbrainz_11890,discogs_54431,true
mbrainz_23194,discogs_133107,true
mbrainz_1957,discogs_8866,true
mbrainz_23393,discogs_134445,true
mbrainz_107,discogs_238,true
mbrainz_972,discogs_4590,true
mbrainz_11156,discogs_50910,true
mbrainz_490,discogs_566,true
mbrainz_14400,discogs_73847,true
mbrainz_5127,discogs_22025,true
mbrainz_33262,discogs_32804,true
mbrainz_3764,discogs_16155,true
mbrainz_8111,discogs_101935,true
mbrainz_39,discogs_99,true
mbrainz_169,discogs_452,true
mbrainz_5002,discogs_21474,true
mbrainz_3359,discogs_14470,true
mbrainz_18350,discogs_93084,true
mbrainz_2383,discogs_12479,true
mbrainz_5110,discogs_21963,true
mbrainz_25255,discogs_127015,true
mbrainz_9373,discogs_42029,true
mbrainz_1617,discogs_7869,true
mbrainz_5666,discogs_24669,true
mbrainz_16361,discogs_81481,true
mbrainz_18330,discogs_96024,true
mbrainz_4376,discogs_18696,true
mbrainz_14267,discogs_66623,true
mbrainz_164,discogs_404,true
mbrainz_5760,discogs_56545,true
mbrainz_1282,discogs_6091,true
mbrainz_4745,discogs_20315,true
mbrainz_11891,discogs_54434,true
mbrainz_5251,discogs_72909,true
mbrainz_7556,discogs_33852,true
mbrainz_5224,discogs_22471,true
mbrainz_1535,discogs_7506,true
mbrainz_29232,discogs_169761,true
mbrainz_8950,discogs_40185,true
mbrainz_1952,discogs_39704,true
mbrainz_1554,discogs_40405,true
mbrainz_15301,discogs_75325,true
mbrainz_10628,discogs_48220,true
mbrainz_21997,discogs_125562,true
mbrainz_15704,discogs_75343,true
mbrainz_9401,discogs_42181,true
mbrainz_22460,discogs_129306,true
mbrainz_1301,discogs_6180,true
mbrainz_17496,discogs_89712,true
mbrainz_10253,discogs_46329,true
mbrainz_12916,discogs_59347,true
mbrainz_17412,discogs_74784,true
mbrainz_89,discogs_201,true
mbrainz_3194,discogs_39862,true
mbrainz_2760,discogs_12055,true
mbrainz_15773,discogs_82061,true
mbrainz_2530,discogs_11055,true
mbrainz_25191,discogs_145276,true
mbrainz_3098,discogs_13472,true
mbrainz_6000,discogs_26161,true
mbrainz_7231,discogs_32364,true
mbrainz_8151,discogs_36677,true
mbrainz_3549,discogs_15272,true
mbrainz_11821,discogs_69253,true
mbrainz_19853,discogs_110986,true
mbrainz_3663,discogs_15702,true
mbrainz_14322,discogs_66948,true
mbrainz_19958,discogs_111265,true
mbrainz_5301,discogs_22859,true
mbrainz_8468,discogs_38120,true
mbrainz_313,discogs_949,true
mbrainz_10866,discogs_70100,true
mbrainz_4595,discogs_19585,true
mbrainz_9167,discogs_41186,true
mbrainz_771,discogs_3569,true
mbrainz_2227,discogs_9819,true
mbrainz_24794,discogs_142929,true
mbrainz_11215,discogs_51158,true
mbrainz_1317,discogs_6296,true
mbrainz_1286,discogs_6112,true
mbrainz_323,discogs_5213,true
mbrainz_11436,discogs_52191,true
mbrainz_11521,discogs_52559,true
mbrainz_11148,discogs_50886,true
mbrainz_5581,discogs_24261,true
mbrainz_557,discogs_2310,true
mbrainz_4340,discogs_18531,true
mbrainz_2342,discogs_10303,true
mbrainz_5639,discogs_24571,true
mbrainz_6370,discogs_27938,true
mbrainz_10321,discogs_46646,true
mbrainz_5229,discogs_22502,true
mbrainz_2393,discogs_48579,true
mbrainz_251,discogs_739,true
mbrainz_8147,discogs_36671,true
mbrainz_80,discogs_186,true
mbrainz_5258,discogs_22639,true
mbrainz_14789,discogs_69543,true
mbrainz_168,discogs_1267,true
mbrainz_16232,discogs_80257,true
mbrainz_18562,discogs_99588,true
mbrainz_3451,discogs_21616,true
mbrainz_14564,discogs_68288,true
mbrainz_2347,discogs_10320,true
mbrainz_4017,discogs_17196,true
mbrainz_15365,discogs_72639,true
mbrainz_7144,discogs_31879,true
mbrainz_17763,discogs_92421,true
mbrainz_68,discogs_149,true
mbrainz_2827,discogs_12299,true
mbrainz_459,discogs_2014,true
mbrainz_2458,discogs_10748,true
mbrainz_2025,discogs_9120,true
mbrainz_11251,discogs_51346,true
mbrainz_112,discogs_26681,true
mbrainz_16113,discogs_85138,true
mbrainz_14511,discogs_67932,true
mbrainz_1220,discogs_5776,true
mbrainz_13102,discogs_60361,true
mbrainz_5040,discogs_21648,true
mbrainz_6432,discogs_28266,true
mbrainz_2650,discogs_42216,true
mbrainz_15220,discogs_71952,true
mbrainz_17860,discogs_93800,true
mbrainz_11790,discogs_90880,true
mbrainz_28213,discogs_46680,true
mbrainz_1695,discogs_8082,true
mbrainz_1054,discogs_5024,true
mbrainz_10116,discogs_45586,true
mbrainz_10128,discogs_45669,true
mbrainz_5463,discogs_23650,true
mbrainz_2532,discogs_47438,true
mbrainz_2477,discogs_10814,true
mbrainz_3113,discogs_13531,true
mbrainz_4543,discogs_19400,true
mbrainz_275,discogs_822,true
mbrainz_2432,discogs_10629,true
mbrainz_7732,discogs_34722,true
mbrainz_4341,discogs_18532,true
mbrainz_2743,discogs_11975,true
mbrainz_13921,discogs_124386,true
mbrainz_4826,discogs_20715,true
mbrainz_14824,discogs_81921,true
mbrainz_12631,discogs_58051,true
mbrainz_10329,discogs_46676,true
mbrainz_18940,discogs_102621,true
mbrainz_2891,discogs_12560,true
mbrainz_5285,discogs_22772,true
mbrainz_814,discogs_3750,true
mbrainz_11775,discogs_71317,true
mbrainz_7857,discogs_37964,true
mbrainz_5280,discogs_22717,true
mbrainz_847,discogs_13180,true
mbrainz_3907,discogs_16686,true
mbrainz_9549,discogs_42939,true
mbrainz_1032,discogs_4911,true
mbrainz_3873,discogs_16570,true
mbrainz_3974,discogs_16985,true
mbrainz_22056,discogs_125965,true
mbrainz_8791,discogs_39513,true
mbrainz_14854,discogs_99347,true
mbrainz_256,discogs_746,true
mbrainz_2398,discogs_10670,true
mbrainz_17072,discogs_56249,true
mbrainz_9360,discogs_41979,true
mbrainz_17891,discogs_30675,true
mbrainz_16858,discogs_85082,true
mbrainz_3454,discogs_14898,true
mbrainz_18561,discogs_99584,true
mbrainz_3784,discogs_16218,true
mbrainz_6,discogs_11,true
mbrainz_5715,discogs_24900,true
mbrainz_2808,discogs_12248,true
mbrainz_11479,discogs_52361,true
mbrainz_1170,discogs_5539,true
mbrainz_1744,discogs_8189,true
mbrainz_129,discogs_273,true
mbrainz_11100,discogs_50603,true
mbrainz_1982,discogs_53759,true
mbrainz_17102,discogs_25843,true
mbrainz_3899,discogs_16649,true
mbrainz_4544,discogs_19405,true
mbrainz_4499,discogs_19184,true
mbrainz_1602,discogs_52626,true
mbrainz_2305,discogs_10144,true
mbrainz_4535,discogs_19357,true
mbrainz_1477,discogs_7165,true
mbrainz_9005,discogs_40459,true
mbrainz_119,discogs_254,true
mbrainz_8542,discogs_40210,true
mbrainz_5776,discogs_25208,true
mbrainz_17012,discogs_86289,true
mbrainz_1867,discogs_36796,true
mbrainz_13847,discogs_64206,true
mbrainz_2115,discogs_9430,true
mbrainz_1807,discogs_8381,true
mbrainz_283,discogs_844,true
mbrainz_1101,discogs_5203,true
mbrainz_3570,discogs_15361,true
mbrainz_25236,discogs_145662,true
mbrainz_252,discogs_742,true
mbrainz_2286,discogs_10032,true
mbrainz_24367,discogs_140357,true
mbrainz_3348,discogs_14447,true
mbrainz_433,discogs_815,true
mbrainz_1502,discogs_7290,true
mbrainz_8024,discogs_35983,true
mbrainz_1792,discogs_8336,true
mbrainz_11813,discogs_54026,true
mbrainz_6637,discogs_29209,true
mbrainz_3759,discogs_16143,true
mbrainz_26644,discogs_153730,true
mbrainz_1456,discogs_7045,true
mbrainz_7899,discogs_88358,true
mbrainz_9235,discogs_41489,true
mbrainz_5361,discogs_23212,true
mbrainz_13790,discogs_64805,true
mbrainz_20198,discogs_87802,true
mbrainz_235,discogs_707,true
mbrainz_1680,discogs_8025,true
mbrainz_7510,discogs_33631,true
mbrainz_12095,discogs_54657,true
mbrainz_1378,discogs_6631,true
mbrainz_3164,discogs_13724,true
mbrainz_3445,discogs_14877,true
mbrainz_10963,discogs_101939,true
mbrainz_5050,discogs_21687,true
mbrainz_10535,discogs_44830,true
mbrainz_5904,discogs_27464,true
mbrainz_348,discogs_1143,true
mbrainz_10924,discogs_49817,true
mbrainz_9767,discogs_43910,true
mbrainz_29631,discogs_75175,true
mbrainz_14733,discogs_69233,true
mbrainz_1332,discogs_6378,true
mbrainz_20291,discogs_113969,true
mbrainz_3503,discogs_17549,true
mbrainz_16261,discogs_80566,true
mbrainz_3820,discogs_16342,true
mbrainz_7088,discogs_31486,true
mbrainz_5926,discogs_25844,true
mbrainz_4104,discogs_17553,true
mbrainz_7066,discogs_31353,true
mbrainz_2302,discogs_10116,true
mbrainz_7217,discogs_32283,true
mbrainz_151,discogs_334,true
mbrainz_3100,discogs_13479,true
mbrainz_18196,discogs_96422,true
mbrainz_3951,discogs_16887,true
mbrainz_17238,discogs_87809,true
mbrainz_2110,discogs_9404,true
mbrainz_6506,discogs_28542,true
mbrainz_23646,discogs_109190,true
mbrainz_14464,discogs_67721,true
mbrainz_7209,discogs_32243,true
mbrainz_2518,discogs_11004,true
mbrainz_1552,discogs_7599,true
mbrainz_8735,discogs_39210,true
mbrainz_23433,discogs_134716,true
mbrainz_7759,discogs_31687,true
mbrainz_10455,discogs_47239,true
mbrainz_14884,discogs_61575,true
mbrainz_57,discogs_129,true
mbrainz_3613,discogs_15505,true
mbrainz_1349,discogs_30299,true
mbrainz_1532,discogs_7480,true
mbrainz_6584,discogs_28931,true
mbrainz_1712,discogs_8192,true
mbrainz_8393,discogs_39238,true
mbrainz_20266,discogs_105015,true
mbrainz_3299,discogs_14260,true
mbrainz_1631,discogs_7901,true
mbrainz_2175,discogs_16219,true
mbrainz_10669,discogs_48471,true
mbrainz_356,discogs_1171,true
mbrainz_14097,discogs_65680,true
mbrainz_12852,discogs_59096,true
mbrainz_14611,discogs_68524,true
mbrainz_736,discogs_3383,true
mbrainz_16794,discogs_84521,true
mbrainz_10376,discogs_65917,true
mbrainz_3435,discogs_14818,true
mbrainz_12766,discogs_58657,true
mbrainz_21004,discogs_118645,true
mbrainz_22,discogs_55,true
mbrainz_15076,discogs_71169,true
mbrainz_1269,discogs_6025,true
mbrainz_18521,discogs_99197,true
mbrainz_11467,discogs_52307,true
mbrainz_1426,discogs_14147,true
mbrainz_5370,discogs_23237,true
mbrainz_3287,discogs_14224,true
mbrainz_4385,discogs_18730,true
mbrainz_16375,discogs_127079,true
mbrainz_24578,discogs_171740,true
mbrainz_7718,discogs_34664,true
mbrainz_10969,discogs_53244,true
mbrainz_11879,discogs_54384,true
mbrainz_21395,discogs_121414,true
mbrainz_11250,discogs_12468,true
mbrainz_128,discogs_269,true
mbrainz_5214,discogs_22437,true
mbrainz_912,discogs_4257,true
mbrainz_6939,discogs_74360,true
mbrainz_25578,discogs_147745,true
mbrainz_18144,discogs_105399,true
mbrainz_14913,discogs_70310,true
mbrainz_3806,discogs_16289,true
mbrainz_11495,discogs_52452,true
mbrainz_7956,discogs_35647,true
mbrainz_12578,discogs_62295,true
mbrainz_2114,discogs_9423,true
mbrainz_606,discogs_2673,true
mbrainz_7534,discogs_33750,true
mbrainz_1,discogs_3,true
mbrainz_341,discogs_1117,true
mbrainz_22222,discogs_21701,true
mbrainz_16225,discogs_80191,true
mbrainz_10244,discogs_46276,true
mbrainz_23,discogs_56,true
mbrainz_5379,discogs_23279,true
mbrainz_9331,discogs_61365,true
mbrainz_21962,discogs_125275,true
mbrainz_11109,discogs_50656,true
mbrainz_5250,discogs_22608,true
mbrainz_2511,discogs_10965,true
mbrainz_869,discogs_4048,true
mbrainz_3594,discogs_15435,true
mbrainz_12359,discogs_95440,true
mbrainz_4812,discogs_20646,true
mbrainz_8422,discogs_13947,true
mbrainz_9138,discogs_41070,true
mbrainz_15067,discogs_71139,true
mbrainz_11487,discogs_52387,true
mbrainz_10909,discogs_49727,true
mbrainz_13239,discogs_68185,true
mbrainz_16776,discogs_84388,true
mbrainz_9318,discogs_41824,true
mbrainz_3286,discogs_14216,true
mbrainz_1835,discogs_8462,true
mbrainz_19987,discogs_111908,true
mbrainz_13697,discogs_63436,true
mbrainz_8055,discogs_61187,true
mbrainz_1576,discogs_7737,true
mbrainz_18137,discogs_93837,true
mbrainz_9083,discogs_40815,true
mbrainz_32686,discogs_49392,true
mbrainz_17820,discogs_94320,true
mbrainz_19832,discogs_110806,true
mbrainz_3089,discogs_13444,true
mbrainz_7772,discogs_34882,true
mbrainz_2704,discogs_11782,true
mbrainz_11884,discogs_82753,true
mbrainz_973,discogs_4591,true
mbrainz_3010,discogs_13050,true
mbrainz_13341,discogs_61516,true
mbrainz_22286,discogs_127439,true
mbrainz_17081,discogs_49624,true
mbrainz_3175,discogs_13772,true
mbrainz_2003,discogs_57615,true
mbrainz_16191,discogs_79952,true
mbrainz_13425,discogs_61972,true
mbrainz_13306,discogs_61343,true
mbrainz_2419,discogs_10575,true
mbrainz_79,discogs_180,true
mbrainz_9997,discogs_44960,true
mbrainz_10944,discogs_61057,true
mbrainz_4105,discogs_17556,true
mbrainz_7462,discogs_33461,true
mbrainz_16197,discogs_79971,true
mbrainz_719,discogs_4074,true
mbrainz_13188,discogs_54754,true
mbrainz_8399,discogs_147648,true
mbrainz_9690,discogs_43583,true
mbrainz_17,discogs_40,true
mbrainz_10115,discogs_45583,true
mbrainz_12656,discogs_58199,true
mbrainz_75,discogs_171,true
mbrainz_12374,discogs_56783,true
mbrainz_3635,discogs_9587,true
mbrainz_2017,discogs_9106,true
mbrainz_1768,discogs_8256,true
mbrainz_3466,discogs_14943,true
mbrainz_6662,discogs_29324,true
mbrainz_2673,discogs_19005,true
mbrainz_100,discogs_228,true
mbrainz_98,discogs_224,true
mbrainz_2719,discogs_11860,true
mbrainz_85,discogs_194,true
mbrainz_48,discogs_116,true
mbrainz_10099,discogs_45502,true
mbrainz_2667,discogs_88266,true
mbrainz_8968,discogs_40271,true
mbrainz_3,discogs_5,true
mbrainz_17474,discogs_89940,true
mbrainz_24546,discogs_141431,true
mbrainz_19317,discogs_105473,true
mbrainz_5717,discogs_53212,true
mbrainz_4700,discogs_20115,true
mbrainz_12354,discogs_56685,true
mbrainz_10580,discogs_47948,true
mbrainz_9807,discogs_44103,true
mbrainz_14020,discogs_65185,true
mbrainz_171,discogs_467,true
mbrainz_2665,discogs_11649,true
mbrainz_12065,discogs_55332,true
mbrainz_11581,discogs_52864,true
mbrainz_8104,discogs_36438,true
mbrainz_7702,discogs_34602,true
mbrainz_8774,discogs_39425,true
mbrainz_3945,discogs_16863,true
mbrainz_5482,discogs_23858,true
mbrainz_4460,discogs_19027,true
mbrainz_208,discogs_638,true
mbrainz_3241,discogs_14064,true
mbrainz_1099,discogs_5199,true
mbrainz_9620,discogs_43244,true
mbrainz_8,discogs_14,true
mbrainz_3539,discogs_15215,true
mbrainz_8237,discogs_37049,true
mbrainz_13347,discogs_61563,true
mbrainz_16566,discogs_82891,true
mbrainz_17408,discogs_89005,true
mbrainz_943,discogs_94774,true
mbrainz_10239,discogs_46246,true
mbrainz_559,discogs_2323,true
mbrainz_6367,discogs_27926,true
mbrainz_7601,discogs_34097,true
mbrainz_12505,discogs_57394,true
mbrainz_26846,discogs_102116,true
mbrainz_3980,discogs_17008,true
mbrainz_15091,discogs_71250,true
mbrainz_1776,discogs_8287,true
mbrainz_5896,discogs_31667,true
mbrainz_4965,discogs_21313,true
mbrainz_15533,discogs_73572,true
mbrainz_3914,discogs_16707,true
mbrainz_11153,discogs_50901,true
mbrainz_11968,discogs_54817,true
mbrainz_20809,discogs_117186,true
mbrainz_2621,discogs_56869,true
mbrainz_2519,discogs_11005,true
mbrainz_4985,discogs_21401,true
mbrainz_6437,discogs_28288,true
mbrainz_12166,discogs_55797,true
mbrainz_4556,discogs_19435,true
mbrainz_896,discogs_4174,true
mbrainz_1352,discogs_6506,true
mbrainz_3142,discogs_13642,true
mbrainz_2952,discogs_12788,true
mbrainz_7764,discogs_34853,true
mbrainz_15274,discogs_72203,true
mbrainz_14200,discogs_66278,true
mbrainz_4034,discogs_17258,true
mbrainz_3165,discogs_13725,true
mbrainz_19268,discogs_81684,true
mbrainz_4012,discogs_17171,true
mbrainz_1718,discogs_8143,true
mbrainz_7581,discogs_33994,true
mbrainz_2117,discogs_9434,true
mbrainz_9159,discogs_41151,true
mbrainz_2384,discogs_66928,true
mbrainz_2610,discogs_48791,true
mbrainz_2641,discogs_11548,true
mbrainz_2139,discogs_9490,true
mbrainz_284,discogs_5903,true
mbrainz_5809,discogs_25343,true
mbrainz_8278,discogs_37256,true
mbrainz_2695,discogs_11750,true
mbrainz_15657,discogs_74984,true
mbrainz_13875,discogs_64358,true
mbrainz_6046,discogs_50740,true
mbrainz_4311,discogs_18445,true
mbrainz_7874,discogs_33982,true
mbrainz_5227,discogs_22493,true
mbrainz_12751,discogs_58589,true
mbrainz_17594,discogs_91030,true
mbrainz_10117,discogs_45593,true
mbrainz_6492,discogs_28502,true
mbrainz_17790,discogs_92232,true
mbrainz_6514,discogs_28579,true
mbrainz_2260,discogs_55956,true
mbrainz_4178,discogs_24602,true
mbrainz_4894,discogs_21012,true
mbrainz_8346,discogs_37577,true
mbrainz_6699,discogs_29465,true
mbrainz_13557,discogs_62678,true
mbrainz_20463,discogs_126580,true
mbrainz_12884,discogs_59209,true
mbrainz_11330,discogs_52833,true
mbrainz_10033,discogs_163750,true
mbrainz_15371,discogs_72675,true
mbrainz_16332,discogs_81242,true
mbrainz_12091,discogs_74167,true
mbrainz_10624,discogs_48213,true
mbrainz_25686,discogs_148237,true
mbrainz_5964,discogs_26010,true
mbrainz_20762,discogs_116843,true
mbrainz_180,discogs_5665,true
mbrainz_4912,discogs_21112,true
mbrainz_12711,discogs_58424,true
mbrainz_2811,discogs_12253,true
mbrainz_3119,discogs_13554,true
mbrainz_671,discogs_3066,true
mbrainz_6188,discogs_99096,true
mbrainz_1017,discogs_4843,true
mbrainz_4771,discogs_20414,true
mbrainz_4005,discogs_17144,true
mbrainz_3650,discogs_15655,true
mbrainz_74,discogs_167,true
mbrainz_1591,discogs_62583,true
mbrainz_16420,discogs_81946,true
mbrainz_16125,discogs_79437,true
mbrainz_1468,discogs_7108,true
mbrainz_8310,discogs_37405,true
mbrainz_2562,discogs_11156,true
mbrainz_1767,discogs_40782,true
mbrainz_23223,discogs_133352,true
mbrainz_9944,discogs_48288,true
mbrainz_210,discogs_878,true
mbrainz_8768,discogs_39404,true
mbrainz_2249,discogs_29716,true
mbrainz_12553,discogs_57648,true
mbrainz_7057,discogs_42238,true
mbrainz_5097,discogs_21903,true
mbrainz_1169,discogs_5533,true
mbrainz_10294,discogs_46498,true
mbrainz_2844,discogs_12374,true
mbrainz_19993,discogs_111970,true
mbrainz_2774,discogs_12093,true
mbrainz_23963,discogs_137768,true
mbrainz_4433,discogs_18931,true
mbrainz_17029,discogs_86363,true
mbrainz_2028,discogs_53175,true
mbrainz_609,discogs_2706,true
mbrainz_14382,discogs_67328,true
mbrainz_487,discogs_1912,true
mbrainz_1627,discogs_7895,true
mbrainz_11847,discogs_54238,true
mbrainz_5766,discogs_1985,true
mbrainz_4615,discogs_19670,true
mbrainz_3139,discogs_13632,true
mbrainz_222,discogs_672,true
mbrainz_8867,discogs_78395,true
mbrainz_339,discogs_1101,true
mbrainz_2922,discogs_12664,true
mbrainz_11272,discogs_79961,true
mbrainz_27,discogs_67,true
mbrainz_11453,discogs_52261,true
mbrainz_29655,discogs_958,true
mbrainz_24467,discogs_140988,true
mbrainz_117,discogs_251,true
mbrainz_13647,discogs_63233,true
mbrainz_16932,discogs_139629,true
mbrainz_19740,discogs_110126,true
mbrainz_2485,discogs_10874,true
mbrainz_3528,discogs_15187,true
mbrainz_1557,discogs_7622,true
mbrainz_22383,discogs_128073,true
mbrainz_1305,discogs_6221,true
mbrainz_1805,discogs_8376,true
mbrainz_870,discogs_4049,true
mbrainz_12072,discogs_55364,true
mbrainz_11696,discogs_53389,true
mbrainz_12051,discogs_55288,true
mbrainz_16465,discogs_82271,true
mbrainz_1260,discogs_5946,true
mbrainz_13866,discogs_64298,true
mbrainz_166,discogs_439,true
mbrainz_11548,discogs_52679,true
mbrainz_9696,discogs_716,true
mbrainz_2033,discogs_12183,true
mbrainz_26856,discogs_155054,true
mbrainz_9004,discogs_118160,true
mbrainz_27523,discogs_44829,true
mbrainz_106,discogs_237,true
mbrainz_25221,discogs_145421,true
mbrainz_9794,discogs_44035,true
mbrainz_4679,discogs_28954,true
mbrainz_7040,discogs_31230,true
mbrainz_15627,discogs_98809,true
mbrainz_27949,discogs_107440,true
mbrainz_30098,discogs_113151,true
mbrainz_919,discogs_4302,true
mbrainz_3836,discogs_25548,true
mbrainz_23581,discogs_133027,true
mbrainz_4644,discogs_19822,true
mbrainz_7475,discogs_33517,true
mbrainz_9447,discogs_110,true
mbrainz_11424,discogs_64985,true
mbrainz_6826,discogs_30086,true
mbrainz_28045,discogs_89622,true
mbrainz_16168,discogs_79799,true
mbrainz_3718,discogs_15955,true
mbrainz_4919,discogs_21136,true
mbrainz_1825,discogs_9740,true
mbrainz_20479,discogs_164916,true
mbrainz_13319,discogs_81433,true
mbrainz_4533,discogs_19339,true
mbrainz_352,discogs_1155,true
mbrainz_13135,discogs_60490,true
mbrainz_5380,discogs_24673,true
mbrainz_250,discogs_737,true
mbrainz_2778,discogs_12109,true
mbrainz_2453,discogs_10728,true
mbrainz_25038,discogs_14956,true
mbrainz_9771,discogs_43952,true
mbrainz_2186,discogs_9665,true
mbrainz_3442,discogs_14847,true
mbrainz_12949,discogs_59558,true
mbrainz_6578,discogs_28918,true
mbrainz_7753,discogs_34803,true
mbrainz_14648,discogs_68724,true
mbrainz_801,discogs_3712,true
mbrainz_2542,discogs_11105,true
mbrainz_8502,discogs_38232,true
mbrainz_1897,discogs_24835,true
mbrainz_28981,discogs_144090,true
mbrainz_19967,discogs_111787,true
mbrainz_17739,discogs_92195,true
mbrainz_14341,discogs_67084,true
mbrainz_18250,discogs_96952,true
mbrainz_11015,discogs_50248,true
mbrainz_2050,discogs_9237,true
mbrainz_378,discogs_1266,true
mbrainz_6226,discogs_87133,true
mbrainz_2902,discogs_12592,true
mbrainz_260,discogs_757,true
mbrainz_1074,discogs_5112,true
mbrainz_15213,discogs_71930,true
mbrainz_8339,discogs_37547,true
mbrainz_194,discogs_571,true
mbrainz_17701,discogs_91863,true
mbrainz_4667,discogs_19936,true
mbrainz_20209,discogs_113442,true
mbrainz_22938,discogs_131603,true
mbrainz_2945,discogs_12758,true
mbrainz_6689,discogs_30104,true
mbrainz_4297,discogs_18384,true
mbrainz_16280,discogs_80693,true
mbrainz_20199,discogs_113382,true
mbrainz_1462,discogs_7077,true
mbrainz_318,discogs_1024,true
mbrainz_8197,discogs_36875,true
mbrainz_15831,discogs_76407,true
mbrainz_8627,discogs_38713,true
mbrainz_1845,discogs_8484,true
mbrainz_2323,discogs_10230,true
mbrainz_15154,discogs_71595,true
mbrainz_4225,discogs_140388,true
mbrainz_2335,discogs_23073,true
mbrainz_7049,discogs_31285,true
mbrainz_4027,discogs_21242,true
mbrainz_6044,discogs_26343,true
mbrainz_1907,discogs_8694,true
mbrainz_1412,discogs_6787,true
mbrainz_3743,discogs_16062,true
mbrainz_3770,discogs_16168,true
mbrainz_532,discogs_2200,true
mbrainz_8643,discogs_104481,true
mbrainz_18311,discogs_437,true
mbrainz_354,discogs_1163,true
mbrainz_4173,discogs_17875,true
mbrainz_3628,discogs_47247,true
mbrainz_19757,discogs_110222,true
mbrainz_3030,discogs_22711,true
mbrainz_1883,discogs_8627,true
mbrainz_705,discogs_3224,true
mbrainz_6117,discogs_88029,true
mbrainz_31064,discogs_184703,true
mbrainz_16484,discogs_82440,true
mbrainz_13441,discogs_62036,true
mbrainz_7844,discogs_35167,true
mbrainz_14934,discogs_70395,true
mbrainz_17402,discogs_77748,true
mbrainz_30115,discogs_58532,true
mbrainz_56,discogs_128,true
mbrainz_25517,discogs_16813,true
mbrainz_5532,discogs_8077,true
mbrainz_9789,discogs_44022,true
mbrainz_2984,discogs_12917,true
mbrainz_7191,discogs_32148,true
mbrainz_1483,discogs_7187,true
mbrainz_498,discogs_1997,true
mbrainz_139,discogs_307,true
mbrainz_3504,discogs_15084,true
mbrainz_6602,discogs_28995,true
mbrainz_175,discogs_473,true
mbrainz_14428,discogs_76631,true
mbrainz_14610,discogs_68523,true
mbrainz_24150,discogs_139002,true
mbrainz_1340,discogs_6422,true
mbrainz_19023,discogs_103775,true
mbrainz_1096,discogs_5178,true
mbrainz_14657,discogs_71066,true
mbrainz_18840,discogs_101845,true
mbrainz_7095,discogs_84933,true
mbrainz_9069,discogs_40761,true
mbrainz_13861,discogs_64274,true
mbrainz_2664,discogs_11646,true
mbrainz_5053,discogs_21695,true
mbrainz_431,discogs_3513,true
mbrainz_1046,discogs_4994,true
mbrainz_1713,discogs_23845,true
mbrainz_7,discogs_13,true
mbrainz_4571,discogs_19470,true
mbrainz_7703,discogs_34606,true
mbrainz_17930,discogs_94314,true
mbrainz_3677,discogs_138430,true
mbrainz_6620,discogs_29084,true
mbrainz_6966,discogs_30890,true
mbrainz_11488,discogs_641,true
mbrainz_219,discogs_663,true
mbrainz_302,discogs_906,true
mbrainz_704,discogs_3223,true
mbrainz_1762,discogs_18570,true
mbrainz_16073,discogs_23429,true
mbrainz_2067,discogs_10403,true
mbrainz_15351,discogs_97319,true
mbrainz_16293,discogs_55215,true
mbrainz_3732,discogs_16001,true
mbrainz_13255,discogs_63685,true
mbrainz_6549,discogs_28753,true
mbrainz_10221,discogs_22465,true
mbrainz_7787,discogs_34940,true
mbrainz_12282,discogs_56309,true
mbrainz_19485,discogs_90566,true
mbrainz_18833,discogs_103481,true
mbrainz_2256,discogs_9923,true
mbrainz_11785,discogs_53859,true
mbrainz_22205,discogs_126946,true
mbrainz_130,discogs_275,true
mbrainz_1689,discogs_10378,true
mbrainz_3389,discogs_14629,true
mbrainz_8173,discogs_140313,true
mbrainz_1634,discogs_7906,true
mbrainz_2516,discogs_11001,true
mbrainz_3547,discogs_15269,true
mbrainz_92,discogs_209,true
mbrainz_7167,discogs_32003,true
mbrainz_13101,discogs_60359,true
mbrainz_9996,discogs_44959,true
mbrainz_4480,discogs_19104,true
mbrainz_2948,discogs_12763,true
mbrainz_1418,discogs_6814,true
mbrainz_8646,discogs_38786,true
mbrainz_14150,discogs_66005,true
mbrainz_7047,discogs_31270,true
mbrainz_20636,discogs_116118,true
mbrainz_11556,discogs_52743,true
mbrainz_2158,discogs_9576,true
mbrainz_3701,discogs_24929,true
mbrainz_11620,discogs_53040,true
mbrainz_1916,discogs_8727,true
mbrainz_5188,discogs_22352,true
mbrainz_25231,discogs_145482,true
mbrainz_5321,discogs_23005,true
mbrainz_16358,discogs_81439,true
mbrainz_5000,discogs_21468,true
mbrainz_6693,discogs_29443,true
mbrainz_2162,discogs_9591,true
mbrainz_2638,discogs_11536,true
mbrainz_3992,discogs_17064,true
mbrainz_7097,discogs_31569,true
mbrainz_1496,discogs_7248,true
mbrainz_1731,discogs_8159,true
mbrainz_429,discogs_8593,true
mbrainz_3374,discogs_14558,true
mbrainz_7643,discogs_34272,true
mbrainz_1593,discogs_7818,true
mbrainz_11263,discogs_51414,true
mbrainz_1469,discogs_7110,true
mbrainz_13586,discogs_126258,true
mbrainz_7032,discogs_31187,true
mbrainz_20563,discogs_115587,true
mbrainz_565,discogs_2370,true
mbrainz_5511,discogs_23943,true
mbrainz_136,discogs_290,true
mbrainz_5315,discogs_22963,true
mbrainz_18750,discogs_101139,true
mbrainz_2924,discogs_13214,true
mbrainz_15781,discogs_75992,true
mbrainz_13703,discogs_63470,true
mbrainz_16723,discogs_84000,true
mbrainz_16161,discogs_79720,true
mbrainz_10055,discogs_75959,true
mbrainz_114,discogs_246,true
mbrainz_6359,discogs_27894,true
mbrainz_1497,discogs_7249,true
mbrainz_6539,discogs_28713,true
mbrainz_4977,discogs_21354,true
mbrainz_359,discogs_1183,true
mbrainz_2836,discogs_12343,true
mbrainz_22914,discogs_131400,true
mbrainz_2558,discogs_11149,true
mbrainz_2620,discogs_11441,true
mbrainz_18402,discogs_98068,true
mbrainz_4296,discogs_18378,true
mbrainz_16257,discogs_80516,true
mbrainz_2668,discogs_11655,true
mbrainz_7953,discogs_35628,true
mbrainz_9299,discogs_41750,true
mbrainz_1103,discogs_14928,true
mbrainz_3841,discogs_7627,true
mbrainz_2488,discogs_25451,true
mbrainz_17729,discogs_92114,true
mbrainz_12956,discogs_59594,true
mbrainz_910,discogs_4255,true
mbrainz_15472,discogs_73257,true
mbrainz_526,discogs_13104,true
mbrainz_96,discogs_219,true
mbrainz_18861,discogs_103759,true
mbrainz_22176,discogs_126816,true
mbrainz_15438,discogs_54009,true
mbrainz_8566,discogs_38471,true
mbrainz_11928,discogs_54631,true
mbrainz_1589,discogs_7803,true
mbrainz_7854,discogs_96053,true
mbrainz_12914,discogs_59342,true
mbrainz_9048,discogs_40655,true
mbrainz_4435,discogs_35792,true
mbrainz_502,discogs_2064,true
mbrainz_22405,discogs_128206,true
mbrainz_495,discogs_1992,true
mbrainz_2503,discogs_18360,true
mbrainz_1899,discogs_91642,true
mbrainz_195,discogs_572,true
mbrainz_11431,discogs_56286,true
mbrainz_4110,discogs_17565,true
mbrainz_11308,discogs_51575,true
mbrainz_2272,discogs_18677,true
mbrainz_18289,discogs_86704,true
mbrainz_72,discogs_161,true
mbrainz_13231,discogs_60914,true
mbrainz_4662,discogs_19909,true
mbrainz_7895,discogs_35375,true
mbrainz_7275,discogs_32612,true
mbrainz_13464,discogs_62127,true
mbrainz_3489,discogs_15040,true
mbrainz_853,discogs_3949,true
mbrainz_9411,discogs_57509,true
mbrainz_6805,discogs_29986,true
mbrainz_10043,discogs_45729,true
mbrainz_12,discogs_26,true
mbrainz_4758,discogs_20352,true
mbrainz_15506,discogs_73409,true
mbrainz_6210,discogs_32938,true
mbrainz_8820,discogs_39628,true
mbrainz_3192,discogs_18981,true
mbrainz_14600,discogs_68472,true
mbrainz_2685,discogs_11721,true
mbrainz_6157,discogs_26898,true
mbrainz_6179,discogs_27016,true
mbrainz_1283,discogs_6584,true
mbrainz_2127,discogs_9463,true
mbrainz_3694,discogs_15857,true
mbrainz_6502,discogs_28536,true
mbrainz_23919,discogs_137475,true
mbrainz_873,discogs_11936,true
mbrainz_634,discogs_198,true
mbrainz_21152,discogs_125883,true
mbrainz_4854,discogs_20842,true
mbrainz_14029,discogs_65240,true
mbrainz_2056,discogs_9259,true
mbrainz_94,discogs_212,true
mbrainz_255,discogs_745,true
mbrainz_1474,discogs_7159,true
mbrainz_16389,discogs_81699,true
mbrainz_15000,discogs_70724,true
mbrainz_18332,discogs_97566,true
mbrainz_6925,discogs_30685,true
mbrainz_22194,discogs_147592,true
mbrainz_49,discogs_117,true
mbrainz_2229,discogs_25246,true
mbrainz_1058,discogs_5043,true
mbrainz_4141,discogs_17716,true
mbrainz_5596,discogs_24349,true
mbrainz_15916,discogs_81220,true
mbrainz_3326,discogs_14344,true
mbrainz_19901,discogs_111272,true
mbrainz_20052,discogs_112354,true
mbrainz_4363,discogs_18641,true
mbrainz_2871,discogs_12475,true
mbrainz_5431,discogs_23515,true
mbrainz_8711,discogs_45539,true
mbrainz_22894,discogs_131279,true
mbrainz_2950,discogs_12768,true
mbrainz_1082,discogs_5126,true
mbrainz_239,discogs_715,true
mbrainz_2116,discogs_9433,true
mbrainz_43,discogs_106,true
mbrainz_2863,discogs_18491,true
mbrainz_24470,discogs_130396,true
mbrainz_1510,discogs_7326,true
mbrainz_9340,discogs_41895,true
mbrainz_14605,discogs_68513,true
mbrainz_1331,discogs_6374,true
mbrainz_1764,discogs_8246,true
mbrainz_5054,discogs_21696,true
mbrainz_478,discogs_1825,true
mbrainz_9945,discogs_44751,true
mbrainz_9334,discogs_41876,true
mbrainz_17696,discogs_91849,true
mbrainz_22781,discogs_130395,true
mbrainz_2155,discogs_9559,true
mbrainz_15855,discogs_96293,true
mbrainz_7383,discogs_62046,true
mbrainz_9287,discogs_41687,true
mbrainz_1674,discogs_19246,true
mbrainz_2359,discogs_10363,true
mbrainz_10901,discogs_49694,true
mbrainz_15910,discogs_76960,true
mbrainz_2408,discogs_10546,true
mbrainz_588,discogs_2551,true
mbrainz_11577,discogs_52846,true
mbrainz_9749,discogs_43839,true
mbrainz_12219,discogs_56010,true
mbrainz_1887,discogs_8631,true
mbrainz_1859,discogs_8552,true
mbrainz_15889,discogs_76812,true
mbrainz_8160,discogs_38589,true
mbrainz_199,discogs_8614,true
mbrainz_2457,discogs_131531,true
mbrainz_1559,discogs_7638,true
mbrainz_17355,discogs_88634,true
mbrainz_21750,discogs_123686,true
mbrainz_6068,discogs_26467,true
mbrainz_15835,discogs_76446,true
mbrainz_42,discogs_104,true
mbrainz_12092,discogs_55478,true
mbrainz_3318,discogs_14315,true
mbrainz_288,discogs_872,true
mbrainz_337,discogs_1096,true
mbrainz_8708,discogs_39084,true
mbrainz_5516,discogs_80426,true
mbrainz_1737,discogs_8171,true
mbrainz_364,discogs_1204,true
mbrainz_20913,discogs_118153,true
mbrainz_9583,discogs_43099,true
mbrainz_13330,discogs_61465,true
mbrainz_4361,discogs_60883,true
mbrainz_3396,discogs_38610,true
mbrainz_22735,discogs_130166,true
mbrainz_5829,discogs_34968,true
mbrainz_12979,discogs_59677,true
mbrainz_15083,discogs_71200,true
mbrainz_22767,discogs_130299,true
mbrainz_708,discogs_3235,true
mbrainz_10658,discogs_48428,true
mbrainz_15093,discogs_71264,true
mbrainz_6122,discogs_26684,true
mbrainz_3269,discogs_14153,true
mbrainz_14814,discogs_69682,true
mbrainz_3721,discogs_15964,true
mbrainz_17928,discogs_94305,true
mbrainz_11888,discogs_54411,true
mbrainz_3655,discogs_18675,true
mbrainz_1608,discogs_7849,true
mbrainz_9467,discogs_42500,true
mbrainz_11815,discogs_54053,true
mbrainz_11554,discogs_52738,true
mbrainz_15003,discogs_78685,true
mbrainz_15808,discogs_76217,true
mbrainz_10965,discogs_49996,true
mbrainz_82,discogs_189,true
mbrainz_610,discogs_2712,true
mbrainz_14922,discogs_70343,true
mbrainz_26518,discogs_152985,true
mbrainz_4137,discogs_61835,true
mbrainz_11603,discogs_52957,true
mbrainz_1732,discogs_55825,true
mbrainz_76,discogs_173,true
mbrainz_1466,discogs_7103,true
mbrainz_5662,discogs_24658,true
mbrainz_83,discogs_192,true
mbrainz_13383,discogs_61761,true
mbrainz_3735,discogs_21264,true
mbrainz_23850,discogs_137138,true
mbrainz_14060,discogs_65424,true
mbrainz_10121,discogs_45604,true
mbrainz_7048,discogs_31284,true
mbrainz_4608,discogs_19634,true
mbrainz_1704,discogs_8109,true
mbrainz_2101,discogs_9383,true
mbrainz_3860,discogs_16530,true
mbrainz_8612,discogs_38645,true
mbrainz_1034,discogs_4916,true
mbrainz_9095,discogs_42649,true
mbrainz_3402,discogs_14688,true
mbrainz_10025,discogs_45096,true
mbrainz_13028,discogs_60006,true
mbrainz_745,discogs_3431,true
mbrainz_18639,discogs_100122,true
mbrainz_2916,discogs_12636,true
mbrainz_174,discogs_472,true
mbrainz_6341,discogs_39621,true
mbrainz_21635,discogs_106482,true
mbrainz_26570,discogs_153301,true
mbrainz_1588,discogs_7799,true
mbrainz_14952,discogs_70520,true
mbrainz_13155,discogs_60601,true
mbrainz_15843,discogs_76481,true
mbrainz_141,discogs_312,true
mbrainz_2341,discogs_10302,true
mbrainz_489,discogs_1920,true
mbrainz_18615,discogs_99936,true
mbrainz_14076,discogs_65548,true
mbrainz_16569,discogs_64058,true
mbrainz_9927,discogs_44692,true
mbrainz_1928,discogs_8770,true
mbrainz_9243,discogs_41520,true
mbrainz_22568,discogs_129285,true
mbrainz_5988,discogs_80778,true
mbrainz_7996,discogs_35873,true
mbrainz_16855,discogs_86123,true
mbrainz_52,discogs_124,true
mbrainz_14593,discogs_68442,true
mbrainz_6459,discogs_28351,true
mbrainz_14320,discogs_66932,true
mbrainz_16682,discogs_83660,true
mbrainz_9406,discogs_42210,true
mbrainz_1783,discogs_8312,true
mbrainz_2738,discogs_11928,true
mbrainz_30,discogs_74,true
mbrainz_10254,discogs_46339,true
mbrainz_6150,discogs_26866,true
mbrainz_6717,discogs_29552,true
mbrainz_16268,discogs_80608,true
mbrainz_37,discogs_96,true
mbrainz_4245,discogs_55624,true
mbrainz_6760,discogs_29752,true
mbrainz_14145,discogs_65945,true
mbrainz_159,discogs_375,true
mbrainz_8285,discogs_37290,true
mbrainz_3278,discogs_14188,true
mbrainz_3579,discogs_15395,true
mbrainz_2899,discogs_12585,true
mbrainz_17520,discogs_103623,true
mbrainz_383,discogs_7782,true
mbrainz_10035,discogs_45151,true
mbrainz_691,discogs_3141,true
mbrainz_15331,discogs_72469,true
mbrainz_934,discogs_4380,true
mbrainz_1562,discogs_7648,true
mbrainz_1230,discogs_5803,true
mbrainz_299,discogs_900,true
mbrainz_9576,discogs_43081,true
mbrainz_10949,discogs_49911,true
mbrainz_16252,discogs_80450,true
mbrainz_3328,discogs_14347,true
mbrainz_11304,discogs_104463,true
mbrainz_21318,discogs_120886,true
mbrainz_6490,discogs_28486,true
mbrainz_23678,discogs_136157,true
mbrainz_8816,discogs_43200,true
mbrainz_12422,discogs_57010,true
mbrainz_7942,discogs_35594,true
mbrainz_3271,discogs_14160,true
mbrainz_17640,discogs_91401,true
mbrainz_66,discogs_146,true
mbrainz_8645,discogs_38783,true
mbrainz_32464,discogs_109421,true
mbrainz_13945,discogs_69335,true
mbrainz_1399,discogs_6744,true
mbrainz_5751,discogs_25057,true
mbrainz_6153,discogs_26877,true
mbrainz_11803,discogs_53955,true
mbrainz_13270,discogs_17266,true
mbrainz_5404,discogs_23384,true
mbrainz_8555,discogs_39828,true
mbrainz_1912,discogs_58927,true
mbrainz_2011,discogs_46253,true
mbrainz_9117,discogs_40979,true
mbrainz_6924,discogs_30919,true
mbrainz_16595,discogs_83113,true
mbrainz_6033,discogs_26287,true
mbrainz_1059,discogs_5060,true
mbrainz_3748,discogs_60210,true
mbrainz_3418,discogs_58942,true
mbrainz_5346,discogs_23132,true
mbrainz_11234,discogs_51257,true
mbrainz_16881,discogs_85320,true
mbrainz_23664,discogs_136064,true
mbrainz_2366,discogs_10399,true
mbrainz_19991,discogs_111963,true
mbrainz_6703,discogs_29477,true
mbrainz_5424,discogs_23476,true
mbrainz_4564,discogs_19454,true
mbrainz_3014,discogs_13071,true
mbrainz_25608,discogs_147918,true
mbrainz_7903,discogs_78472,true
mbrainz_1509,discogs_7324,true
mbrainz_14360,discogs_67243,true
mbrainz_13162,discogs_73697,true
mbrainz_17217,discogs_87651,true
mbrainz_20866,discogs_117614,true
mbrainz_7470,discogs_33498,true
mbrainz_4804,discogs_20607,true
mbrainz_12500,discogs_57381,true
mbrainz_18926,discogs_16131,true
mbrainz_231,discogs_60082,true
mbrainz_6892,discogs_94054,true
mbrainz_15012,discogs_75235,true
mbrainz_300,discogs_904,true
mbrainz_15482,discogs_73305,true
mbrainz_6571,discogs_28888,true
mbrainz_11450,discogs_52242,true
mbrainz_14576,discogs_68345,true
mbrainz_3664,discogs_46469,true
mbrainz_25151,discogs_79405,true
mbrainz_19630,discogs_108535,true
mbrainz_20494,discogs_125216,true
mbrainz_24408,discogs_137715,true
mbrainz_3565,discogs_15337,true
mbrainz_8423,discogs_37915,true
mbrainz_13374,discogs_61721,true
mbrainz_2337,discogs_37920,true
mbrainz_8738,discogs_39224,true
mbrainz_131,discogs_276,true
mbrainz_6307,discogs_27639,true
mbrainz_2096,discogs_9368,true
mbrainz_145,discogs_318,true
mbrainz_1156,discogs_5444,true
mbrainz_6168,discogs_26967,true
mbrainz_625,discogs_6266,true
mbrainz_25550,discogs_148267,true
mbrainz_176,discogs_482,true
mbrainz_4581,discogs_19535,true
mbrainz_279,discogs_830,true
mbrainz_3562,discogs_15323,true
mbrainz_1806,discogs_8377,true
mbrainz_2091,discogs_9350,true
mbrainz_7393,discogs_33178,true
mbrainz_13863,discogs_65120,true
mbrainz_7649,discogs_34322,true
mbrainz_9473,discogs_65556,true
mbrainz_13860,discogs_83767,true
mbrainz_471,discogs_1804,true
mbrainz_160,discogs_388,true
mbrainz_7736,discogs_34731,true
mbrainz_2296,discogs_10086,true
mbrainz_13272,discogs_61141,true
mbrainz_7247,discogs_26742,true
mbrainz_19105,discogs_103809,true
mbrainz_14856,discogs_108821,true
mbrainz_12847,discogs_59074,true
mbrainz_1092,discogs_21545,true
mbrainz_9537,discogs_42877,true
mbrainz_6651,discogs_70460,true
mbrainz_23937,discogs_137598,true
mbrainz_15126,discogs_71458,true
mbrainz_10689,discogs_48589,true
mbrainz_10819,discogs_49302,true
mbrainz_14213,discogs_66349,true
mbrainz_667,discogs_3058,true
mbrainz_3838,discogs_16437,true
mbrainz_3397,discogs_14673,true
mbrainz_11212,discogs_164809,true
mbrainz_1725,discogs_8151,true
mbrainz_33634,discogs_74446,true
mbrainz_3895,discogs_16634,true
mbrainz_6546,discogs_28749,true
mbrainz_9998,discogs_44967,true
mbrainz_593,discogs_2600,true
mbrainz_1721,discogs_8146,true
mbrainz_3115,discogs_13543,true
mbrainz_6735,discogs_29634,true
mbrainz_20300,discogs_74382,true
mbrainz_706,discogs_7277,true
mbrainz_9508,discogs_42713,true
mbrainz_8120,discogs_45107,true
mbrainz_4126,discogs_17656,true
mbrainz_10496,discogs_72395,true
mbrainz_3734,discogs_17149,true
mbrainz_9063,discogs_40742,true
mbrainz_2428,discogs_10599,true
mbrainz_10374,discogs_46874,true
mbrainz_21876,discogs_118392,true
mbrainz_427,discogs_23576,true
mbrainz_14081,discogs_65139,true
mbrainz_14091,discogs_65649,true
mbrainz_12215,discogs_55980,true
mbrainz_16037,discogs_78499,true
mbrainz_3369,discogs_14532,true
mbrainz_11882,discogs_54393,true
mbrainz_10961,discogs_49987,true
mbrainz_3423,discogs_14779,true
mbrainz_2319,discogs_78410,true
mbrainz_2674,discogs_11676,true
mbrainz_2696,discogs_11753,true
mbrainz_24155,discogs_137917,true
mbrainz_3548,discogs_33793,true
mbrainz_583,discogs_2529,true
mbrainz_261,discogs_759,true
mbrainz_1422,discogs_6835,true
mbrainz_1640,discogs_68375,true
mbrainz_7386,discogs_33142,true
mbrainz_28141,discogs_163380,true
mbrainz_3406,discogs_36551,true
mbrainz_2199,discogs_9712,true
mbrainz_6828,discogs_30089,true
mbrainz_25278,discogs_145792,true
mbrainz_8338,discogs_60840,true
mbrainz_6621,discogs_73796,true
mbrainz_516,discogs_18500,true
mbrainz_373,discogs_284,true
mbrainz_7738,discogs_34736,true
mbrainz_6947,discogs_55629,true
mbrainz_2030,discogs_9153,true
mbrainz_12446,discogs_57138,true
mbrainz_4392,discogs_18765,true
mbrainz_21610,discogs_122873,true
mbrainz_11022,discogs_75939,true
mbrainz_23552,discogs_135494,true
mbrainz_7486,discogs_33551,true
mbrainz_24459,discogs_140955,true
mbrainz_4940,discogs_107536,true
mbrainz_4999,discogs_54711,true
mbrainz_1163,discogs_5473,true
mbrainz_2701,discogs_23011,true
mbrainz_7068,discogs_31365,true
mbrainz_13645,discogs_118650,true
mbrainz_17326,discogs_22964,true
mbrainz_505,discogs_2074,true
mbrainz_4675,discogs_22388,true
mbrainz_17113,discogs_86931,true
mbrainz_2389,discogs_10480,true
mbrainz_3809,discogs_16308,true
mbrainz_3727,discogs_15986,true
mbrainz_6631,discogs_29172,true
mbrainz_2857,discogs_12432,true
mbrainz_8345,discogs_37576,true
mbrainz_835,discogs_9052,true
mbrainz_5846,discogs_25523,true
mbrainz_26005,discogs_150079,true
mbrainz_481,discogs_13356,true
mbrainz_10000,discogs_44975,true
mbrainz_22480,discogs_128699,true
mbrainz_21036,discogs_118956,true
mbrainz_9089,discogs_40842,true
mbrainz_16029,discogs_78451,true
mbrainz_1715,discogs_8132,true
mbrainz_2298,discogs_46539,true
mbrainz_16320,discogs_81191,true
mbrainz_5998,discogs_26153,true
mbrainz_334,discogs_1088,true
mbrainz_1300,discogs_6178,true
mbrainz_172,discogs_468,true
mbrainz_26063,discogs_150400,true
mbrainz_2807,discogs_12243,true
mbrainz_350,discogs_1150,true
mbrainz_10780,discogs_49037,true
mbrainz_10999,discogs_50164,true
mbrainz_18682,discogs_101710,true
mbrainz_15623,discogs_74132,true
mbrainz_2591,discogs_11986,true
mbrainz_1918,discogs_8739,true
mbrainz_16334,discogs_81247,true
mbrainz_5609,discogs_24393,true
mbrainz_2047,discogs_9225,true
mbrainz_10613,discogs_48169,true
mbrainz_7687,discogs_34540,true
mbrainz_20280,discogs_114666,true
mbrainz_2,discogs_4,true
mbrainz_2822,discogs_12287,true
mbrainz_10140,discogs_45737,true
mbrainz_3774,discogs_16174,true
mbrainz_9140,discogs_41077,true
mbrainz_1124,discogs_5287,true
mbrainz_16376,discogs_81604,true
mbrainz_5801,discogs_25297,true
mbrainz_278,discogs_1362,true
mbrainz_4846,discogs_20810,true
mbrainz_1196,discogs_5652,true
mbrainz_21003,discogs_118639,true
mbrainz_8260,discogs_37168,true
mbrainz_4250,discogs_18145,true
mbrainz_21861,discogs_124598,true
mbrainz_26,discogs_65,true
mbrainz_469,discogs_1799,true
mbrainz_21374,discogs_137361,true
mbrainz_9457,discogs_67950,true
mbrainz_14306,discogs_137806,true
mbrainz_669,discogs_3063,true
mbrainz_4592,discogs_19561,true
mbrainz_15933,discogs_77067,true
mbrainz_268,discogs_784,true
mbrainz_9660,discogs_43420,true
mbrainz_5773,discogs_26162,true
mbrainz_4266,discogs_18235,true
mbrainz_2035,discogs_12233,true
mbrainz_11412,discogs_52092,true
mbrainz_6119,discogs_26679,true
mbrainz_15209,discogs_71900,true
mbrainz_11389,discogs_51958,true
mbrainz_14413,discogs_67463,true
mbrainz_10773,discogs_48997,true
mbrainz_8680,discogs_38956,true
mbrainz_8350,discogs_37589,true
mbrainz_1447,discogs_6984,true
mbrainz_2937,discogs_12732,true
mbrainz_8540,discogs_38380,true
mbrainz_7063,discogs_31349,true
mbrainz_1993,discogs_9006,true
mbrainz_2549,discogs_11120,true
mbrainz_8320,discogs_55396,true
mbrainz_694,discogs_19472,true
mbrainz_10302,discogs_46536,true
mbrainz_11491,discogs_42487,true
mbrainz_20244,discogs_113637,true
mbrainz_25098,discogs_148039,true
mbrainz_22710,discogs_130010,true
mbrainz_17985,discogs_94661,true
mbrainz_576,discogs_26640,true
mbrainz_3829,discogs_38838,true
mbrainz_839,discogs_3868,true
mbrainz_18893,discogs_103586,true
mbrainz_1884,discogs_8628,true
mbrainz_8427,discogs_37934,true
mbrainz_30401,discogs_22008,true
mbrainz_4107,discogs_28198,true
mbrainz_6734,discogs_30598,true
mbrainz_6562,discogs_28807,true
mbrainz_3601,discogs_45839,true
mbrainz_2593,discogs_11311,true
mbrainz_8453,discogs_38023,true
mbrainz_375,discogs_1257,true
mbrainz_13786,discogs_63403,true
mbrainz_914,discogs_4265,true
mbrainz_4253,discogs_46352,true
mbrainz_298,discogs_899,true
mbrainz_4743,discogs_41863,true
mbrainz_13146,discogs_60547,true
mbrainz_1129,discogs_14060,true
mbrainz_6140,discogs_26815,true
mbrainz_1994,discogs_9011,true
mbrainz_9443,discogs_42401,true
mbrainz_11961,discogs_54789,true
mbrainz_14737,discogs_69244,true
mbrainz_17890,discogs_94874,true
mbrainz_8861,discogs_41614,true
mbrainz_11466,discogs_64063,true
mbrainz_2422,discogs_10583,true
mbrainz_1135,discogs_26571,true
mbrainz_14452,discogs_67634,true
mbrainz_6491,discogs_28487,true
mbrainz_663,discogs_3732,true
mbrainz_9033,discogs_40584,true
mbrainz_1157,discogs_6950,true
mbrainz_305,discogs_936,true
mbrainz_1366,discogs_6561,true
mbrainz_22031,discogs_126743,true
mbrainz_26946,discogs_92848,true
mbrainz_1683,discogs_8043,true
mbrainz_1337,discogs_6414,true
mbrainz_1812,discogs_8390,true
mbrainz_2961,discogs_12813,true
mbrainz_2482,discogs_10850,true
mbrainz_15500,discogs_78055,true
mbrainz_1408,discogs_6766,true
mbrainz_10450,discogs_65374,true
mbrainz_6318,discogs_27696,true
mbrainz_10778,discogs_49032,true
mbrainz_9848,discogs_44313,true
mbrainz_1128,discogs_5302,true
mbrainz_9017,discogs_40516,true
mbrainz_4786,discogs_20479,true
mbrainz_18827,discogs_93166,true
mbrainz_1265,discogs_5987,true
mbrainz_9908,discogs_44619,true
mbrainz_14136,discogs_65898,true
mbrainz_3630,discogs_15573,true
mbrainz_23870,discogs_106146,true
mbrainz_3644,discogs_15638,true
mbrainz_3092,discogs_13451,true
mbrainz_2670,discogs_11660,true
mbrainz_2514,discogs_10981,true
mbrainz_15080,discogs_71190,true
mbrainz_3023,discogs_13102,true
mbrainz_4116,discogs_17592,true
mbrainz_10813,discogs_49284,true
mbrainz_18984,discogs_102896,true
mbrainz_134,discogs_288,true
mbrainz_16371,discogs_81558,true
mbrainz_15886,discogs_76788,true
mbrainz_656,discogs_2993,true
mbrainz_1259,discogs_5942,true
mbrainz_9394,discogs_42153,true
mbrainz_1885,discogs_8629,true
mbrainz_16030,discogs_78465,true
mbrainz_9730,discogs_43760,true
mbrainz_93,discogs_211,true
mbrainz_3062,discogs_13299,true
mbrainz_592,discogs_2592,true
mbrainz_868,discogs_4039,true
mbrainz_179,discogs_496,true
mbrainz_19123,discogs_103983,true
mbrainz_3001,discogs_13006,true
mbrainz_116,discogs_250,true
mbrainz_3961,discogs_16925,true
mbrainz_512,discogs_2102,true
mbrainz_2930,discogs_12717,true
mbrainz_50,discogs_119,true
mbrainz_8813,discogs_39611,true
mbrainz_19119,discogs_103951,true
mbrainz_1432,discogs_6889,true
mbrainz_437,discogs_1650,true
mbrainz_1621,discogs_7880,true
mbrainz_7499,discogs_36982,true
mbrainz_3245,discogs_14081,true
mbrainz_65,discogs_145,true
mbrainz_23204,discogs_133214,true
mbrainz_4601,discogs_19833,true
mbrainz_11089,discogs_50554,true
mbrainz_4549,discogs_19417,true
mbrainz_241,discogs_718,true
mbrainz_6030,discogs_26275,true
mbrainz_4158,discogs_17818,true
mbrainz_16086,discogs_78998,true
mbrainz_12895,discogs_59751,true
mbrainz_13211,discogs_114043,true
mbrainz_22063,discogs_118995,true
mbrainz_887,discogs_3644,true
mbrainz_11,discogs_23,true
mbrainz_3762,discogs_30640,true
mbrainz_8315,discogs_37420,true
mbrainz_8515,discogs_80683,true
mbrainz_1946,discogs_8833,true
mbrainz_6014,discogs_12941,true
mbrainz_493,discogs_1965,true
mbrainz_14165,discogs_66079,true
mbrainz_15045,discogs_71039,true
mbrainz_18089,discogs_97332,true
mbrainz_8476,discogs_38142,true
mbrainz_7886,discogs_35350,true
mbrainz_4749,discogs_20329,true
mbrainz_1314,discogs_6285,true
mbrainz_2816,discogs_12271,true
mbrainz_2348,discogs_10329,true
mbrainz_209,discogs_2739,true
mbrainz_9412,discogs_42230,true
mbrainz_2124,discogs_9455,true
mbrainz_32785,discogs_83542,true
mbrainz_3557,discogs_15305,true
mbrainz_344,discogs_1135,true
mbrainz_15407,discogs_72898,true
mbrainz_6043,discogs_26336,true
mbrainz_10080,discogs_45361,true
mbrainz_4836,discogs_83275,true
mbrainz_9980,discogs_44895,true
mbrainz_5189,discogs_22686,true
mbrainz_17543,discogs_90551,true
mbrainz_4054,discogs_17352,true
mbrainz_6256,discogs_27404,true
mbrainz_20645,discogs_116180,true
mbrainz_20740,discogs_117644,true
mbrainz_19577,discogs_108263,true
mbrainz_8664,discogs_38886,true
mbrainz_5943,discogs_28641,true
mbrainz_8359,discogs_37627,true
mbrainz_3456,discogs_83524,true
mbrainz_961,discogs_4503,true
mbrainz_10132,discogs_45704,true
mbrainz_1148,discogs_5416,true
mbrainz_3746,discogs_16093,true
mbrainz_15790,discogs_76049,true
mbrainz_22806,discogs_33536,true
mbrainz_3420,discogs_14758,true
mbrainz_666,discogs_3057,true
mbrainz_3337,discogs_60662,true
mbrainz_11044,discogs_50376,true
mbrainz_1115,discogs_5252,true
mbrainz_13952,discogs_64804,true
mbrainz_9239,discogs_41511,true
mbrainz_28928,discogs_124072,true
mbrainz_2372,discogs_10674,true
mbrainz_4578,discogs_19510,true
mbrainz_18214,discogs_96636,true
mbrainz_21704,discogs_123395,true
mbrainz_6139,discogs_26807,true
mbrainz_539,discogs_9409,true
mbrainz_3038,discogs_130772,true
mbrainz_9225,discogs_41431,true
mbrainz_8893,discogs_39901,true
mbrainz_1852,discogs_14298,true
mbrainz_2607,discogs_11378,true
mbrainz_7964,discogs_35690,true
mbrainz_12962,discogs_59609,true
mbrainz_4130,discogs_17690,true
mbrainz_15462,discogs_908,true
mbrainz_264,discogs_770,true
mbrainz_2007,discogs_9043,true
mbrainz_9185,discogs_41256,true
mbrainz_10300,discogs_46527,true
mbrainz_111,discogs_243,true
mbrainz_1914,discogs_8711,true
mbrainz_5716,discogs_24910,true
mbrainz_13443,discogs_62039,true
mbrainz_4091,discogs_17500,true
mbrainz_7800,discogs_34995,true
mbrainz_6827,discogs_30088,true
mbrainz_249,discogs_736,true
mbrainz_25146,discogs_145000,true
mbrainz_8576,discogs_38508,true
mbrainz_1655,discogs_7942,true
mbrainz_9668,discogs_43451,true
mbrainz_7034,discogs_31194,true
mbrainz_30835,discogs_740,true
mbrainz_8868,discogs_39816,true
mbrainz_4694,discogs_20081,true
mbrainz_7870,discogs_35293,true
mbrainz_196,discogs_21977,true
mbrainz_19618,discogs_108456,true
mbrainz_867,discogs_4037,true
mbrainz_2233,discogs_50616,true
mbrainz_9652,discogs_43395,true
mbrainz_2109,discogs_9397,true
mbrainz_6579,discogs_28920,true
mbrainz_2753,discogs_12030,true
mbrainz_370,discogs_1236,true
mbrainz_2604,discogs_13638,true
mbrainz_12309,discogs_56442,true
mbrainz_10547,discogs_47729,true
mbrainz_13187,discogs_60736,true
mbrainz_173,discogs_6260,true
mbrainz_2796,discogs_12188,true
mbrainz_2611,discogs_25552,true
mbrainz_5624,discogs_24471,true
mbrainz_2052,discogs_9243,true
mbrainz_1158,discogs_5452,true
mbrainz_148,discogs_328,true
mbrainz_8914,discogs_39989,true
mbrainz_1325,discogs_6334,true
mbrainz_2355,discogs_13486,true
mbrainz_2071,discogs_9299,true
mbrainz_11929,discogs_54632,true
mbrainz_3255,discogs_14112,true
mbrainz_1239,discogs_5845,true
mbrainz_5168,discogs_63675,true
mbrainz_1775,discogs_8285,true
mbrainz_5994,discogs_26136,true
mbrainz_2119,discogs_34172,true
mbrainz_18618,discogs_99955,true
mbrainz_23106,discogs_136507,true
mbrainz_7894,discogs_35373,true
mbrainz_14007,discogs_65090,true
mbrainz_14046,discogs_65350,true
mbrainz_809,discogs_3740,true
mbrainz_17944,discogs_94411,true
mbrainz_13986,discogs_64977,true
mbrainz_7965,discogs_45911,true
mbrainz_15280,discogs_72221,true
mbrainz_697,discogs_3541,true
mbrainz_5645,discogs_24592,true
mbrainz_31781,discogs_96723,true
mbrainz_2907,discogs_12611,true
mbrainz_1485,discogs_7189,true
mbrainz_9180,discogs_41247,true
mbrainz_24610,discogs_141886,true
mbrainz_17086,discogs_86774,true
mbrainz_5196,discogs_22373,true
mbrainz_13002,discogs_59821,true
mbrainz_6342,discogs_27823,true
mbrainz_20461,discogs_109113,true
mbrainz_8082,discogs_50394,true
mbrainz_67,discogs_148,true
mbrainz_1734,discogs_45554,true
mbrainz_1851,discogs_25200,true
mbrainz_22069,discogs_126024,true
mbrainz_21414,discogs_100640,true
mbrainz_4421,discogs_18901,true
mbrainz_4447,discogs_18986,true
mbrainz_27177,discogs_74557,true
mbrainz_10415,discogs_62630,true
mbrainz_1262,discogs_5976,true
mbrainz_1746,discogs_8193,true
mbrainz_820,discogs_17229,true
mbrainz_6862,discogs_30254,true
mbrainz_53,discogs_125,true
mbrainz_13442,discogs_25221,true
mbrainz_3507,discogs_15098,true
mbrainz_12083,discogs_55418,true
mbrainz_3470,discogs_14960,true
mbrainz_10598,discogs_48083,true
mbrainz_1281,discogs_6087,true
mbrainz_3618,discogs_15517,true
mbrainz_1709,discogs_8119,true
mbrainz_17880,discogs_93912,true
mbrainz_10145,discogs_60668,true
mbrainz_5022,discogs_21581,true
mbrainz_6652,discogs_29288,true
mbrainz_1079,discogs_5120,true
mbrainz_923,discogs_13764,true
mbrainz_13238,discogs_60959,true
mbrainz_2955,discogs_12798,true
mbrainz_12913,discogs_59339,true
mbrainz_14219,discogs_66395,true
mbrainz_13427,discogs_61988,true
mbrainz_9230,discogs_52713,true
mbrainz_233,discogs_700,true
mbrainz_18315,discogs_97454,true
mbrainz_1530,discogs_39257,true
mbrainz_849,discogs_3927,true
mbrainz_1903,discogs_111791,true
mbrainz_142,discogs_315,true
mbrainz_5996,discogs_26146,true
mbrainz_201,discogs_713,true
mbrainz_2433,discogs_10631,true
mbrainz_994,discogs_4703,true
mbrainz_153,discogs_337,true
mbrainz_4445,discogs_18983,true
mbrainz_6853,discogs_73117,true
mbrainz_19049,discogs_132842,true
mbrainz_103,discogs_234,true
mbrainz_4339,discogs_59760,true
mbrainz_1687,discogs_8058,true
mbrainz_47,discogs_115,true
mbrainz_16478,discogs_82375,true
mbrainz_8941,discogs_40133,true
mbrainz_22847,discogs_130922,true
mbrainz_21975,discogs_125404,true
mbrainz_3959,discogs_79671,true
mbrainz_5567,discogs_64675,true
mbrainz_4957,discogs_51217,true
mbrainz_877,discogs_4099,true
mbrainz_2675,discogs_26288,true
mbrainz_31188,discogs_10148,true
mbrainz_2190,discogs_9681,true
mbrainz_12115,discogs_55615,true
mbrainz_5233,discogs_22538,true
mbrainz_3073,discogs_13379,true
mbrainz_6884,discogs_49347,true
mbrainz_110,discogs_242,true
mbrainz_1739,discogs_113846,true
mbrainz_12777,discogs_15939,true
mbrainz_16097,discogs_77677,true
mbrainz_1542,discogs_7556,true
mbrainz_8309,discogs_37402,true
mbrainz_13604,discogs_69544,true
mbrainz_10229,discogs_46208,true
mbrainz_18349,discogs_97643,true
mbrainz_2232,discogs_49539,true
mbrainz_3768,discogs_16164,true
mbrainz_10756,discogs_48906,true
mbrainz_7916,discogs_35477,true
mbrainz_14451,discogs_126287,true
mbrainz_3874,discogs_82379,true
mbrainz_9028,discogs_40562,true
mbrainz_3424,discogs_14780,true
mbrainz_4317,discogs_18461,true
mbrainz_3652,discogs_15662,true
mbrainz_8209,discogs_36920,true
mbrainz_8617,discogs_38657,true
mbrainz_4185,discogs_17915,true
mbrainz_4531,discogs_19330,true
mbrainz_13665,discogs_63295,true
mbrainz_18312,discogs_7372,true
mbrainz_1986,discogs_8977,true
mbrainz_14539,discogs_68125,true
mbrainz_13120,discogs_112273,true
mbrainz_3016,discogs_13075,true
mbrainz_7593,discogs_34042,true
mbrainz_9415,discogs_47554,true
mbrainz_1334,discogs_23999,true
mbrainz_3866,discogs_16548,true
mbrainz_11846,discogs_54232,true
mbrainz_22904,discogs_131709,true
mbrainz_12932,discogs_59449,true
mbrainz_5969,discogs_48848,true
mbrainz_29254,discogs_169896,true
mbrainz_5338,discogs_23096,true
mbrainz_21295,discogs_120729,true
mbrainz_14,discogs_30,true
mbrainz_3575,discogs_15388,true
mbrainz_4551,discogs_19426,true
mbrainz_1675,discogs_16407,true
mbrainz_4779,discogs_20465,true
mbrainz_10092,discogs_62222,true
mbrainz_78,discogs_177,true
mbrainz_5175,discogs_22292,true
mbrainz_19319,discogs_105476,true
mbrainz_9035,discogs_40588,true
mbrainz_12538,discogs_57573,true
mbrainz_14152,discogs_66016,true
mbrainz_635,discogs_2876,true
mbrainz_19923,discogs_111489,true
mbrainz_3075,discogs_13390,true
mbrainz_12753,discogs_58596,true
mbrainz_18055,discogs_95255,true
mbrainz_9859,discogs_63853,true
mbrainz_10020,discogs_45073,true
mbrainz_247,discogs_733,true
mbrainz_11342,discogs_51756,true
mbrainz_10209,discogs_46122,true
mbrainz_858,discogs_3966,true
mbrainz_15606,discogs_74033,true
mbrainz_2636,discogs_11529,true
mbrainz_23867,discogs_137230,true
mbrainz_13915,discogs_64979,true
mbrainz_1563,discogs_7652,true
mbrainz_14321,discogs_66940,true
mbrainz_14983,discogs_87767,true
mbrainz_20484,discogs_122439,true
mbrainz_19489,discogs_113966,true
mbrainz_3708,discogs_15905,true
mbrainz_22237,discogs_127156,true
mbrainz_2974,discogs_12858,true
mbrainz_1284,discogs_6098,true
mbrainz_15439,discogs_73108,true
mbrainz_5311,discogs_22924,true
mbrainz_387,discogs_1341,true
mbrainz_2132,discogs_36815,true
mbrainz_19665,discogs_109556,true
mbrainz_21454,discogs_121826,true
mbrainz_999,discogs_4731,true
mbrainz_9370,discogs_42022,true
mbrainz_12233,discogs_56056,true
mbrainz_3857,discogs_16687,true
mbrainz_6933,discogs_30709,true
mbrainz_6315,discogs_27684,true
mbrainz_1113,discogs_5244,true
mbrainz_262,discogs_1235,true
mbrainz_1873,discogs_10128,true
mbrainz_16912,discogs_85543,true
mbrainz_16360,discogs_107792,true
mbrainz_10,discogs_21,true
mbrainz_54,discogs_126,true
mbrainz_6859,discogs_30228,true
mbrainz_7573,discogs_77354,true
mbrainz_23778,discogs_136727,true
mbrainz_4061,discogs_52197,true
mbrainz_11001,discogs_50172,true
mbrainz_12940,discogs_59532,true
mbrainz_8432,discogs_39745,true
mbrainz_6351,discogs_27853,true
mbrainz_6102,discogs_26622,true
mbrainz_20255,discogs_113681,true
mbrainz_3896,discogs_16635,true
mbrainz_1464,discogs_7088,true
mbrainz_20880,discogs_117694,true
mbrainz_4,discogs_6,true
mbrainz_6319,discogs_27705,true
mbrainz_19431,discogs_106147,true
mbrainz_602,discogs_2656,true
mbrainz_5549,discogs_50918,true
mbrainz_2309,discogs_26127,true
mbrainz_7828,discogs_35103,true
mbrainz_2090,discogs_9349,true
mbrainz_2515,discogs_10982,true
mbrainz_4139,discogs_17709,true
mbrainz_2877,discogs_27280,true
mbrainz_3801,discogs_16269,true
mbrainz_1448,discogs_101806,true
mbrainz_16115,discogs_79337,true
mbrainz_25987,discogs_149938,true
mbrainz_3982,discogs_25696,true
mbrainz_2200,discogs_9713,true
mbrainz_2716,discogs_11838,true
mbrainz_1514,discogs_7352,true
mbrainz_236,discogs_710,true
mbrainz_3544,discogs_15248,true
mbrainz_9055,discogs_40693,true
mbrainz_11808,discogs_53980,true
mbrainz_10951,discogs_49928,true
mbrainz_13029,discogs_60014,true
mbrainz_9680,discogs_43517,true
mbrainz_10923,discogs_49811,true
mbrainz_10786,discogs_49077,true
mbrainz_2145,discogs_9506,true
mbrainz_6976,discogs_30957,true
mbrainz_13138,discogs_60506,true
mbrainz_6283,discogs_27518,true
mbrainz_3563,discogs_18263,true
mbrainz_10156,discogs_45853,true
mbrainz_3459,discogs_14914,true
mbrainz_22231,discogs_23371,true
mbrainz_2870,discogs_12474,true
mbrainz_19300,discogs_105404,true
mbrainz_2601,discogs_15580,true
mbrainz_9446,discogs_42410,true
mbrainz_2507,discogs_95068,true
mbrainz_11537,discogs_52624,true
mbrainz_4892,discogs_21003,true
mbrainz_1570,discogs_12101,true
mbrainz_4154,discogs_17790,true
mbrainz_1606,discogs_19221,true
mbrainz_15839,discogs_76468,true
mbrainz_14711,discogs_69127,true
mbrainz_11353,discogs_51791,true
mbrainz_17680,discogs_91702,true
mbrainz_1656,discogs_7947,true
mbrainz_17850,discogs_93655,true
mbrainz_3221,discogs_13962,true
mbrainz_19423,discogs_107021,true
mbrainz_22701,discogs_129945,true
mbrainz_1297,discogs_6159,true
mbrainz_9216,discogs_41394,true
mbrainz_1511,discogs_7329,true
mbrainz_11483,discogs_52374,true
mbrainz_2349,discogs_27336,true
mbrainz_2130,discogs_12626,true
mbrainz_2012,discogs_108576,true
mbrainz_3804,discogs_16286,true
mbrainz_13623,discogs_63067,true
mbrainz_10590,discogs_48010,true
mbrainz_2034,discogs_9170,true
mbrainz_5038,discogs_21640,true
mbrainz_8182,discogs_36837,true
mbrainz_12529,discogs_57546,true
mbrainz_5880,discogs_25660,true
mbrainz_4330,discogs_18489,true
mbrainz_7798,discogs_34982,true
mbrainz_19647,discogs_108623,true
mbrainz_542,discogs_2253,true
mbrainz_2387,discogs_115286,true
mbrainz_97,discogs_220,true
mbrainz_1050,discogs_5011,true
mbrainz_325,discogs_1054,true
mbrainz_10826,discogs_49352,true
mbrainz_5434,discogs_23533,true
mbrainz_8305,discogs_37375,true
mbrainz_2140,discogs_14233,true
mbrainz_803,discogs_3720,true
mbrainz_15289,discogs_103822,true
mbrainz_11344,discogs_51762,true
mbrainz_1167,discogs_5523,true
mbrainz_10331,discogs_46683,true
mbrainz_62,discogs_138,true
mbrainz_9006,discogs_40462,true
mbrainz_1064,discogs_51397,true
mbrainz_3019,discogs_13088,true
mbrainz_5198,discogs_22381,true
mbrainz_1568,discogs_7716,true
mbrainz_855,discogs_29916,true
mbrainz_3550,discogs_15274,true
mbrainz_206,discogs_629,true
mbrainz_5574,discogs_24239,true
mbrainz_1866,discogs_80268,true
mbrainz_1654,discogs_140337,true
mbrainz_11213,discogs_142088,true
mbrainz_7602,discogs_34098,true
mbrainz_6906,discogs_30549,true
mbrainz_8994,discogs_40400,true
mbrainz_442,discogs_1670,true
mbrainz_11931,discogs_54653,true
mbrainz_7632,discogs_36787,true
mbrainz_7080,discogs_31421,true
mbrainz_1653,discogs_7938,true
mbrainz_292,discogs_1249,true
mbrainz_8518,discogs_38301,true
mbrainz_1844,discogs_8483,true
mbrainz_381,discogs_22237,true
mbrainz_4265,discogs_18229,true
mbrainz_150,discogs_333,true
mbrainz_8426,discogs_37928,true
mbrainz_4109,discogs_83952,true
mbrainz_20175,discogs_113171,true
mbrainz_8084,discogs_36326,true
mbrainz_15750,discogs_75826,true
mbrainz_10426,discogs_47100,true
mbrainz_12874,discogs_59186,true
mbrainz_11095,discogs_50588,true
mbrainz_1929,discogs_8771,true
mbrainz_18448,discogs_98482,true
mbrainz_10107,discogs_45541,true
mbrainz_4390,discogs_18755,true
mbrainz_8203,discogs_134167,true
mbrainz_5167,discogs_22250,true
mbrainz_7084,discogs_31455,true
mbrainz_6913,discogs_30611,true
mbrainz_23681,discogs_136167,true
mbrainz_5525,discogs_24008,true
mbrainz_3065,discogs_13325,true
mbrainz_12740,discogs_58539,true
mbrainz_3651,discogs_15661,true
mbrainz_1539,discogs_7513,true
mbrainz_2868,discogs_70483,true
mbrainz_340,discogs_1110,true
mbrainz_1323,discogs_9055,true
mbrainz_9706,discogs_43684,true
mbrainz_2741,discogs_11969,true
mbrainz_7490,discogs_57160,true
mbrainz_6864,discogs_3840,true
mbrainz_662,discogs_3035,true
mbrainz_2901,discogs_12588,true
mbrainz_69,discogs_156,true
mbrainz_16,discogs_36,true
mbrainz_132,discogs_281,true
mbrainz_3776,discogs_16188,true
mbrainz_18072,discogs_95411,true
mbrainz_19346,discogs_106317,true
mbrainz_15458,discogs_71795,true
mbrainz_1697,discogs_26762,true
mbrainz_6907,discogs_30550,true
mbrainz_7467,discogs_174089,true
mbrainz_4617,discogs_29814,true
mbrainz_16282,discogs_80709,true
mbrainz_30257,discogs_176452,true
mbrainz_1275,discogs_6052,true
mbrainz_8534,discogs_41613,true
mbrainz_1651,discogs_7935,true
mbrainz_6880,discogs_37434,true
mbrainz_25722,discogs_148456,true
mbrainz_974,discogs_4601,true
mbrainz_19636,discogs_108586,true
mbrainz_6713,discogs_29529,true
mbrainz_3276,discogs_26977,true
mbrainz_5205,discogs_22401,true
mbrainz_23284,discogs_133761,true
mbrainz_12894,discogs_59261,true
mbrainz_4641,discogs_19801,true
mbrainz_23483,discogs_137412,true
mbrainz_242,discogs_719,true
mbrainz_1910,discogs_37335,true
mbrainz_16109,discogs_79291,true
mbrainz_16550,discogs_22610,true
mbrainz_20366,discogs_114392,true
mbrainz_3202,discogs_13862,true
mbrainz_7298,discogs_32721,true
mbrainz_9070,discogs_73916,true
mbrainz_2718,discogs_11858,true
mbrainz_9881,discogs_44494,true
mbrainz_15053,discogs_71090,true
mbrainz_12436,discogs_57079,true
mbrainz_8326,discogs_37464,true
mbrainz_87,discogs_197,true
mbrainz_90,discogs_202,true
mbrainz_18816,discogs_99363,true
mbrainz_3610,discogs_15495,true
mbrainz_8322,discogs_37445,true
mbrainz_6246,discogs_27441,true
mbrainz_60,discogs_136,true
mbrainz_358,discogs_2785,true
mbrainz_6314,discogs_27681,true
mbrainz_875,discogs_30061,true
mbrainz_9193,discogs_41282,true
mbrainz_16054,discogs_78630,true
mbrainz_12720,discogs_58461,true
mbrainz_12085,discogs_55433,true
mbrainz_4059,discogs_17365,true
mbrainz_3140,discogs_13639,true
mbrainz_163,discogs_490,true
mbrainz_1434,discogs_6897,true
mbrainz_13717,discogs_63566,true
mbrainz_27498,discogs_74922,true
mbrainz_3242,discogs_14074,true
mbrainz_12791,discogs_58799,true
mbrainz_120,discogs_256,true
mbrainz_147,discogs_327,true
mbrainz_11485,discogs_52380,true
mbrainz_15619,discogs_74113,true
mbrainz_12476,discogs_57252,true
mbrainz_11165,discogs_50950,true
mbrainz_5056,discogs_21718,true
mbrainz_7395,discogs_33186,true
mbrainz_12226,discogs_56034,true
mbrainz_12473,discogs_12187,true
mbrainz_1344,discogs_6457,true
mbrainz_71,discogs_160,true
mbrainz_21967,discogs_125318,true
mbrainz_430,discogs_1600,true
mbrainz_407,discogs_1466,true
mbrainz_4134,discogs_17698,true
mbrainz_13316,discogs_61374,true
mbrainz_22356,discogs_80092,true
mbrainz_5290,discogs_22786,true
mbrainz_1293,discogs_6152,true
mbrainz_355,discogs_1175,true
mbrainz_20423,discogs_19556,true
mbrainz_10599,discogs_48086,true
mbrainz_7408,discogs_33221,true
mbrainz_11225,discogs_51215,true
mbrainz_8562,discogs_38462,true
mbrainz_12899,discogs_59281,true
mbrainz_4818,discogs_20669,true
mbrainz_9327,discogs_41860,true
mbrainz_2722,discogs_11880,true
mbrainz_13502,discogs_62349,true
mbrainz_2789,discogs_12162,true
mbrainz_16166,discogs_79770,true
mbrainz_15337,discogs_72504,true
mbrainz_15263,discogs_72163,true
mbrainz_1270,discogs_6033,true
mbrainz_4599,discogs_19605,true
mbrainz_872,discogs_4071,true
mbrainz_3291,discogs_14239,true
mbrainz_913,discogs_9769,true
mbrainz_23596,discogs_135704,true
mbrainz_17160,discogs_87228,true
mbrainz_5019,discogs_21565,true
mbrainz_11264,discogs_51416,true
mbrainz_3815,discogs_16322,true
mbrainz_317,discogs_1018,true
mbrainz_306,discogs_938,true
mbrainz_16825,discogs_84783,true
mbrainz_8936,discogs_40107,true
mbrainz_14597,discogs_68463,true
mbrainz_891,discogs_4162,true
mbrainz_20418,discogs_114685,true
mbrainz_2160,discogs_13591,true
mbrainz_20598,discogs_115793,true
mbrainz_7714,discogs_74027,true
mbrainz_18,discogs_43,true
mbrainz_5701,discogs_24831,true
mbrainz_436,discogs_1636,true
mbrainz_5566,discogs_24211,true
mbrainz_488,discogs_1913,true
mbrainz_573,discogs_2421,true
mbrainz_21943,discogs_125186,true
mbrainz_2581,discogs_11262,true
mbrainz_15586,discogs_73911,true
mbrainz_4066,discogs_17404,true
mbrainz_7447,discogs_33411,true
mbrainz_9817,discogs_44127,true
mbrainz_9452,discogs_42439,true
mbrainz_22903,discogs_105809,true
mbrainz_8067,discogs_36217,true
mbrainz_16057,discogs_78684,true
mbrainz_2702,discogs_11776,true
mbrainz_91,discogs_203,true
mbrainz_8528,discogs_38346,true
mbrainz_4506,discogs_19227,true
mbrainz_19097,discogs_103756,true
mbrainz_11333,discogs_56145,true
mbrainz_17357,discogs_27566,true
mbrainz_22047,discogs_125917,true
mbrainz_871,discogs_4055,true
mbrainz_9716,discogs_43712,true
mbrainz_19858,discogs_111015,true
mbrainz_1188,discogs_5608,true
mbrainz_3879,discogs_16580,true
mbrainz_6100,discogs_26614,true
mbrainz_11046,discogs_55297,true
mbrainz_2261,discogs_9936,true
mbrainz_21132,discogs_119685,true
mbrainz_8593,discogs_38565,true
mbrainz_5091,discogs_21884,true
mbrainz_10328,discogs_46672,true
mbrainz_14594,discogs_68443,true
mbrainz_6746,discogs_59844,true
mbrainz_2809,discogs_12249,true
mbrainz_2065,discogs_9284,true
mbrainz_8191,discogs_36865,true
mbrainz_19578,discogs_108266,true
mbrainz_11748,discogs_53650,true
mbrainz_7299,discogs_32722,true
mbrainz_789,discogs_3661,true
mbrainz_8368,discogs_40357,true
mbrainz_8287,discogs_150976,true
mbrainz_8051,discogs_36131,true
mbrainz_4211,discogs_18013,true
mbrainz_6497,discogs_28524,true
mbrainz_12290,discogs_56347,true
mbrainz_13202,discogs_12396,true
mbrainz_25706,discogs_88989,true
mbrainz_102,discogs_230,true
mbrainz_1981,discogs_8957,true
mbrainz_2603,discogs_11355,true
mbrainz_10584,discogs_47971,true
mbrainz_20987,discogs_118528,true
mbrainz_6891,discogs_30446,true
mbrainz_14036,discogs_65273,true
mbrainz_9903,discogs_44579,true
mbrainz_7479,discogs_33525,true
mbrainz_1389,discogs_6694,true
mbrainz_31440,discogs_126559,true
mbrainz_21119,discogs_119588,true
mbrainz_4374,discogs_18681,true
mbrainz_8031,discogs_36020,true
mbrainz_11345,discogs_51763,true
mbrainz_10391,discogs_46941,true
mbrainz_4683,discogs_20019,true
mbrainz_25816,discogs_148936,true
mbrainz_14782,discogs_69519,true
mbrainz_22531,discogs_129050,true
mbrainz_3021,discogs_13098,true
mbrainz_6756,discogs_29720,true
mbrainz_7456,discogs_33433,true
mbrainz_1421,discogs_6831,true
mbrainz_5259,discogs_22640,true
mbrainz_9118,discogs_40981,true
mbrainz_1145,discogs_5398,true
mbrainz_18314,discogs_97444,true
mbrainz_569,discogs_2390,true
mbrainz_1240,discogs_5850,true
mbrainz_5936,discogs_25892,true
mbrainz_13711,discogs_63538,true
mbrainz_1678,discogs_8022,true
mbrainz_830,discogs_3812,true
mbrainz_3669,discogs_15725,true
mbrainz_16241,discogs_13517,true
mbrainz_11648,discogs_53172,true
mbrainz_5210,discogs_22411,true
mbrainz_2368,discogs_10409,true
mbrainz_13662,discogs_63282,true
mbrainz_2997,discogs_12986,true
mbrainz_2401,discogs_10526,true
mbrainz_18060,discogs_95294,true
mbrainz_4063,discogs_31814,true
mbrainz_21028,discogs_121599,true
mbrainz_5009,discogs_21532,true
mbrainz_1600,discogs_18462,true
mbrainz_12746,discogs_58563,true
mbrainz_2045,discogs_9221,true
mbrainz_12216,discogs_43838,true
mbrainz_312,discogs_948,true
mbrainz_329,discogs_1070,true
mbrainz_445,discogs_1683,true
mbrainz_6527,discogs_28649,true
mbrainz_2764,discogs_12065,true
mbrainz_1233,discogs_18909,true
mbrainz_3614,discogs_15506,true
mbrainz_253,discogs_743,true
mbrainz_13755,discogs_63740,true
mbrainz_2421,discogs_10580,true
mbrainz_14153,discogs_66020,true
mbrainz_3686,discogs_15819,true
mbrainz_11773,discogs_53785,true
mbrainz_6614,discogs_29049,true
mbrainz_315,discogs_976,true
mbrainz_3025,discogs_13115,true
mbrainz_1013,discogs_32779,true
mbrainz_5470,discogs_262,true
mbrainz_26021,discogs_150172,true
mbrainz_4492,discogs_19148,true
mbrainz_3924,discogs_16739,true
mbrainz_11594,discogs_52903,true
mbrainz_16219,discogs_80133,true
mbrainz_3725,discogs_15971,true
