,table_name,column_name_left,column_index_left,column_name_right,column_index_right,label
0,57938705_0_8737506792349461963,Game,9,rdf-schema#label,0,1
1,57938705_0_8737506792349461963,Year,3,rdf-schema#label,0,0
2,57938705_0_8737506792349461963,Genre,2,rdf-schema#label,0,0
3,57938705_0_8737506792349461963,Platform,1,rdf-schema#label,0,0
4,57938705_0_8737506792349461963,Publisher,4,rdf-schema#label,0,0
5,57938705_0_8737506792349461963,Rest of World,10,rdf-schema#label,0,0
6,57938705_0_8737506792349461963,Global,6,rdf-schema#label,0,0
7,57938705_0_8737506792349461963,Europe,8,rdf-schema#label,0,0
8,57938705_0_8737506792349461963,Game,9,computingPlatform,2,0
9,57938705_0_8737506792349461963,Year,3,computingPlatform,2,0
10,57938705_0_8737506792349461963,Genre,2,computingPlatform,2,0
11,57938705_0_8737506792349461963,Platform,1,computingPlatform,2,1
12,57938705_0_8737506792349461963,Rest of World,10,computingPlatform,2,0
13,57938705_0_8737506792349461963,Global,6,computingPlatform,2,0
14,57938705_0_8737506792349461963,Japan,5,computingPlatform,2,0
15,57938705_0_8737506792349461963,Game,9,releaseDate,1,0
16,57938705_0_8737506792349461963,Year,3,releaseDate,1,1
17,57938705_0_8737506792349461963,Platform,1,releaseDate,1,0
18,57938705_0_8737506792349461963,Global,6,releaseDate,1,0
19,57938705_0_8737506792349461963,Europe,8,releaseDate,1,0
20,57938705_0_8737506792349461963,Pos,0,releaseDate,1,0
21,57938705_0_8737506792349461963,Game,9,genre,3,0
22,57938705_0_8737506792349461963,Year,3,genre,3,0
23,57938705_0_8737506792349461963,Genre,2,genre,3,1
24,57938705_0_8737506792349461963,Platform,1,genre,3,0
25,57938705_0_8737506792349461963,Publisher,4,genre,3,0
26,57938705_0_8737506792349461963,Global,6,genre,3,0
27,57938705_0_8737506792349461963,North America,7,genre,3,0
28,57938705_0_8737506792349461963,Game,9,publisher,4,0
29,57938705_0_8737506792349461963,Publisher,4,publisher,4,1
30,57938705_0_8737506792349461963,Global,6,publisher,4,0
31,57938705_0_8737506792349461963,North America,7,publisher,4,0
32,12183399_0_6725061928072492226,Country,0,rdf-schema#label,0,1
33,12183399_0_6725061928072492226,Country Code (2-character),3,rdf-schema#label,0,0
34,12183399_0_6725061928072492226,Currency,1,rdf-schema#label,0,0
35,12183399_0_6725061928072492226,Country Code (3-character),4,rdf-schema#label,0,0
36,12183399_0_6725061928072492226,Country,0,currency,5,0
37,12183399_0_6725061928072492226,Currency,1,currency,5,1
38,12183399_0_6725061928072492226,Country Code (3-character),4,currency,5,0
39,12183399_0_6725061928072492226,Country,0,iso31661Code,4,0
40,12183399_0_6725061928072492226,Country Code (2-character),3,iso31661Code,4,1
41,12183399_0_6725061928072492226,Currency,1,iso31661Code,4,0
42,12183399_0_6725061928072492226,Currency Code,2,iso31661Code,4,0
43,12183399_0_6725061928072492226,Country,0,hdiChange,1,0
44,12183399_0_6725061928072492226,Country Code (2-character),3,hdiChange,1,0
45,12183399_0_6725061928072492226,Country,0,currencyCode,3,0
46,12183399_0_6725061928072492226,Country Code (2-character),3,currencyCode,3,0
47,12183399_0_6725061928072492226,Currency Code,2,currencyCode,3,1
48,12183399_0_6725061928072492226,Country Code (2-character),3,demonym,8,0
49,12183399_0_6725061928072492226,Currency,1,demonym,8,0
50,12183399_0_6725061928072492226,Currency Code,2,demonym,8,0
51,12183399_0_6725061928072492226,Currency,1,gdpNominalYear,2,0
52,12183399_0_6725061928072492226,Currency Code,2,gdpNominalYear,2,0
53,12183399_0_6725061928072492226,Currency,1,populationDensity,7,0
54,12183399_0_6725061928072492226,Country Code (3-character),4,gdpNominalPerCapita,9,0
55,37541068_1_1156932518917623732,?,6,rdf-schema#label,0,1
56,37541068_1_1156932518917623732,From,4,rdf-schema#label,0,0
57,37541068_1_1156932518917623732,?.1,5,rdf-schema#label,0,0
58,37541068_1_1156932518917623732,?,6,stat3label,5,0
59,37541068_1_1156932518917623732,Yrs,3,stat3label,5,0
60,37541068_1_1156932518917623732,?,6,deathDate,2,0
61,37541068_1_1156932518917623732,From,4,deathDate,2,0
62,37541068_1_1156932518917623732,To,1,deathDate,2,0
63,37541068_1_1156932518917623732,From,4,debutyear,1,1
64,37541068_1_1156932518917623732,To,1,debutyear,1,0
65,37541068_1_1156932518917623732,Yrs,3,debutyear,1,0
66,37541068_1_1156932518917623732,Rk,0,debutyear,1,0
67,37541068_1_1156932518917623732,From,4,finalyear,3,0
68,37541068_1_1156932518917623732,To,1,finalyear,3,1
69,37541068_1_1156932518917623732,?.1,5,finalyear,3,0
70,37541068_1_1156932518917623732,Yrs,3,finalyear,3,0
71,37541068_1_1156932518917623732,Rk,0,finalyear,3,0
72,32812626_0_5428724146873158593,Hospital Name,0,rdf-schema#label,0,1
73,32812626_0_5428724146873158593,Staffed Beds,4,rdf-schema#label,0,0
74,32812626_0_5428724146873158593,City,5,rdf-schema#label,0,0
75,32812626_0_5428724146873158593,Patient Days,1,rdf-schema#label,0,0
76,32812626_0_5428724146873158593,Hospital Name,0,wgs84_pos#lat,1,0
77,32812626_0_5428724146873158593,Staffed Beds,4,wgs84_pos#lat,1,0
78,32812626_0_5428724146873158593,Total Discharges,2,wgs84_pos#lat,1,0
79,32812626_0_5428724146873158593,Hospital Name,0,bedCount,2,0
80,32812626_0_5428724146873158593,Staffed Beds,4,bedCount,2,1
81,32812626_0_5428724146873158593,City,5,bedCount,2,0
82,32812626_0_5428724146873158593,Patient Days,1,bedCount,2,0
83,32812626_0_5428724146873158593,Total Discharges,2,bedCount,2,0
84,29414811_13_8724394428539174350,Game,4,rdf-schema#label,0,1
85,29414811_13_8724394428539174350,Year,0,rdf-schema#label,0,0
86,29414811_13_8724394428539174350,Genre,3,rdf-schema#label,0,0
87,29414811_13_8724394428539174350,Platform(s),1,rdf-schema#label,0,0
88,29414811_13_8724394428539174350,Game,4,title,7,0
89,29414811_13_8724394428539174350,Game,4,released,2,0
90,29414811_13_8724394428539174350,Year,0,released,2,0
91,29414811_13_8724394428539174350,Genre,3,released,2,0
92,29414811_13_8724394428539174350,Platform(s),1,released,2,0
93,29414811_13_8724394428539174350,Developer(s),2,released,2,0
94,29414811_13_8724394428539174350,Game,4,releaseDate,1,0
95,29414811_13_8724394428539174350,Year,0,releaseDate,1,1
96,29414811_13_8724394428539174350,Genre,3,releaseDate,1,0
97,29414811_13_8724394428539174350,Platform(s),1,releaseDate,1,0
98,29414811_13_8724394428539174350,Developer(s),2,releaseDate,1,0
99,29414811_13_8724394428539174350,Game,4,genre,3,0
100,29414811_13_8724394428539174350,Year,0,genre,3,0
101,29414811_13_8724394428539174350,Genre,3,genre,3,1
102,29414811_13_8724394428539174350,Platform(s),1,genre,3,0
103,29414811_13_8724394428539174350,Game,4,computingPlatform,4,0
104,29414811_13_8724394428539174350,Year,0,computingPlatform,4,0
105,29414811_13_8724394428539174350,Genre,3,computingPlatform,4,0
106,29414811_13_8724394428539174350,Platform(s),1,computingPlatform,4,1
107,29414811_13_8724394428539174350,Developer(s),2,computingPlatform,4,0
108,29414811_13_8724394428539174350,Game,4,thumbnail,5,0
109,29414811_13_8724394428539174350,Genre,3,thumbnail,5,0
110,29414811_13_8724394428539174350,Game,4,developer,6,0
111,29414811_13_8724394428539174350,Year,0,developer,6,0
112,29414811_13_8724394428539174350,Genre,3,developer,6,0
113,29414811_13_8724394428539174350,Developer(s),2,developer,6,1
114,8286121_0_8471791395229161598,Country Name (Click For Destination Guides),0,rdf-schema#label,0,1
115,8286121_0_8471791395229161598,Capital City,2,rdf-schema#label,0,0
116,8286121_0_8471791395229161598,Map (Click to view Map),1,rdf-schema#label,0,0
117,8286121_0_8471791395229161598,Country Name (Click For Destination Guides),0,commonName,4,0
118,8286121_0_8471791395229161598,Map (Click to view Map),1,commonName,4,0
119,8286121_0_8471791395229161598,Country Name (Click For Destination Guides),0,governmentType,3,0
120,8286121_0_8471791395229161598,Capital City,2,governmentType,3,0
121,8286121_0_8471791395229161598,Map (Click to view Map),1,governmentType,3,0
122,8286121_0_8471791395229161598,Country Name (Click For Destination Guides),0,capital,2,0
123,8286121_0_8471791395229161598,Capital City,2,capital,2,1
124,8286121_0_8471791395229161598,Map (Click to view Map),1,capital,2,0
125,53583534_0_503521622577229691,Geb?udename,4,rdf-schema#label,0,1
126,53583534_0_503521622577229691,Stadt,3,rdf-schema#label,0,0
127,53583534_0_503521622577229691,H?he,2,rdf-schema#label,0,0
128,53583534_0_503521622577229691,Dauer,0,rdf-schema#label,0,0
129,53583534_0_503521622577229691,Geb?udename,4,highestPrev,5,0
130,53583534_0_503521622577229691,Stadt,3,highestPrev,5,0
131,53583534_0_503521622577229691,H?he,2,highestPrev,5,0
132,53583534_0_503521622577229691,Geb?udename,4,floorCount,3,0
133,53583534_0_503521622577229691,Stadt,3,floorCount,3,0
134,53583534_0_503521622577229691,Etagen,1,floorCount,3,1
135,53583534_0_503521622577229691,Dauer,0,floorCount,3,0
136,53583534_0_503521622577229691,Geb?udename,4,location,2,0
137,53583534_0_503521622577229691,Stadt,3,location,2,1
138,53583534_0_503521622577229691,H?he,2,location,2,0
139,53583534_0_503521622577229691,Dauer,0,location,2,0
140,53583534_0_503521622577229691,Stadt,3,elevatorCount,6,0
141,53583534_0_503521622577229691,H?he,2,elevatorCount,6,0
142,53583534_0_503521622577229691,Stadt,3,height,4,0
143,53583534_0_503521622577229691,H?he,2,height,4,1
144,53583534_0_503521622577229691,Etagen,1,height,4,0
145,53583534_0_503521622577229691,Dauer,0,height,4,0
146,53583534_0_503521622577229691,H?he,2,startDate,1,0
147,53583534_0_503521622577229691,Etagen,1,startDate,1,0
148,24850757_0_5978004733768297283,Country,0,rdf-schema#label,0,1
149,24850757_0_5978004733768297283,Population,4,rdf-schema#label,0,0
150,24850757_0_5978004733768297283,Pop/Mem Ratio,1,rdf-schema#label,0,0
151,24850757_0_5978004733768297283,Members,3,rdf-schema#label,0,0
152,24850757_0_5978004733768297283,Country,0,establishedDate,4,0
153,24850757_0_5978004733768297283,Country,0,utcOffset,2,0
154,24850757_0_5978004733768297283,Country,0,populationTotal,3,0
155,24850757_0_5978004733768297283,Population,4,populationTotal,3,1
156,24850757_0_5978004733768297283,Pop/Mem Ratio,1,populationTotal,3,0
157,24850757_0_5978004733768297283,Population,4,wgs84_pos#lat,1,0
158,24850757_0_5978004733768297283,Members,3,wgs84_pos#lat,1,0
159,56224555_0_3713922722778385817,Company,7,rdf-schema#label,0,1
160,56224555_0_3713922722778385817,Industry,4,rdf-schema#label,0,0
161,56224555_0_3713922722778385817,Sales ($bil),1,rdf-schema#label,0,0
162,56224555_0_3713922722778385817,Company,7,industry,5,0
163,56224555_0_3713922722778385817,Industry,4,industry,5,1
164,56224555_0_3713922722778385817,Sales ($bil),1,industry,5,0
165,56224555_0_3713922722778385817,Profits ($bil),2,industry,5,0
166,56224555_0_3713922722778385817,Assets ($bil),6,industry,5,0
167,56224555_0_3713922722778385817,Market Value ($bil),5,industry,5,0
168,56224555_0_3713922722778385817,Company,7,product,2,0
169,56224555_0_3713922722778385817,Industry,4,product,2,0
170,56224555_0_3713922722778385817,Profits ($bil),2,product,2,0
171,56224555_0_3713922722778385817,Market Value ($bil),5,product,2,0
172,56224555_0_3713922722778385817,Company,7,assets,4,0
173,56224555_0_3713922722778385817,Sales ($bil),1,assets,4,0
174,56224555_0_3713922722778385817,Profits ($bil),2,assets,4,0
175,56224555_0_3713922722778385817,Assets ($bil),6,assets,4,1
176,56224555_0_3713922722778385817,Country,3,assets,4,0
177,56224555_0_3713922722778385817,Company,7,revenue,1,0
178,56224555_0_3713922722778385817,Industry,4,revenue,1,0
179,56224555_0_3713922722778385817,Sales ($bil),1,revenue,1,1
180,56224555_0_3713922722778385817,Profits ($bil),2,revenue,1,0
181,56224555_0_3713922722778385817,Assets ($bil),6,revenue,1,0
182,56224555_0_3713922722778385817,Rank,0,revenue,1,0
183,56224555_0_3713922722778385817,Country,3,revenue,1,0
184,56224555_0_3713922722778385817,Industry,4,netIncome,3,0
185,56224555_0_3713922722778385817,Sales ($bil),1,netIncome,3,0
186,56224555_0_3713922722778385817,Profits ($bil),2,netIncome,3,1
187,56224555_0_3713922722778385817,Assets ($bil),6,netIncome,3,0
188,56224555_0_3713922722778385817,Rank,0,netIncome,3,0
189,21801207_0_8144839668470123042,Title,4,rdf-schema#label,0,1
190,21801207_0_8144839668470123042,Developer,7,rdf-schema#label,0,0
191,21801207_0_8144839668470123042,Publisher,6,rdf-schema#label,0,0
192,21801207_0_8144839668470123042,TW,1,rdf-schema#label,0,0
193,21801207_0_8144839668470123042,Title,4,series,6,0
194,21801207_0_8144839668470123042,Title,4,genre,5,0
195,21801207_0_8144839668470123042,3,2,genre,5,0
196,21801207_0_8144839668470123042,Developer,7,developer,4,1
197,21801207_0_8144839668470123042,Publisher,6,developer,4,0
198,21801207_0_8144839668470123042,TW,1,developer,4,0
199,21801207_0_8144839668470123042,Label,5,developer,4,0
200,21801207_0_8144839668470123042,Developer,7,computingPlatform,1,0
201,21801207_0_8144839668470123042,Publisher,6,computingPlatform,1,0
202,21801207_0_8144839668470123042,Developer,7,publisher,2,0
203,21801207_0_8144839668470123042,Publisher,6,publisher,2,1
204,21801207_0_8144839668470123042,TW,1,publisher,2,0
205,21801207_0_8144839668470123042,3,2,publisher,2,0
206,21801207_0_8144839668470123042,Label,5,publisher,2,0
207,97941125_0_8220652154649529701,Currency,5,rdf-schema#label,0,1
208,97941125_0_8220652154649529701,Symbol,1,rdf-schema#label,0,0
209,97941125_0_8220652154649529701,Country,0,rdf-schema#label,0,0
210,97941125_0_8220652154649529701,Alphabetic code,4,rdf-schema#label,0,0
211,97941125_0_8220652154649529701,Subdivision,3,rdf-schema#label,0,0
212,97941125_0_8220652154649529701,Currency,5,symbol,2,0
213,97941125_0_8220652154649529701,Symbol,1,symbol,2,1
214,97941125_0_8220652154649529701,Country,0,symbol,2,0
215,97941125_0_8220652154649529701,Alphabetic code,4,symbol,2,0
216,97941125_0_8220652154649529701,Subdivision,3,symbol,2,0
217,97941125_0_8220652154649529701,Numeric code,2,symbol,2,0
218,97941125_0_8220652154649529701,Currency,5,usingCountry,3,0
219,97941125_0_8220652154649529701,Symbol,1,usingCountry,3,0
220,97941125_0_8220652154649529701,Country,0,usingCountry,3,1
221,97941125_0_8220652154649529701,Alphabetic code,4,usingCountry,3,0
222,97941125_0_8220652154649529701,Currency,5,subunitName,1,0
223,97941125_0_8220652154649529701,Subdivision,3,subunitName,1,1
224,97941125_0_8220652154649529701,Numeric code,2,subunitName,1,0
225,97941125_0_8220652154649529701,Symbol,1,isoCode,4,0
226,97941125_0_8220652154649529701,Country,0,isoCode,4,0
227,97941125_0_8220652154649529701,Alphabetic code,4,isoCode,4,1
228,97941125_0_8220652154649529701,Subdivision,3,isoCode,4,0
229,97941125_0_8220652154649529701,Numeric code,2,isoCode,4,0
230,21337553_0_8832378999628437599,Name of the Peaks,4,rdf-schema#label,0,1
231,21337553_0_8832378999628437599,Himal,1,rdf-schema#label,0,0
232,21337553_0_8832378999628437599,Zone,2,rdf-schema#label,0,0
233,21337553_0_8832378999628437599,S. No.,0,rdf-schema#label,0,0
234,21337553_0_8832378999628437599,Name of the Peaks,4,photo,5,0
235,21337553_0_8832378999628437599,Altitude in Meter,3,photo,5,0
236,21337553_0_8832378999628437599,Zone,2,photo,5,0
237,21337553_0_8832378999628437599,Name of the Peaks,4,mountainRange,3,0
238,21337553_0_8832378999628437599,Altitude in Meter,3,mountainRange,3,0
239,21337553_0_8832378999628437599,Himal,1,mountainRange,3,1
240,21337553_0_8832378999628437599,S. No.,0,mountainRange,3,0
241,21337553_0_8832378999628437599,Name of the Peaks,4,elevation,2,0
242,21337553_0_8832378999628437599,Altitude in Meter,3,elevation,2,1
243,21337553_0_8832378999628437599,Himal,1,elevation,2,0
244,21337553_0_8832378999628437599,Zone,2,elevation,2,0
245,21337553_0_8832378999628437599,S. No.,0,elevation,2,0
246,21337553_0_8832378999628437599,Name of the Peaks,4,locatedInArea,4,0
247,21337553_0_8832378999628437599,Altitude in Meter,3,locatedInArea,4,0
248,21337553_0_8832378999628437599,Himal,1,locatedInArea,4,0
249,21337553_0_8832378999628437599,Zone,2,locatedInArea,4,1
250,21337553_0_8832378999628437599,S. No.,0,locatedInArea,4,0
251,41648740_0_6959523681065295632,COUNTRY,0,rdf-schema#label,0,1
252,41648740_0_6959523681065295632,CURRENCY,7,rdf-schema#label,0,0
253,41648740_0_6959523681065295632,B1,1,rdf-schema#label,0,0
254,41648740_0_6959523681065295632,C2,5,rdf-schema#label,0,0
255,41648740_0_6959523681065295632,COUNTRY,0,commonName,4,0
256,41648740_0_6959523681065295632,CURRENCY,7,commonName,4,0
257,41648740_0_6959523681065295632,B2,2,commonName,4,0
258,41648740_0_6959523681065295632,COUNTRY,0,areaKm,1,0
259,41648740_0_6959523681065295632,COUNTRY,0,currencyCode,2,0
260,41648740_0_6959523681065295632,CURRENCY,7,currencyCode,2,1
261,41648740_0_6959523681065295632,B1,1,currencyCode,2,0
262,41648740_0_6959523681065295632,B1,1,demonym,3,0
263,41648740_0_6959523681065295632,C1,6,demonym,3,0
264,68779923_4_1832350971585698643,Name,0,rdf-schema#label,0,1
265,68779923_4_1832350971585698643,Capital,2,rdf-schema#label,0,0
266,68779923_4_1832350971585698643,Government,1,rdf-schema#label,0,0
267,68779923_4_1832350971585698643,Languages,3,rdf-schema#label,0,0
268,68779923_4_1832350971585698643,Name,0,conventionalLongName,7,0
269,68779923_4_1832350971585698643,Name,0,capital,1,0
270,68779923_4_1832350971585698643,Date,5,capital,1,0
271,68779923_4_1832350971585698643,Capital,2,capital,1,1
272,68779923_4_1832350971585698643,Government,1,capital,1,0
273,68779923_4_1832350971585698643,Languages,3,capital,1,0
274,68779923_4_1832350971585698643,Name,0,language,6,0
275,68779923_4_1832350971585698643,Capital,2,language,6,0
276,68779923_4_1832350971585698643,Languages,3,language,6,1
277,68779923_4_1832350971585698643,Name,0,establishedDate,2,0
278,68779923_4_1832350971585698643,Date,5,establishedDate,2,1
279,68779923_4_1832350971585698643,Government,1,establishedDate,2,0
280,68779923_4_1832350971585698643,Languages,3,establishedDate,2,0
281,68779923_4_1832350971585698643,Name,0,governmentType,8,0
282,68779923_4_1832350971585698643,Capital,2,governmentType,8,0
283,68779923_4_1832350971585698643,Government,1,governmentType,8,1
284,68779923_4_1832350971585698643,Languages,3,governmentType,8,0
285,68779923_4_1832350971585698643,Date,5,humanDevelopmentIndex,3,0
286,68779923_4_1832350971585698643,Capital,2,humanDevelopmentIndex,3,0
287,68779923_4_1832350971585698643,Government,1,humanDevelopmentIndex,3,0
288,68779923_4_1832350971585698643,Date,5,ethnicGroupsYear,4,0
289,68779923_4_1832350971585698643,Capital,2,ethnicGroupsYear,4,0
290,68779923_4_1832350971585698643,Capital,2,callingCode,5,0
291,28079336_2_2139598421036200532,Company,3,rdf-schema#label,0,1
292,28079336_2_2139598421036200532,Industry,1,rdf-schema#label,0,0
293,28079336_2_2139598421036200532,Date,0,rdf-schema#label,0,0
294,28079336_2_2139598421036200532,Company,3,logo,2,0
295,28079336_2_2139598421036200532,Industry,1,logo,2,0
296,28079336_2_2139598421036200532,Date,0,logo,2,0
297,28079336_2_2139598421036200532,Company,3,industry,3,0
298,28079336_2_2139598421036200532,Industry,1,industry,3,1
299,28079336_2_2139598421036200532,Date,0,industry,3,0
300,28079336_2_2139598421036200532,Industry,1,keyPeople,1,0
301,28079336_2_2139598421036200532,Total Laid Off,2,keyPeople,1,0
302,21329809_0_5526008408364682899,City,5,rdf-schema#label,0,1
303,21329809_0_5526008408364682899,City population,2,rdf-schema#label,0,0
304,21329809_0_5526008408364682899,Metro population,1,rdf-schema#label,0,0
305,21329809_0_5526008408364682899,Mayor,3,rdf-schema#label,0,0
306,21329809_0_5526008408364682899,City,5,name,4,0
307,21329809_0_5526008408364682899,Country,4,name,4,0
308,21329809_0_5526008408364682899,City population,2,name,4,0
309,21329809_0_5526008408364682899,Mayor,3,name,4,0
310,21329809_0_5526008408364682899,City,5,populationTotal,3,0
311,21329809_0_5526008408364682899,Country,4,populationTotal,3,0
312,21329809_0_5526008408364682899,City population,2,populationTotal,3,1
313,21329809_0_5526008408364682899,Metro population,1,populationTotal,3,0
314,21329809_0_5526008408364682899,Mayor,3,populationTotal,3,0
315,21329809_0_5526008408364682899,World rank,0,populationTotal,3,0
316,21329809_0_5526008408364682899,Country,4,country,6,1
317,21329809_0_5526008408364682899,City population,2,country,6,0
318,21329809_0_5526008408364682899,Mayor,3,country,6,0
319,21329809_0_5526008408364682899,Country,4,timeZone,7,0
320,21329809_0_5526008408364682899,World rank,0,timeZone,7,0
321,21329809_0_5526008408364682899,Country,4,mayor,5,0
322,21329809_0_5526008408364682899,City population,2,mayor,5,0
323,21329809_0_5526008408364682899,Mayor,3,mayor,5,1
324,21329809_0_5526008408364682899,World rank,0,mayor,5,0
325,21329809_0_5526008408364682899,Country,4,populationMetro,2,0
326,21329809_0_5526008408364682899,City population,2,populationMetro,2,0
327,21329809_0_5526008408364682899,Metro population,1,populationMetro,2,1
328,21329809_0_5526008408364682899,City population,2,timezoneDst,1,0
329,21329809_0_5526008408364682899,Mayor,3,timezoneDst,1,0
330,21329809_0_5526008408364682899,World rank,0,timezoneDst,1,0
331,25404227_0_2240631045609013057,Title,4,rdf-schema#label,0,1
332,25404227_0_2240631045609013057,Year,3,rdf-schema#label,0,0
333,25404227_0_2240631045609013057,Director(s),1,rdf-schema#label,0,0
334,25404227_0_2240631045609013057,Rank,0,rdf-schema#label,0,0
335,25404227_0_2240631045609013057,Overall Rank,2,rdf-schema#label,0,0
336,25404227_0_2240631045609013057,Title,4,director,1,0
337,25404227_0_2240631045609013057,Year,3,director,1,0
338,25404227_0_2240631045609013057,Director(s),1,director,1,1
339,25404227_0_2240631045609013057,Rank,0,director,1,0
340,25404227_0_2240631045609013057,Overall Rank,2,director,1,0
341,25404227_0_2240631045609013057,Title,4,releaseDate,2,0
342,25404227_0_2240631045609013057,Year,3,releaseDate,2,1
343,25404227_0_2240631045609013057,Director(s),1,releaseDate,2,0
344,25404227_0_2240631045609013057,Rank,0,releaseDate,2,0
345,25404227_0_2240631045609013057,Overall Rank,2,releaseDate,2,0
346,89511064_0_2199624509082573904,Country,1,rdf-schema#label,0,1
347,89511064_0_2199624509082573904,Capital,2,rdf-schema#label,0,0
348,89511064_0_2199624509082573904,FIPS,3,rdf-schema#label,0,0
349,89511064_0_2199624509082573904,Region,7,rdf-schema#label,0,0
350,89511064_0_2199624509082573904,Country,1,leaderTitle,2,0
351,89511064_0_2199624509082573904,Country,1,gdpNominalYear,6,0
352,89511064_0_2199624509082573904,Capital,2,gdpNominalYear,6,0
353,89511064_0_2199624509082573904,Internet,6,gdpNominalYear,6,0
354,89511064_0_2199624509082573904,Country,1,capital,4,0
355,89511064_0_2199624509082573904,Capital,2,capital,4,1
356,89511064_0_2199624509082573904,ISO (2),4,capital,4,0
357,89511064_0_2199624509082573904,FIPS,3,capital,4,0
358,89511064_0_2199624509082573904,Note,9,capital,4,0
359,89511064_0_2199624509082573904,Country,1,iso31661Code,3,0
360,89511064_0_2199624509082573904,ISO (2),4,iso31661Code,3,1
361,89511064_0_2199624509082573904,Internet,6,iso31661Code,3,0
362,89511064_0_2199624509082573904,Capital,2,currencyCode,7,0
363,89511064_0_2199624509082573904,ISO (2),4,currencyCode,7,0
364,89511064_0_2199624509082573904,Region,7,currencyCode,7,0
365,75154185_0_1607627349983289012,City,5,rdf-schema#label,0,1
366,75154185_0_1607627349983289012,Country,4,rdf-schema#label,0,0
367,75154185_0_1607627349983289012,City population,2,rdf-schema#label,0,0
368,75154185_0_1607627349983289012,Metro population,1,rdf-schema#label,0,0
369,75154185_0_1607627349983289012,Mayor,3,rdf-schema#label,0,0
370,75154185_0_1607627349983289012,World rank,0,rdf-schema#label,0,0
371,75154185_0_1607627349983289012,City,5,country,3,0
372,75154185_0_1607627349983289012,Country,4,country,3,1
373,75154185_0_1607627349983289012,City population,2,country,3,0
374,75154185_0_1607627349983289012,Metro population,1,country,3,0
375,75154185_0_1607627349983289012,Mayor,3,country,3,0
376,75154185_0_1607627349983289012,City,5,populationTotal,4,0
377,75154185_0_1607627349983289012,Country,4,populationTotal,4,0
378,75154185_0_1607627349983289012,City population,2,populationTotal,4,1
379,75154185_0_1607627349983289012,Metro population,1,populationTotal,4,0
380,75154185_0_1607627349983289012,Mayor,3,populationTotal,4,0
381,75154185_0_1607627349983289012,World rank,0,populationTotal,4,0
382,75154185_0_1607627349983289012,Country,4,mayor,1,0
383,75154185_0_1607627349983289012,City population,2,mayor,1,0
384,75154185_0_1607627349983289012,Metro population,1,mayor,1,0
385,75154185_0_1607627349983289012,Mayor,3,mayor,1,1
386,75154185_0_1607627349983289012,World rank,0,mayor,1,0
387,75154185_0_1607627349983289012,City population,2,populationMetro,2,0
388,75154185_0_1607627349983289012,Metro population,1,populationMetro,2,1
389,75154185_0_1607627349983289012,World rank,0,populationMetro,2,0
390,96203994_0_2127964719640427252,Company??,0,rdf-schema#label,0,1
391,96203994_0_2127964719640427252,Industry??,2,rdf-schema#label,0,0
392,96203994_0_2127964719640427252,Symbol??,3,rdf-schema#label,0,0
393,96203994_0_2127964719640427252,Date Added??,1,rdf-schema#label,0,0
394,96203994_0_2127964719640427252,Company??,0,industry,2,0
395,96203994_0_2127964719640427252,Industry??,2,industry,2,1
396,96203994_0_2127964719640427252,Symbol??,3,industry,2,0
397,96203994_0_2127964719640427252,Date Added??,1,industry,2,0
398,96203994_0_2127964719640427252,Company??,0,products,3,0
399,96203994_0_2127964719640427252,Industry??,2,products,3,0
400,96203994_0_2127964719640427252,Symbol??,3,products,3,0
401,96203994_0_2127964719640427252,Date Added??,1,products,3,0
402,96203994_0_2127964719640427252,Company??,0,symbol,1,0
403,96203994_0_2127964719640427252,Industry??,2,symbol,1,0
404,96203994_0_2127964719640427252,Symbol??,3,symbol,1,1
405,96203994_0_2127964719640427252,Date Added??,1,symbol,1,0
406,68779923_2_1000046510804975562,Date,5,establishedDate,6,1
407,68779923_2_1000046510804975562,Capital,2,establishedDate,6,0
408,68779923_2_1000046510804975562,Government,1,establishedDate,6,0
409,68779923_2_1000046510804975562,Date,5,rdf-schema#label,0,0
410,68779923_2_1000046510804975562,Capital,2,rdf-schema#label,0,0
411,68779923_2_1000046510804975562,Government,1,rdf-schema#label,0,0
412,68779923_2_1000046510804975562,Languages,3,rdf-schema#label,0,0
413,68779923_2_1000046510804975562,Previous Names,4,rdf-schema#label,0,0
414,68779923_2_1000046510804975562,Date,5,populationTotalRanking,2,0
415,68779923_2_1000046510804975562,Capital,2,populationTotalRanking,2,0
416,68779923_2_1000046510804975562,Government,1,populationTotalRanking,2,0
417,68779923_2_1000046510804975562,Date,5,language,7,0
418,68779923_2_1000046510804975562,Capital,2,language,7,0
419,68779923_2_1000046510804975562,Languages,3,language,7,1
420,68779923_2_1000046510804975562,Previous Names,4,language,7,0
421,68779923_2_1000046510804975562,Name,0,language,7,0
422,68779923_2_1000046510804975562,Capital,2,capital,1,1
423,68779923_2_1000046510804975562,Languages,3,capital,1,0
424,68779923_2_1000046510804975562,Previous Names,4,capital,1,0
425,68779923_2_1000046510804975562,Capital,2,governmentType,3,0
426,68779923_2_1000046510804975562,Government,1,governmentType,3,1
427,68779923_2_1000046510804975562,Languages,3,governmentType,3,0
428,68779923_2_1000046510804975562,Previous Names,4,governmentType,3,0
429,68779923_2_1000046510804975562,Government,1,languages,5,0
430,79327346_0_5787863739697336601,Capital,2,capital,2,1
431,79327346_0_5787863739697336601,Country,3,capital,2,0
432,79327346_0_5787863739697336601,0,0,capital,2,0
433,79327346_0_5787863739697336601,Capital,2,rdf-schema#label,0,0
434,79327346_0_5787863739697336601,Capital,2,commonName,3,0
435,79327346_0_5787863739697336601,Country,3,wgs84_pos#lat,1,0
436,79327346_0_5787863739697336601,0,0,wgs84_pos#lat,1,0
437,11599512_1_280388135214354946,Capitale,1,capital,1,1
438,11599512_1_280388135214354946,Heure,2,capital,1,0
439,11599512_1_280388135214354946,Nom en anglais,4,capital,1,0
440,11599512_1_280388135214354946,A,0,capital,1,0
441,11599512_1_280388135214354946,Endroit,3,capital,1,0
442,11599512_1_280388135214354946,Capitale,1,rdf-schema#label,0,0
443,11599512_1_280388135214354946,Heure,2,rdf-schema#label,0,0
444,11599512_1_280388135214354946,Capitale,1,conventionalLongName,2,0
445,11599512_1_280388135214354946,A,0,conventionalLongName,2,0
446,11599512_1_280388135214354946,Capitale,1,timeZone,3,0
447,11599512_1_280388135214354946,Heure,2,timeZone,3,1
448,11599512_1_280388135214354946,Nom en anglais,4,timeZone,3,0
449,11599512_1_280388135214354946,A,0,timeZone,3,0
450,41336118_0_4331895026409635103,Industry,3,industry,6,1
451,41336118_0_4331895026409635103,Sales ($bil),4,industry,6,0
452,41336118_0_4331895026409635103,Country,6,industry,6,0
453,41336118_0_4331895026409635103,Company,0,industry,6,0
454,41336118_0_4331895026409635103,Profits ($bil),1,industry,6,0
455,41336118_0_4331895026409635103,Industry,3,rdf-schema#label,0,0
456,41336118_0_4331895026409635103,Sales ($bil),4,rdf-schema#label,0,0
457,41336118_0_4331895026409635103,Industry,3,logo,4,0
458,41336118_0_4331895026409635103,Sales ($bil),4,logo,4,0
459,41336118_0_4331895026409635103,Industry,3,revenue,7,0
460,41336118_0_4331895026409635103,Sales ($bil),4,revenue,7,1
461,41336118_0_4331895026409635103,Assets ($bil),2,revenue,7,0
462,41336118_0_4331895026409635103,Profits ($bil),1,revenue,7,0
463,41336118_0_4331895026409635103,Industry,3,assets,2,0
464,41336118_0_4331895026409635103,Sales ($bil),4,assets,2,0
465,41336118_0_4331895026409635103,Assets ($bil),2,assets,2,1
466,41336118_0_4331895026409635103,Profits ($bil),1,assets,2,0
467,41336118_0_4331895026409635103,Assets ($bil),2,logoSize,1,0
468,41336118_0_4331895026409635103,Country,6,logoSize,1,0
469,41336118_0_4331895026409635103,Company,0,logoSize,1,0
470,41336118_0_4331895026409635103,Market Value ($bil),5,logoSize,1,0
471,41336118_0_4331895026409635103,Country,6,locationCountry,8,1
472,41336118_0_4331895026409635103,Company,0,locationCountry,8,0
473,41336118_0_4331895026409635103,Profits ($bil),1,locationCountry,8,0
474,41336118_0_4331895026409635103,Market Value ($bil),5,locationCountry,8,0
475,41336118_0_4331895026409635103,Country,6,areaServed,5,0
476,39650055_5_7135804139753401681,Industry,1,industry,2,1
477,39650055_5_7135804139753401681,Brand,3,industry,2,0
478,39650055_5_7135804139753401681,Rank,0,industry,2,0
479,39650055_5_7135804139753401681,Value,2,industry,2,0
480,39650055_5_7135804139753401681,Industry,1,rdf-schema#label,0,0
481,39650055_5_7135804139753401681,Industry,1,thumbnail,1,0
482,39650055_5_7135804139753401681,Brand,3,thumbnail,1,0
483,64092785_0_4696367782987533337,Industry,2,industry,3,1
484,64092785_0_4696367782987533337,Symbol,1,industry,3,0
485,64092785_0_4696367782987533337,Company,0,industry,3,0
486,64092785_0_4696367782987533337,Industry,2,logo,2,0
487,64092785_0_4696367782987533337,Symbol,1,logo,2,0
488,64092785_0_4696367782987533337,Industry,2,rdf-schema#label,0,0
489,64092785_0_4696367782987533337,Symbol,1,rdf-schema#label,0,0
490,64092785_0_4696367782987533337,Industry,2,symbol,1,0
491,64092785_0_4696367782987533337,Symbol,1,symbol,1,1
492,64092785_0_4696367782987533337,Company,0,symbol,1,0
493,80184932_0_4240003884724905487,Industry,0,industry,3,1
494,80184932_0_4240003884724905487,Video uses/ Type of video,1,industry,3,0
495,80184932_0_4240003884724905487,Company/Organization,2,industry,3,0
496,80184932_0_4240003884724905487,Industry,0,rdf-schema#label,0,0
497,80184932_0_4240003884724905487,Video uses/ Type of video,1,rdf-schema#label,0,0
498,80184932_0_4240003884724905487,Industry,0,logo,2,0
499,80184932_0_4240003884724905487,Video uses/ Type of video,1,logo,2,0
500,16767252_0_2409448375013995751,Year,3,releaseDate,2,1
501,16767252_0_2409448375013995751,Director(s),1,releaseDate,2,0
502,16767252_0_2409448375013995751,Title,4,releaseDate,2,0
503,16767252_0_2409448375013995751,Fans' Rank,0,releaseDate,2,0
504,16767252_0_2409448375013995751,Year,3,rdf-schema#label,0,0
505,16767252_0_2409448375013995751,Director(s),1,rdf-schema#label,0,0
506,16767252_0_2409448375013995751,Overall Rank,2,rdf-schema#label,0,0
507,16767252_0_2409448375013995751,Year,3,writer,1,0
508,16767252_0_2409448375013995751,Director(s),1,writer,1,0
509,16767252_0_2409448375013995751,Director(s),1,director,3,1
510,16767252_0_2409448375013995751,Title,4,director,3,0
511,16767252_0_2409448375013995751,Fans' Rank,0,director,3,0
512,21362676_0_6854186738074119688,Year,3,releaseDate,2,1
513,21362676_0_6854186738074119688,Overall Rank,2,releaseDate,2,0
514,21362676_0_6854186738074119688,Fans' Rank,0,releaseDate,2,0
515,21362676_0_6854186738074119688,Year,3,rdf-schema#label,0,0
516,21362676_0_6854186738074119688,Director(s),1,rdf-schema#label,0,0
517,21362676_0_6854186738074119688,Year,3,musicComposer,3,0
518,21362676_0_6854186738074119688,Year,3,director,4,0
519,21362676_0_6854186738074119688,Director(s),1,director,4,1
520,21362676_0_6854186738074119688,Fans' Rank,0,director,4,0
521,21362676_0_6854186738074119688,Title,4,director,4,0
522,21362676_0_6854186738074119688,Director(s),1,producer,1,0
523,54719588_0_8417197176086756912,Year,10,releaseDate,3,1
524,54719588_0_8417197176086756912,New?,1,releaseDate,3,0
525,54719588_0_8417197176086756912,Title,6,releaseDate,3,0
526,54719588_0_8417197176086756912,Theater,5,releaseDate,3,0
527,54719588_0_8417197176086756912,Sequence,0,releaseDate,3,0
528,54719588_0_8417197176086756912,Year,10,rdf-schema#label,0,0
529,54719588_0_8417197176086756912,Country,4,rdf-schema#label,0,0
530,54719588_0_8417197176086756912,Director,7,rdf-schema#label,0,0
531,54719588_0_8417197176086756912,13,9,rdf-schema#label,0,0
532,54719588_0_8417197176086756912,Year,10,country,2,0
533,54719588_0_8417197176086756912,Country,4,country,2,1
534,54719588_0_8417197176086756912,Director,7,country,2,0
535,54719588_0_8417197176086756912,New?,1,country,2,0
536,54719588_0_8417197176086756912,Grade,11,country,2,0
537,54719588_0_8417197176086756912,12,8,country,2,0
538,54719588_0_8417197176086756912,Country,4,director,1,0
539,54719588_0_8417197176086756912,Director,7,director,1,1
540,54719588_0_8417197176086756912,New?,1,director,1,0
541,54719588_0_8417197176086756912,Title,6,director,1,0
542,54719588_0_8417197176086756912,12,8,director,1,0
543,53822652_0_5767892317858575530,Year,2,releaseDate,3,1
544,53822652_0_5767892317858575530,Director,1,releaseDate,3,0
545,53822652_0_5767892317858575530,Date,0,releaseDate,3,0
546,53822652_0_5767892317858575530,Movie,3,releaseDate,3,0
547,53822652_0_5767892317858575530,Year,2,rdf-schema#label,0,0
548,53822652_0_5767892317858575530,Year,2,producer,1,0
549,53822652_0_5767892317858575530,Director,1,producer,1,0
550,53822652_0_5767892317858575530,Year,2,director,4,0
551,53822652_0_5767892317858575530,Director,1,director,4,1
552,53822652_0_5767892317858575530,Date,0,director,4,0
553,53822652_0_5767892317858575530,Movie,3,director,4,0
554,53822652_0_5767892317858575530,Year,2,studio,2,0
555,53822652_0_5767892317858575530,Date,0,caption,5,0
556,20135078_0_7570343137119682530,Year,3,releaseDate,1,1
557,20135078_0_7570343137119682530,Fans' Rank,0,releaseDate,1,0
558,20135078_0_7570343137119682530,Title,4,releaseDate,1,0
559,20135078_0_7570343137119682530,Overall Rank,2,releaseDate,1,0
560,20135078_0_7570343137119682530,Year,3,rdf-schema#label,0,0
561,20135078_0_7570343137119682530,Director(s),1,rdf-schema#label,0,0
562,20135078_0_7570343137119682530,Overall Rank,2,rdf-schema#label,0,0
563,20135078_0_7570343137119682530,Year,3,director,2,0
564,20135078_0_7570343137119682530,Director(s),1,director,2,1
565,20135078_0_7570343137119682530,Fans' Rank,0,director,2,0
566,20135078_0_7570343137119682530,Title,4,director,2,0
567,20135078_0_7570343137119682530,Overall Rank,2,director,2,0
568,20135078_0_7570343137119682530,Director(s),1,writer,3,0
569,73988811_0_2775758476756716904,Released,4,releaseDate,1,1
570,73988811_0_2775758476756716904,View Date,1,releaseDate,1,0
571,73988811_0_2775758476756716904,Rating,2,releaseDate,1,0
572,73988811_0_2775758476756716904,Released,4,rdf-schema#label,0,0
573,73988811_0_2775758476756716904,Director(s),5,rdf-schema#label,0,0
574,73988811_0_2775758476756716904,Released,4,director,3,0
575,73988811_0_2775758476756716904,Director(s),5,director,3,1
576,73988811_0_2775758476756716904,View Date,1,director,3,0
577,73988811_0_2775758476756716904,Title,0,director,3,0
578,73988811_0_2775758476756716904,Director(s),5,caption,4,0
579,73988811_0_2775758476756716904,Amazon,3,caption,4,0
580,11833461_1_3811022039809817402,EU Release Date,4,releaseDate,2,1
581,11833461_1_3811022039809817402,AU Release Date,2,releaseDate,2,0
582,11833461_1_3811022039809817402,PEGI,1,releaseDate,2,0
583,11833461_1_3811022039809817402,Title,0,releaseDate,2,0
584,11833461_1_3811022039809817402,EU Release Date,4,caption,1,0
585,11833461_1_3811022039809817402,Title,0,caption,1,0
586,11833461_1_3811022039809817402,EU Release Date,4,rdf-schema#label,0,0
587,11833461_1_3811022039809817402,Publisher,5,rdf-schema#label,0,0
588,11833461_1_3811022039809817402,EU Release Date,4,publisher,4,0
589,11833461_1_3811022039809817402,Publisher,5,publisher,4,1
590,11833461_1_3811022039809817402,AU Release Date,2,publisher,4,0
591,11833461_1_3811022039809817402,PEGI,1,publisher,4,0
592,11833461_1_3811022039809817402,Title,0,publisher,4,0
593,11833461_1_3811022039809817402,Publisher,5,computingPlatform,3,0
594,69881946_0_1105130426898457358,Year,3,releaseDate,4,1
595,69881946_0_1105130426898457358,Director(s),1,releaseDate,4,0
596,69881946_0_1105130426898457358,Title,4,releaseDate,4,0
597,69881946_0_1105130426898457358,Fans' Rank,0,releaseDate,4,0
598,69881946_0_1105130426898457358,Year,3,rdf-schema#label,0,0
599,69881946_0_1105130426898457358,Director(s),1,rdf-schema#label,0,0
600,69881946_0_1105130426898457358,Year,3,name,2,0
601,69881946_0_1105130426898457358,Director(s),1,name,2,0
602,69881946_0_1105130426898457358,Director(s),1,director,1,1
603,69881946_0_1105130426898457358,Title,4,director,1,0
604,69881946_0_1105130426898457358,Fans' Rank,0,director,1,0
605,69881946_0_1105130426898457358,Overall Rank,2,director,1,0
606,4501311_8_8306082458935575308,Category,2,genre,2,1
607,4501311_8_8306082458935575308,Title,3,genre,2,0
608,4501311_8_8306082458935575308,Rank,0,genre,2,0
609,4501311_8_8306082458935575308,Category,2,rdf-schema#label,0,0
610,4501311_8_8306082458935575308,Publisher,1,rdf-schema#label,0,0
611,4501311_8_8306082458935575308,Category,2,series,4,0
612,4501311_8_8306082458935575308,Publisher,1,series,4,0
613,4501311_8_8306082458935575308,Rank,0,series,4,0
614,4501311_8_8306082458935575308,Publisher,1,publisher,1,1
615,4501311_8_8306082458935575308,Title,3,publisher,1,0
616,4501311_8_8306082458935575308,Rank,0,publisher,1,0
617,4501311_8_8306082458935575308,Publisher,1,caption,3,0
618,4501311_8_8306082458935575308,Rank,0,caption,3,0
619,36102169_0_7739454799295072814,Platform,0,computingPlatform,3,1
620,36102169_0_7739454799295072814,Developer,3,computingPlatform,3,0
621,36102169_0_7739454799295072814,Units Sold (in millions),1,computingPlatform,3,0
622,36102169_0_7739454799295072814,Game Title,2,computingPlatform,3,0
623,36102169_0_7739454799295072814,Platform,0,genre,2,0
624,36102169_0_7739454799295072814,Developer,3,genre,2,0
625,36102169_0_7739454799295072814,Platform,0,rdf-schema#label,0,0
626,36102169_0_7739454799295072814,Developer,3,rdf-schema#label,0,0
627,36102169_0_7739454799295072814,Platform,0,developer,1,0
628,36102169_0_7739454799295072814,Developer,3,developer,1,1
629,36102169_0_7739454799295072814,Game Title,2,developer,1,0
630,36102169_0_7739454799295072814,Units Sold (in millions),1,releaseDate,4,0
631,36102169_0_7739454799295072814,Game Title,2,releaseDate,4,0
632,61753761_9_4735181228515289890,Stadt,3,location,1,1
633,61753761_9_4735181228515289890,Museum,4,location,1,0
634,61753761_9_4735181228515289890,RANG,0,location,1,0
635,61753761_9_4735181228515289890,Tendenz,2,location,1,0
636,61753761_9_4735181228515289890,Stadt,3,rdf-schema#label,0,0
637,61753761_9_4735181228515289890,Stadt,3,wgs84_pos#lat,2,0
638,61753761_9_4735181228515289890,Tendenz,2,wgs84_pos#lat,2,0
639,3887681_0_7938589465814037992,Kanton,3,location,1,1
640,3887681_0_7938589465814037992,Name,0,location,1,0
641,3887681_0_7938589465814037992,Baujahr,2,location,1,0
642,3887681_0_7938589465814037992,Typ,4,location,1,0
643,3887681_0_7938589465814037992,Kanton,3,rdf-schema#label,0,0
644,3887681_0_7938589465814037992,H?he,5,rdf-schema#label,0,0
645,3887681_0_7938589465814037992,Baujahr,2,rdf-schema#label,0,0
646,3887681_0_7938589465814037992,Kanton,3,wgs84_pos#lat,3,0
647,3887681_0_7938589465814037992,H?he,5,elevation,4,1
648,3887681_0_7938589465814037992,Baujahr,2,elevation,4,0
649,3887681_0_7938589465814037992,See,1,elevation,4,0
650,3887681_0_7938589465814037992,H?he,5,maximumDepth,2,0
651,3887681_0_7938589465814037992,Baujahr,2,maximumDepth,2,0
652,21245481_0_8730460088443117515,State/Province,0,location,1,1
653,21245481_0_8730460088443117515,Lake Name,2,location,1,0
654,21245481_0_8730460088443117515,File Size,1,location,1,0
655,21245481_0_8730460088443117515,State/Province,0,rdf-schema#label,0,0
656,21245481_0_8730460088443117515,File Size,1,rdf-schema#label,0,0
657,21245481_0_8730460088443117515,State/Province,0,wgs84_pos#lat,2,0
658,21245481_0_8730460088443117515,File Size,1,basinCountries,3,0
659,41819807_0_3139249984404131679,Location,2,location,2,1
660,41819807_0_3139249984404131679,Area in sq. miles,1,location,2,0
661,41819807_0_3139249984404131679,Lake,0,location,2,0
662,41819807_0_3139249984404131679,Location,2,rdf-schema#label,0,0
663,41819807_0_3139249984404131679,Area in sq. miles,1,rdf-schema#label,0,0
664,41819807_0_3139249984404131679,Location,2,areaOfCatchment,3,0
665,41819807_0_3139249984404131679,Lake,0,areaOfCatchment,3,0
666,41819807_0_3139249984404131679,Location,2,areaTotal,1,0
667,41819807_0_3139249984404131679,Area in sq. miles,1,areaTotal,1,1
668,41819807_0_3139249984404131679,Lake,0,areaTotal,1,0
669,43226272_0_5995103035300388365,2,1,location,2,1
670,43226272_0_5995103035300388365,St Dympna,2,location,2,0
671,43226272_0_5995103035300388365,Carlow,0,location,2,0
672,43226272_0_5995103035300388365,2,1,rdf-schema#label,0,0
673,43226272_0_5995103035300388365,Carlow,0,rdf-schema#label,0,0
674,43226272_0_5995103035300388365,2,1,openingYear,1,0
675,43226272_0_5995103035300388365,Carlow,0,openingYear,1,0
676,54773498_0_4341462266113591159,City,5,location,2,1
677,54773498_0_4341462266113591159,Country,4,location,2,0
678,54773498_0_4341462266113591159,Meters,2,location,2,0
679,54773498_0_4341462266113591159,Name,0,location,2,0
680,54773498_0_4341462266113591159,Feets,1,location,2,0
681,54773498_0_4341462266113591159,City,5,rdf-schema#label,0,0
682,54773498_0_4341462266113591159,City,5,country,3,0
683,54773498_0_4341462266113591159,Country,4,country,3,1
684,54773498_0_4341462266113591159,Meters,2,country,3,0
685,54773498_0_4341462266113591159,Name,0,country,3,0
686,54773498_0_4341462266113591159,Feets,1,country,3,0
687,54773498_0_4341462266113591159,City,5,name,1,0
688,54773498_0_4341462266113591159,Country,4,name,1,0
689,54773498_0_4341462266113591159,Meters,2,name,1,0
690,54773498_0_4341462266113591159,Feets,1,name,1,0
691,54773498_0_4341462266113591159,Pictures,3,name,1,0
692,54773498_0_4341462266113591159,Country,4,height,4,0
693,54773498_0_4341462266113591159,Meters,2,height,4,1
694,54773498_0_4341462266113591159,Feets,1,height,4,0
695,90325533_0_6668263142989366843,Ashton-under-Lyne,1,location,1,1
696,90325533_0_6668263142989366843,Tameside General Hospital,0,location,1,0
697,90325533_0_6668263142989366843,Breast Care Unit,2,location,1,0
698,90325533_0_6668263142989366843,Ashton-under-Lyne,1,rdf-schema#label,0,0
699,90325533_0_6668263142989366843,Breast Care Unit,2,rdf-schema#label,0,0
700,90325533_0_6668263142989366843,Ashton-under-Lyne,1,healthcare,2,0
701,90325533_0_6668263142989366843,Tameside General Hospital,0,healthcare,2,0
702,32051842_5_1757891723986774036,Stadt,2,location,1,1
703,32051842_5_1757891723986774036,Museum,3,location,1,0
704,32051842_5_1757891723986774036,RANG,0,location,1,0
705,32051842_5_1757891723986774036,Stadt,2,rdf-schema#label,0,0
706,32051842_5_1757891723986774036,RANG,0,rdf-schema#label,0,0
707,32051842_5_1757891723986774036,Facebook-Fans,1,rdf-schema#label,0,0
708,93078729_0_1451251196788678526,Location,1,location,2,1
709,93078729_0_1451251196788678526,Alternate Name,2,location,2,0
710,93078729_0_1451251196788678526,Body of Water,0,location,2,0
711,93078729_0_1451251196788678526,Location,1,rdf-schema#label,0,0
712,93078729_0_1451251196788678526,Alternate Name,2,rdf-schema#label,0,0
713,93078729_0_1451251196788678526,Location,1,basinCountries,1,0
714,93078729_0_1451251196788678526,Body of Water,0,basinCountries,1,0
715,43469354_0_6029017163991310319,Country,4,country,1,1
716,43469354_0_6029017163991310319,City population,2,country,1,0
717,43469354_0_6029017163991310319,Metro population,1,country,1,0
718,43469354_0_6029017163991310319,City,5,country,1,0
719,43469354_0_6029017163991310319,Country,4,subdivisionType,2,0
720,43469354_0_6029017163991310319,Country,4,areaTotalKm,3,0
721,43469354_0_6029017163991310319,City population,2,areaTotalKm,3,0
722,43469354_0_6029017163991310319,Metro population,1,areaTotalKm,3,0
723,43469354_0_6029017163991310319,World rank,0,areaTotalKm,3,0
724,43469354_0_6029017163991310319,Country,4,populationTotal,4,0
725,43469354_0_6029017163991310319,City population,2,populationTotal,4,1
726,43469354_0_6029017163991310319,Metro population,1,populationTotal,4,0
727,43469354_0_6029017163991310319,City,5,populationTotal,4,0
728,43469354_0_6029017163991310319,City population,2,populationMetro,6,0
729,43469354_0_6029017163991310319,Metro population,1,populationMetro,6,1
730,43469354_0_6029017163991310319,World rank,0,populationMetro,6,0
731,43469354_0_6029017163991310319,Metro population,1,location,5,0
732,43469354_0_6029017163991310319,World rank,0,location,5,0
733,29886325_0_1448173912684571475,Country,4,country,4,1
734,29886325_0_1448173912684571475,Metro population,1,country,4,0
735,29886325_0_1448173912684571475,Mayor,3,country,4,0
736,29886325_0_1448173912684571475,City,5,country,4,0
737,29886325_0_1448173912684571475,Country,4,timezone,5,0
738,29886325_0_1448173912684571475,Mayor,3,timezone,5,0
739,29886325_0_1448173912684571475,Country,4,name,2,0
740,29886325_0_1448173912684571475,City population,2,name,2,0
741,29886325_0_1448173912684571475,Metro population,1,name,2,0
742,29886325_0_1448173912684571475,Mayor,3,name,2,0
743,29886325_0_1448173912684571475,City,5,name,2,0
744,29886325_0_1448173912684571475,Country,4,populationTotal,1,0
745,29886325_0_1448173912684571475,City population,2,populationTotal,1,1
746,29886325_0_1448173912684571475,Metro population,1,populationTotal,1,0
747,29886325_0_1448173912684571475,City,5,populationTotal,1,0
748,29886325_0_1448173912684571475,Country,4,mayor,3,0
749,29886325_0_1448173912684571475,City population,2,mayor,3,0
750,29886325_0_1448173912684571475,Metro population,1,mayor,3,0
751,29886325_0_1448173912684571475,Mayor,3,mayor,3,1
752,29886325_0_1448173912684571475,City,5,mayor,3,0
753,29886325_0_1448173912684571475,City population,2,PopulatedPlace/areaTotal,6,0
754,29886325_0_1448173912684571475,Metro population,1,PopulatedPlace/areaTotal,6,0
755,29886325_0_1448173912684571475,City population,2,populationMetro,8,0
756,29886325_0_1448173912684571475,Metro population,1,populationMetro,8,1
757,29886325_0_1448173912684571475,World rank,0,populationMetro,8,0
758,29886325_0_1448173912684571475,City population,2,politicalLeader,7,0
759,29886325_0_1448173912684571475,Mayor,3,rdf-schema#label,0,0
760,8468806_0_4382447409703007384,Staat(en),3,country,5,1
761,8468806_0_4382447409703007384,FlÃ¤che-(km2),4,country,5,0
762,8468806_0_4382447409703007384,LÃ¤nge-(km),1,country,5,0
763,8468806_0_4382447409703007384,Max.-Tiefe-(m),2,country,5,0
764,8468806_0_4382447409703007384,Volumen-(km?),5,country,5,0
765,8468806_0_4382447409703007384,Name,6,country,5,0
766,8468806_0_4382447409703007384,Staat(en),3,rdf-schema#label,0,0
767,8468806_0_4382447409703007384,Staat(en),3,areaTotal,2,0
768,8468806_0_4382447409703007384,FlÃ¤che-(km2),4,areaTotal,2,1
769,8468806_0_4382447409703007384,LÃ¤nge-(km),1,areaTotal,2,0
770,8468806_0_4382447409703007384,Name,6,areaTotal,2,0
771,8468806_0_4382447409703007384,Rang,0,areaTotal,2,0
772,8468806_0_4382447409703007384,Staat(en),3,maximumDepth,3,0
773,8468806_0_4382447409703007384,FlÃ¤che-(km2),4,maximumDepth,3,0
774,8468806_0_4382447409703007384,Max.-Tiefe-(m),2,maximumDepth,3,1
775,8468806_0_4382447409703007384,Name,6,maximumDepth,3,0
776,8468806_0_4382447409703007384,FlÃ¤che-(km2),4,volume,4,0
777,8468806_0_4382447409703007384,Max.-Tiefe-(m),2,volume,4,0
778,8468806_0_4382447409703007384,Volumen-(km?),5,volume,4,1
779,8468806_0_4382447409703007384,Rang,0,volume,4,0
780,8468806_0_4382447409703007384,FlÃ¤che-(km2),4,averageDepth,1,0
781,8468806_0_4382447409703007384,LÃ¤nge-(km),1,averageDepth,1,0
782,8468806_0_4382447409703007384,Max.-Tiefe-(m),2,averageDepth,1,0
783,8468806_0_4382447409703007384,Volumen-(km?),5,averageDepth,1,0
784,8468806_0_4382447409703007384,FlÃ¤che-(km2),4,length,6,0
785,8468806_0_4382447409703007384,LÃ¤nge-(km),1,length,6,1
786,8468806_0_4382447409703007384,Max.-Tiefe-(m),2,length,6,0
787,8468806_0_4382447409703007384,Rang,0,length,6,0
788,8468806_0_4382447409703007384,Name,6,wgs84_pos#long,7,0
789,70404164_0_5498195978476333642,Country,4,country,3,1
790,70404164_0_5498195978476333642,Metro population,1,country,3,0
791,70404164_0_5498195978476333642,Mayor,3,country,3,0
792,70404164_0_5498195978476333642,City,5,country,3,0
793,70404164_0_5498195978476333642,World rank,0,country,3,0
794,70404164_0_5498195978476333642,Country,4,subdivisionName,6,0
795,70404164_0_5498195978476333642,City,5,subdivisionName,6,0
796,70404164_0_5498195978476333642,Country,4,populationTotal,2,0
797,70404164_0_5498195978476333642,City population,2,populationTotal,2,1
798,70404164_0_5498195978476333642,Metro population,1,populationTotal,2,0
799,70404164_0_5498195978476333642,City,5,populationTotal,2,0
800,70404164_0_5498195978476333642,World rank,0,populationTotal,2,0
801,70404164_0_5498195978476333642,Country,4,mayor,5,0
802,70404164_0_5498195978476333642,City population,2,mayor,5,0
803,70404164_0_5498195978476333642,Mayor,3,mayor,5,1
804,70404164_0_5498195978476333642,City population,2,elevation,7,0
805,70404164_0_5498195978476333642,Metro population,1,elevation,7,0
806,70404164_0_5498195978476333642,City population,2,officialName,1,0
807,70404164_0_5498195978476333642,Metro population,1,officialName,1,0
808,70404164_0_5498195978476333642,Mayor,3,officialName,1,0
809,70404164_0_5498195978476333642,World rank,0,officialName,1,0
810,70404164_0_5498195978476333642,City population,2,populationMetro,4,0
811,70404164_0_5498195978476333642,Metro population,1,populationMetro,4,1
812,70404164_0_5498195978476333642,City,5,populationMetro,4,0
813,70404164_0_5498195978476333642,World rank,0,populationMetro,4,0
814,70404164_0_5498195978476333642,City population,2,rdf-schema#label,0,0
815,25933880_0_4058554985574416690,Height,2,height,3,1
816,25933880_0_4058554985574416690,Weight,1,height,3,0
817,25933880_0_4058554985574416690,Wrestler,0,height,3,0
818,25933880_0_4058554985574416690,Height,2,weight,2,0
819,25933880_0_4058554985574416690,Weight,1,weight,2,1
820,25933880_0_4058554985574416690,Wrestler,0,weight,2,0
821,25933880_0_4058554985574416690,Height,2,rdf-schema#label,0,0
822,25933880_0_4058554985574416690,Weight,1,rdf-schema#label,0,0
823,25933880_0_4058554985574416690,Height,2,birthDate,1,0
824,19272019_0_1508498249156534553,University Location,2,city,2,1
825,19272019_0_1508498249156534553,University Type,1,city,2,0
826,19272019_0_1508498249156534553,University Name,0,city,2,0
827,19272019_0_1508498249156534553,University Location,2,rdf-schema#label,0,0
828,19272019_0_1508498249156534553,University Type,1,rdf-schema#label,0,0
829,19272019_0_1508498249156534553,University Location,2,type,3,0
830,19272019_0_1508498249156534553,University Type,1,type,3,1
831,19272019_0_1508498249156534553,University Name,0,type,3,0
832,19272019_0_1508498249156534553,University Type,1,country,1,0
833,19272019_0_1508498249156534553,University Name,0,country,1,0
834,34041816_1_4749054164534706977,Location,4,city,4,1
835,34041816_1_4749054164534706977,Code (IATA),2,city,4,0
836,34041816_1_4749054164534706977,Airport,5,city,4,0
837,34041816_1_4749054164534706977,Total Passengers,1,city,4,0
838,34041816_1_4749054164534706977,Location,4,rdf-schema#label,0,0
839,34041816_1_4749054164534706977,Code (IATA),2,rdf-schema#label,0,0
840,34041816_1_4749054164534706977,Location,4,name,3,0
841,34041816_1_4749054164534706977,Rank,0,name,3,0
842,34041816_1_4749054164534706977,Code (IATA),2,iataLocationIdentifier,2,1
843,34041816_1_4749054164534706977,Airport,5,iataLocationIdentifier,2,0
844,34041816_1_4749054164534706977,Total Passengers,1,iataLocationIdentifier,2,0
845,34041816_1_4749054164534706977,Total Passengers,1,website,1,0
846,34041816_1_4749054164534706977,Rank,0,website,1,0
847,21585935_0_294037497010176843,City,2,city,1,1
848,21585935_0_294037497010176843,Code,0,city,1,0
849,21585935_0_294037497010176843,Airport Name,3,city,1,0
850,21585935_0_294037497010176843,State,1,city,1,0
851,21585935_0_294037497010176843,City,2,location,2,0
852,21585935_0_294037497010176843,Airport Name,3,location,2,0
853,21585935_0_294037497010176843,City,2,elevationF,3,0
854,21585935_0_294037497010176843,Airport Name,3,elevationF,3,0
855,21585935_0_294037497010176843,City,2,iataLocationIdentifier,5,0
856,21585935_0_294037497010176843,Code,0,iataLocationIdentifier,5,1
857,21585935_0_294037497010176843,Airport Name,3,iataLocationIdentifier,5,0
858,21585935_0_294037497010176843,Code,0,icaoLocationIdentifier,4,0
859,21585935_0_294037497010176843,State,1,icaoLocationIdentifier,4,0
860,9686394_0_5980699488362107028,City,2,city,2,1
861,9686394_0_5980699488362107028,Code,0,city,2,0
862,9686394_0_5980699488362107028,Airport Name,3,city,2,0
863,9686394_0_5980699488362107028,City,2,rdf-schema#label,0,0
864,9686394_0_5980699488362107028,Code,0,rdf-schema#label,0,0
865,9686394_0_5980699488362107028,State,1,rdf-schema#label,0,0
866,9686394_0_5980699488362107028,City,2,iataLocationIdentifier,3,0
867,9686394_0_5980699488362107028,Code,0,iataLocationIdentifier,3,1
868,9686394_0_5980699488362107028,Airport Name,3,iataLocationIdentifier,3,0
869,9686394_0_5980699488362107028,Code,0,stat1Header,1,0
870,52299421_0_4473286348258170200,Population,7,populationTotal,3,1
871,52299421_0_4473286348258170200,GDP Per Capita,1,populationTotal,3,0
872,52299421_0_4473286348258170200,GDP Growth Rate,2,populationTotal,3,0
873,52299421_0_4473286348258170200,1998 Data Country,8,populationTotal,3,0
874,52299421_0_4473286348258170200,Population,7,hdi,2,0
875,52299421_0_4473286348258170200,Population,7,caption,1,0
876,52299421_0_4473286348258170200,GDP Per Capita,1,caption,1,0
877,52299421_0_4473286348258170200,GDP,3,caption,1,0
878,52299421_0_4473286348258170200,Popul. Growth,5,caption,1,0
879,52299421_0_4473286348258170200,Population,7,gdpNominal,5,0
880,52299421_0_4473286348258170200,GDP,3,gdpNominal,5,1
881,52299421_0_4473286348258170200,GDP Growth Rate,2,gdpNominal,5,0
882,52299421_0_4473286348258170200,0,0,gdpNominal,5,0
883,52299421_0_4473286348258170200,Population,7,gdpNominalPerCapita,4,0
884,52299421_0_4473286348258170200,GDP Per Capita,1,gdpNominalPerCapita,4,1
885,52299421_0_4473286348258170200,GDP,3,gdpNominalPerCapita,4,0
886,52299421_0_4473286348258170200,GDP Growth Rate,2,gdpNominalPerCapita,4,0
887,52299421_0_4473286348258170200,Popul. Growth,5,gdpNominalPerCapita,4,0
888,52299421_0_4473286348258170200,Infant Mortality,6,language,6,0
889,9206866_1_8114610355671172497,Population,2,populationTotal,3,1
890,9206866_1_8114610355671172497,GNI,1,populationTotal,3,0
891,9206866_1_8114610355671172497,Name,0,populationTotal,3,0
892,9206866_1_8114610355671172497,Income,3,populationTotal,3,0
893,9206866_1_8114610355671172497,Population,2,wgs84_pos#lat,1,0
894,9206866_1_8114610355671172497,GNI,1,wgs84_pos#lat,1,0
895,9206866_1_8114610355671172497,Name,0,wgs84_pos#lat,1,0
896,9206866_1_8114610355671172497,Population,2,rdf-schema#label,0,0
897,9206866_1_8114610355671172497,GNI,1,rdf-schema#label,0,0
898,9206866_1_8114610355671172497,Population,2,giniCoefficient,2,0
899,9206866_1_8114610355671172497,GNI,1,giniCoefficient,2,1
900,9206866_1_8114610355671172497,Name,0,giniCoefficient,2,0
901,9206866_1_8114610355671172497,Income,3,giniCoefficient,2,0
902,76275868_0_4528346580716713695,Population,6,populationTotal,2,1
903,76275868_0_4528346580716713695,Inc PPP,5,populationTotal,2,0
904,76275868_0_4528346580716713695,Religion (T) Eschatology (E),4,populationTotal,2,0
905,76275868_0_4528346580716713695,Population,6,leaderName,1,0
906,76275868_0_4528346580716713695,Life Ex.,3,leaderName,1,0
907,76275868_0_4528346580716713695,Population,6,rdf-schema#label,0,0
908,76275868_0_4528346580716713695,IQ,1,rdf-schema#label,0,0
909,55027702_0_628532586316851176,water gauge,1,elevation,1,1
910,55027702_0_628532586316851176,Lake,0,elevation,1,0
911,55027702_0_628532586316851176,water temperature,2,elevation,1,0
912,55027702_0_628532586316851176,water gauge,1,rdf-schema#label,0,0
913,55027702_0_628532586316851176,water temperature,2,rdf-schema#label,0,0
914,55027702_0_628532586316851176,water gauge,1,basinCountries,2,0
915,55027702_0_628532586316851176,Lake,0,basinCountries,2,0
916,88353875_0_4876234304797064286,Height (m)??,3,elevation,2,1
917,88353875_0_4876234304797064286,Height (Ft)??,2,elevation,2,0
918,88353875_0_4876234304797064286,Fell Name,0,elevation,2,0
919,88353875_0_4876234304797064286,Height (m)??,3,wgs84_pos#lat,4,0
920,88353875_0_4876234304797064286,Fell Name,0,wgs84_pos#lat,4,0
921,88353875_0_4876234304797064286,Height (m)??,3,rdf-schema#label,0,0
922,88353875_0_4876234304797064286,Appears In,1,rdf-schema#label,0,0
923,88353875_0_4876234304797064286,Height (Ft)??,2,rdf-schema#label,0,0
924,88353875_0_4876234304797064286,Height (m)??,3,mountainRange,1,0
925,88353875_0_4876234304797064286,Appears In,1,mountainRange,1,1
926,88353875_0_4876234304797064286,Height (Ft)??,2,mountainRange,1,0
927,88353875_0_4876234304797064286,Fell Name,0,mountainRange,1,0
928,88353875_0_4876234304797064286,Appears In,1,listing,3,0
929,1146722_1_7558140036342906956,ALT (m),5,elevation,2,1
930,1146722_1_7558140036342906956,GRID REF,1,elevation,2,0
931,1146722_1_7558140036342906956,ALT (ft),2,elevation,2,0
932,1146722_1_7558140036342906956,MAP,3,elevation,2,0
933,1146722_1_7558140036342906956,RANKING,6,elevation,2,0
934,1146722_1_7558140036342906956,ALT (m),5,gridRefUk,3,0
935,1146722_1_7558140036342906956,GRID REF,1,gridRefUk,3,1
936,1146722_1_7558140036342906956,PEAK,0,gridRefUk,3,0
937,1146722_1_7558140036342906956,GUIDE,4,gridRefUk,3,0
938,1146722_1_7558140036342906956,ALT (m),5,rdf-schema#label,0,0
939,1146722_1_7558140036342906956,GRID REF,1,rdf-schema#label,0,0
940,1146722_1_7558140036342906956,GRID REF,1,range,1,0
941,1146722_1_7558140036342906956,RANKING,6,range,1,0
942,1146722_1_7558140036342906956,GUIDE,4,range,1,0
943,71840765_0_6664391841933033844,water gauge,1,elevation,2,1
944,71840765_0_6664391841933033844,Lake,0,elevation,2,0
945,71840765_0_6664391841933033844,water temperature,2,elevation,2,0
946,71840765_0_6664391841933033844,water gauge,1,rdf-schema#label,0,0
947,71840765_0_6664391841933033844,water temperature,2,rdf-schema#label,0,0
948,71840765_0_6664391841933033844,water gauge,1,basinCountries,1,0
949,71840765_0_6664391841933033844,Lake,0,basinCountries,1,0
950,88732174_0_7321365014357502211,Team,1,debutTeam,1,1
951,88732174_0_7321365014357502211,Player,4,debutTeam,1,0
952,88732174_0_7321365014357502211,Year,0,debutTeam,1,0
953,88732174_0_7321365014357502211,Team,1,teams,3,0
954,88732174_0_7321365014357502211,Team,1,rdf-schema#label,0,0
955,88732174_0_7321365014357502211,Year,0,rdf-schema#label,0,0
956,88732174_0_7321365014357502211,rWAR w/tm,2,debutleague,2,0
957,74685423_0_8061289760697103949,Genus,4,genus,1,1
958,74685423_0_8061289760697103949,Species,3,genus,1,0
959,74685423_0_8061289760697103949,IUCN,1,genus,1,0
960,74685423_0_8061289760697103949,Common Name,0,genus,1,0
961,74685423_0_8061289760697103949,Genus,4,species,2,0
962,74685423_0_8061289760697103949,Species,3,species,2,1
963,74685423_0_8061289760697103949,IUCN,1,species,2,0
964,74685423_0_8061289760697103949,Common Name,0,species,2,0
965,74685423_0_8061289760697103949,4,2,species,2,0
966,74685423_0_8061289760697103949,Genus,4,rdf-schema#label,0,0
967,74685423_0_8061289760697103949,Species,3,rdf-schema#label,0,0
968,74685423_0_8061289760697103949,IUCN,1,rdf-schema#label,0,0
969,74685423_0_8061289760697103949,Genus,4,status,3,0
970,74685423_0_8061289760697103949,Species,3,status,3,0
971,74685423_0_8061289760697103949,IUCN,1,status,3,1
972,74685423_0_8061289760697103949,Common Name,0,status,3,0
973,84675086_0_6386416780680710863,Genus,4,genus,1,1
974,84675086_0_6386416780680710863,Species,3,genus,1,0
975,84675086_0_6386416780680710863,IUCN,1,genus,1,0
976,84675086_0_6386416780680710863,Common Name,0,genus,1,0
977,84675086_0_6386416780680710863,Genus,4,species,2,0
978,84675086_0_6386416780680710863,Species,3,species,2,1
979,84675086_0_6386416780680710863,IUCN,1,species,2,0
980,84675086_0_6386416780680710863,Common Name,0,species,2,0
981,84675086_0_6386416780680710863,Genus,4,rdf-schema#label,0,0
982,84675086_0_6386416780680710863,Species,3,rdf-schema#label,0,0
983,84675086_0_6386416780680710863,IUCN,1,rdf-schema#label,0,0
984,84675086_0_6386416780680710863,Genus,4,status,3,0
985,84675086_0_6386416780680710863,IUCN,1,status,3,1
986,84675086_0_6386416780680710863,Common Name,0,status,3,0
987,84675086_0_6386416780680710863,4,2,status,3,0
988,1614988_0_8789868670151796042,geb.,1,birthDate,2,1
989,1614988_0_8789868670151796042,gest.,3,birthDate,2,0
990,1614988_0_8789868670151796042,Frieden,6,birthDate,2,0
991,1614988_0_8789868670151796042,Literatur,10,birthDate,2,0
992,1614988_0_8789868670151796042,Physik,7,birthDate,2,0
993,1614988_0_8789868670151796042,geb.,1,deathDate,3,0
994,1614988_0_8789868670151796042,gest.,3,deathDate,3,1
995,1614988_0_8789868670151796042,Frieden,6,deathDate,3,0
996,1614988_0_8789868670151796042,geb.,1,rdf-schema#label,0,0
997,1614988_0_8789868670151796042,gest.,3,rdf-schema#label,0,0
998,1614988_0_8789868670151796042,Wirtsch.,5,field,4,0
999,61069974_0_1894536874590565102,Symbol,1,symbol,3,1
1000,61069974_0_1894536874590565102,Country,0,symbol,3,0
1001,61069974_0_1894536874590565102,Alphabetic code,4,symbol,3,0
1002,61069974_0_1894536874590565102,Subdivision,3,symbol,3,0
1003,61069974_0_1894536874590565102,Currency,5,symbol,3,0
1004,61069974_0_1894536874590565102,Numeric code,2,symbol,3,0
1005,61069974_0_1894536874590565102,Symbol,1,localNameLang,6,0
1006,61069974_0_1894536874590565102,Country,0,localNameLang,6,0
1007,61069974_0_1894536874590565102,Numeric code,2,localNameLang,6,0
1008,61069974_0_1894536874590565102,Symbol,1,isoCode,1,0
1009,61069974_0_1894536874590565102,Alphabetic code,4,isoCode,1,1
1010,61069974_0_1894536874590565102,Subdivision,3,isoCode,1,0
1011,61069974_0_1894536874590565102,Numeric code,2,isoCode,1,0
1012,61069974_0_1894536874590565102,Symbol,1,usingCountry,5,0
1013,61069974_0_1894536874590565102,Country,0,usingCountry,5,1
1014,61069974_0_1894536874590565102,Currency,5,usingCountry,5,0
1015,61069974_0_1894536874590565102,Country,0,rdf-schema#label,0,0
1016,61069974_0_1894536874590565102,Alphabetic code,4,rdf-schema#label,0,0
1017,61069974_0_1894536874590565102,Country,0,subunitName,4,0
1018,61069974_0_1894536874590565102,Subdivision,3,subunitName,4,1
1019,61069974_0_1894536874590565102,Currency,5,subunitName,4,0
1020,61069974_0_1894536874590565102,Numeric code,2,subunitName,4,0
1021,61069974_0_1894536874590565102,Alphabetic code,4,inflationRate,2,0
1022,61069974_0_1894536874590565102,Subdivision,3,inflationRate,2,0
1023,61069974_0_1894536874590565102,Currency,5,inflationRate,2,0
1024,45593932_0_6869375743660252130,Rationale,2,knownFor,2,1
1025,45593932_0_6869375743660252130,Country,1,knownFor,2,0
1026,45593932_0_6869375743660252130,Year,0,knownFor,2,0
1027,45593932_0_6869375743660252130,Laureate.1,3,knownFor,2,0
1028,45593932_0_6869375743660252130,Rationale,2,academicDiscipline,1,0
1029,45593932_0_6869375743660252130,Country,1,academicDiscipline,1,0
1030,45593932_0_6869375743660252130,Rationale,2,rdf-schema#label,0,0
1031,13357355_0_5384862281417742530,INTERPRETI,2,portrayer,3,1
1032,13357355_0_5384862281417742530,DOPPIATORI,1,portrayer,3,0
1033,13357355_0_5384862281417742530,PERSONAGGI PRINCIPALI,0,portrayer,3,0
1034,13357355_0_5384862281417742530,INTERPRETI,2,rdf-schema#label,0,0
1035,13357355_0_5384862281417742530,INTERPRETI,2,lastAppearance,2,0
1036,13357355_0_5384862281417742530,DOPPIATORI,1,lastAppearance,2,0
1037,13357355_0_5384862281417742530,PERSONAGGI PRINCIPALI,0,relatives,1,0
1038,72017594_0_7055198579167316152,Visitor 2009,3,numberOfVisitors,2,1
1039,72017594_0_7055198579167316152,Visitor 2010,1,numberOfVisitors,2,1
1040,72017594_0_7055198579167316152,% Change 09-10,2,numberOfVisitors,2,0
1041,72017594_0_7055198579167316152,Name of Attraction,0,numberOfVisitors,2,0
1042,72017594_0_7055198579167316152,Visitor 2009,3,visitors,1,0
1043,72017594_0_7055198579167316152,Visitor 2010,1,visitors,1,0
1044,72017594_0_7055198579167316152,Category,4,visitors,1,0
1045,72017594_0_7055198579167316152,Visitor 2009,3,rdf-schema#label,0,0
1046,72017594_0_7055198579167316152,Visitor 2010,1,rdf-schema#label,0,0
1047,72017594_0_7055198579167316152,Category,4,rdf-schema#label,0,0
1048,30166286_0_1837439231599898748,Prize,0,award,1,1
1049,30166286_0_1837439231599898748,Winner1,3,award,1,0
1050,30166286_0_1837439231599898748,Year,4,award,1,0
1051,30166286_0_1837439231599898748,Winner2,1,award,1,0
1052,30166286_0_1837439231599898748,Prize,0,knownFor,2,0
1053,30166286_0_1837439231599898748,Prize,0,rdf-schema#label,0,0
1054,30166286_0_1837439231599898748,Winner3,2,rdf-schema#label,0,0
