id1,id2,score,is_correct,classification
http://www.forbes.com/companies/icbc/,fullcontact_408,1.0,True,TP
http://www.forbes.com/companies/china-shenhua-energy/,fullcontact_208,1.0,False,FP
http://www.forbes.com/companies/china-coal-energy/,fullcontact_208,1.0,False,FP
http://www.forbes.com/companies/general-electric/,fullcontact_343,1.0,False,FP
http://www.forbes.com/companies/general-electric/,fullcontact_352,1.0,False,FP
http://www.forbes.com/companies/general-electric/,fullcontact_1330,1.0,False,FP
http://www.forbes.com/companies/general-motors/,fullcontact_349,1.0,False,FP
http://www.forbes.com/companies/general-motors/,fullcontact_352,1.0,False,FP
http://www.forbes.com/companies/general-motors/,fullcontact_356,1.0,False,FP
http://www.forbes.com/companies/general-motors/,fullcontact_1172,1.0,False,FP
http://www.forbes.com/companies/general-dynamics/,fullcontact_349,1.0,False,FP
http://www.forbes.com/companies/general-dynamics/,fullcontact_352,1.0,False,FP
http://www.forbes.com/companies/general-mills/,fullcontact_343,1.0,False,FP
http://www.forbes.com/companies/general-mills/,fullcontact_349,1.0,False,FP
http://www.forbes.com/companies/general-mills/,fullcontact_352,1.0,False,FP
http://www.forbes.com/companies/general-growth-properties/,fullcontact_343,1.0,False,FP
http://www.forbes.com/companies/general-growth-properties/,fullcontact_349,1.0,False,FP
http://www.forbes.com/companies/general-growth-properties/,fullcontact_352,1.0,False,FP
http://www.forbes.com/companies/general-growth-properties/,fullcontact_1330,1.0,False,FP
http://www.forbes.com/companies/wells-fargo/,fullcontact_812,1.0,False,FP
http://www.forbes.com/companies/bank-of-china/,fullcontact_134,1.0,False,FP
http://www.forbes.com/companies/bank-of-china/,fullcontact_162,1.0,False,FP
http://www.forbes.com/companies/bank-of-china/,fullcontact_852,1.0,False,FP
http://www.forbes.com/companies/bank-of-america/,fullcontact_133,1.0,False,FP
http://www.forbes.com/companies/bank-of-america/,fullcontact_134,1.0,False,FP
http://www.forbes.com/companies/bank-of-america/,fullcontact_162,1.0,False,FP
http://www.forbes.com/companies/bank-of-communications/,fullcontact_134,1.0,False,FP
http://www.forbes.com/companies/bank-of-communications/,fullcontact_162,1.0,False,FP
http://www.forbes.com/companies/bank-of-nova-scotia/,fullcontact_134,1.0,False,FP
http://www.forbes.com/companies/bank-of-nova-scotia/,fullcontact_135,1.0,False,FP
http://www.forbes.com/companies/bank-of-nova-scotia/,fullcontact_136,1.0,False,FP
http://www.forbes.com/companies/bank-of-nova-scotia/,fullcontact_162,1.0,False,FP
http://www.forbes.com/companies/bank-of-nova-scotia/,fullcontact_852,1.0,False,FP
http://www.forbes.com/companies/bank-of-montreal/,fullcontact_134,1.0,False,FP
http://www.forbes.com/companies/bank-of-montreal/,fullcontact_162,1.0,False,FP
http://www.forbes.com/companies/bank-of-ny-mellon/,fullcontact_133,1.0,False,FP
http://www.forbes.com/companies/bank-of-ny-mellon/,fullcontact_134,1.0,False,FP
http://www.forbes.com/companies/bank-of-ny-mellon/,fullcontact_135,1.0,False,FP
http://www.forbes.com/companies/bank-of-ny-mellon/,fullcontact_136,1.0,False,FP
http://www.forbes.com/companies/bank-of-ny-mellon/,fullcontact_162,1.0,False,FP
http://www.forbes.com/companies/bank-of-ny-mellon/,fullcontact_852,1.0,False,FP
http://www.forbes.com/companies/bank-of-beijing/,fullcontact_134,1.0,False,FP
http://www.forbes.com/companies/bank-of-beijing/,fullcontact_162,1.0,False,FP
http://www.forbes.com/companies/bank-mandiri/,fullcontact_133,1.0,False,FP
http://www.forbes.com/companies/bank-mandiri/,fullcontact_135,1.0,False,FP
http://www.forbes.com/companies/bank-mandiri/,fullcontact_136,1.0,False,FP
http://www.forbes.com/companies/bank-mandiri/,fullcontact_162,1.0,False,FP
http://www.forbes.com/companies/bank-rakyat-indonesia/,fullcontact_133,1.0,False,FP
http://www.forbes.com/companies/bank-rakyat-indonesia/,fullcontact_135,1.0,False,FP
http://www.forbes.com/companies/bank-rakyat-indonesia/,fullcontact_136,1.0,False,FP
http://www.forbes.com/companies/mt-bank/,fullcontact_133,1.0,False,FP
http://www.forbes.com/companies/mt-bank/,fullcontact_134,1.0,False,FP
http://www.forbes.com/companies/mt-bank/,fullcontact_135,1.0,False,FP
http://www.forbes.com/companies/mt-bank/,fullcontact_136,1.0,False,FP
http://www.forbes.com/companies/mt-bank/,fullcontact_162,1.0,False,FP
http://www.forbes.com/companies/mt-bank/,fullcontact_852,1.0,False,FP
http://www.forbes.com/companies/bank-central-asia/,fullcontact_133,1.0,False,FP
http://www.forbes.com/companies/bank-central-asia/,fullcontact_135,1.0,False,FP
http://www.forbes.com/companies/bank-central-asia/,fullcontact_136,1.0,False,FP
http://www.forbes.com/companies/bank-of-baroda/,fullcontact_134,1.0,False,FP
http://www.forbes.com/companies/bank-of-baroda/,fullcontact_162,1.0,False,FP
http://www.forbes.com/companies/bank-of-east-asia/,fullcontact_134,1.0,False,FP
http://www.forbes.com/companies/bank-of-east-asia/,fullcontact_136,1.0,False,FP
http://www.forbes.com/companies/bank-of-east-asia/,fullcontact_162,1.0,False,FP
http://www.forbes.com/companies/bank-of-east-asia/,fullcontact_852,1.0,False,FP
http://www.forbes.com/companies/bank-hapoalim/,fullcontact_133,1.0,False,FP
http://www.forbes.com/companies/bank-hapoalim/,fullcontact_135,1.0,False,FP
http://www.forbes.com/companies/bank-hapoalim/,fullcontact_136,1.0,False,FP
http://www.forbes.com/companies/bank-hapoalim/,fullcontact_162,1.0,False,FP
http://www.forbes.com/companies/bank-hapoalim/,fullcontact_852,1.0,False,FP
http://www.forbes.com/companies/bank-of-ireland/,fullcontact_134,1.0,False,FP
http://www.forbes.com/companies/bank-of-ireland/,fullcontact_136,1.0,False,FP
http://www.forbes.com/companies/bank-of-ireland/,fullcontact_162,1.0,False,FP
http://www.forbes.com/companies/bank-negara-indonesia/,fullcontact_133,1.0,False,FP
http://www.forbes.com/companies/bank-negara-indonesia/,fullcontact_135,1.0,False,FP
http://www.forbes.com/companies/bank-negara-indonesia/,fullcontact_136,1.0,False,FP
http://www.forbes.com/companies/bank-of-india/,fullcontact_133,1.0,False,FP
http://www.forbes.com/companies/bank-of-india/,fullcontact_134,1.0,False,FP
http://www.forbes.com/companies/bank-of-india/,fullcontact_135,1.0,False,FP
http://www.forbes.com/companies/bank-of-india/,fullcontact_162,1.0,False,FP
http://www.forbes.com/companies/bank-of-greece/,fullcontact_133,1.0,False,FP
http://www.forbes.com/companies/bank-of-greece/,fullcontact_134,1.0,False,FP
http://www.forbes.com/companies/bank-of-greece/,fullcontact_162,1.0,False,FP
http://www.forbes.com/companies/bank-of-yokohama/,fullcontact_134,1.0,False,FP
http://www.forbes.com/companies/bank-of-yokohama/,fullcontact_162,1.0,False,FP
http://www.forbes.com/companies/bank-of-ningbo/,fullcontact_134,1.0,False,FP
http://www.forbes.com/companies/bank-of-ningbo/,fullcontact_162,1.0,False,FP
http://www.forbes.com/companies/bank-of-nanjing/,fullcontact_134,1.0,False,FP
http://www.forbes.com/companies/bank-of-nanjing/,fullcontact_162,1.0,False,FP
http://www.forbes.com/companies/bank-leumi/,fullcontact_133,1.0,False,FP
http://www.forbes.com/companies/bank-leumi/,fullcontact_135,1.0,False,FP
http://www.forbes.com/companies/bank-leumi/,fullcontact_136,1.0,False,FP
http://www.forbes.com/companies/bank-leumi/,fullcontact_162,1.0,False,FP
http://www.forbes.com/companies/bank-leumi/,fullcontact_852,1.0,False,FP
http://www.forbes.com/companies/bank-of-ayudhya/,fullcontact_134,1.0,False,FP
http://www.forbes.com/companies/bank-of-ayudhya/,fullcontact_162,1.0,False,FP
http://www.forbes.com/companies/bank-of-chongqing/,fullcontact_134,1.0,False,FP
http://www.forbes.com/companies/bank-of-chongqing/,fullcontact_162,1.0,False,FP
http://www.forbes.com/companies/77-bank/,fullcontact_133,1.0,False,FP
http://www.forbes.com/companies/77-bank/,fullcontact_134,1.0,False,FP
http://www.forbes.com/companies/77-bank/,fullcontact_135,1.0,False,FP
http://www.forbes.com/companies/77-bank/,fullcontact_136,1.0,False,FP
http://www.forbes.com/companies/77-bank/,fullcontact_162,1.0,False,FP
http://www.forbes.com/companies/77-bank/,fullcontact_852,1.0,False,FP
http://www.forbes.com/companies/bank-of-kyoto/,fullcontact_134,1.0,False,FP
http://www.forbes.com/companies/bank-of-kyoto/,fullcontact_162,1.0,False,FP
http://www.forbes.com/companies/bank-muscat/,fullcontact_133,1.0,True,TP
http://www.forbes.com/companies/bank-muscat/,fullcontact_134,1.0,False,FP
http://www.forbes.com/companies/bank-muscat/,fullcontact_135,1.0,False,FP
http://www.forbes.com/companies/bank-muscat/,fullcontact_136,1.0,False,FP
http://www.forbes.com/companies/bank-muscat/,fullcontact_162,1.0,False,FP
http://www.forbes.com/companies/bank-muscat/,fullcontact_852,1.0,False,FP
http://www.forbes.com/companies/bank-audi/,fullcontact_133,1.0,False,FP
http://www.forbes.com/companies/bank-audi/,fullcontact_134,1.0,False,FP
http://www.forbes.com/companies/bank-audi/,fullcontact_135,1.0,False,FP
http://www.forbes.com/companies/bank-audi/,fullcontact_136,1.0,False,FP
http://www.forbes.com/companies/bank-audi/,fullcontact_162,1.0,False,FP
http://www.forbes.com/companies/bank-audi/,fullcontact_852,1.0,False,FP
http://www.forbes.com/companies/bank-of-queensland/,fullcontact_133,1.0,False,FP
http://www.forbes.com/companies/bank-of-queensland/,fullcontact_134,1.0,False,FP
http://www.forbes.com/companies/bank-of-queensland/,fullcontact_162,1.0,True,TP
http://www.forbes.com/companies/bank-of-nagoya/,fullcontact_134,1.0,False,FP
http://www.forbes.com/companies/bank-of-nagoya/,fullcontact_162,1.0,False,FP
http://www.forbes.com/companies/bank-of-iwate/,fullcontact_134,1.0,False,FP
http://www.forbes.com/companies/bank-of-iwate/,fullcontact_162,1.0,False,FP
http://www.forbes.com/companies/bank-danamon-indonesia/,fullcontact_133,1.0,False,FP
http://www.forbes.com/companies/bank-danamon-indonesia/,fullcontact_135,1.0,False,FP
http://www.forbes.com/companies/bank-danamon-indonesia/,fullcontact_136,1.0,False,FP
http://www.forbes.com/companies/royal-bank-of-canada/,fullcontact_1693,1.0,False,FP
http://www.forbes.com/companies/royal-ahold/,fullcontact_1690,1.0,False,FP
http://www.forbes.com/companies/royal-ahold/,fullcontact_1693,1.0,False,FP
http://www.forbes.com/companies/royal-bank-of-scotland/,fullcontact_1693,1.0,False,FP
http://www.forbes.com/companies/royal-caribbean-cruises/,fullcontact_1693,1.0,False,FP
http://www.forbes.com/companies/royal-boskalis/,fullcontact_1690,1.0,False,FP
http://www.forbes.com/companies/royal-boskalis/,fullcontact_1693,1.0,False,FP
http://www.forbes.com/companies/toyota-motor/,fullcontact_751,1.0,False,FP
http://www.forbes.com/companies/toyota-motor/,fullcontact_1422,1.0,False,FP
http://www.forbes.com/companies/toyota-motor/,fullcontact_1793,1.0,False,FP
http://www.forbes.com/companies/toyota-industries/,fullcontact_751,1.0,False,FP
http://www.forbes.com/companies/toyota-industries/,fullcontact_1422,1.0,False,FP
http://www.forbes.com/companies/toyota-industries/,fullcontact_1793,1.0,False,FP
http://www.forbes.com/companies/toyota-tsusho/,fullcontact_752,1.0,False,FP
http://www.forbes.com/companies/toyota-tsusho/,fullcontact_1422,1.0,False,FP
http://www.forbes.com/companies/toyota-tsusho/,fullcontact_1793,1.0,False,FP
http://www.forbes.com/companies/toyota-boshoku/,fullcontact_751,1.0,False,FP
http://www.forbes.com/companies/toyota-boshoku/,fullcontact_1422,1.0,False,FP
http://www.forbes.com/companies/toyota-boshoku/,fullcontact_1793,1.0,False,FP
http://www.forbes.com/companies/hsbc-holdings/,fullcontact_390,1.0,False,FP
http://www.forbes.com/companies/apple/,fullcontact_102,1.0,False,FP
http://www.forbes.com/companies/citigroup/,fullcontact_215,1.0,False,FP
http://www.forbes.com/companies/bp/,fullcontact_166,1.0,False,FP
http://www.forbes.com/companies/chevron/,fullcontact_207,1.0,True,TP
http://www.forbes.com/companies/volkswagen-group/,fullcontact_802,1.0,True,TP
http://www.forbes.com/companies/gazprom/,fullcontact_342,1.0,False,FP
http://www.forbes.com/companies/att/,fullcontact_117,1.0,False,FP
http://www.forbes.com/companies/bnp-paribas/,fullcontact_159,1.0,False,FP
http://www.forbes.com/companies/total/,fullcontact_749,1.0,False,FP
http://www.forbes.com/companies/total-access-communication/,fullcontact_749,1.0,False,FP
http://www.forbes.com/companies/verizon-communications/,fullcontact_791,1.0,False,FP
http://www.forbes.com/companies/allianz/,fullcontact_77,1.0,True,TP
http://www.forbes.com/companies/daimler/,fullcontact_245,1.0,False,FP
http://www.forbes.com/companies/microsoft/,fullcontact_512,1.0,True,TP
http://www.forbes.com/companies/microsoft/,fullcontact_1116,1.0,False,FP
http://www.forbes.com/companies/rosneft/,fullcontact_631,1.0,True,TP
http://www.forbes.com/companies/ibm/,fullcontact_407,1.0,False,FP
http://www.forbes.com/companies/mitsubishi-ufj-financial/,fullcontact_513,1.0,False,FP
http://www.forbes.com/companies/mitsubishi-ufj-financial/,fullcontact_515,1.0,False,FP
http://www.forbes.com/companies/mitsubishi-ufj-financial/,fullcontact_1589,1.0,False,FP
http://www.forbes.com/companies/mitsubishi-corp/,fullcontact_513,1.0,False,FP
http://www.forbes.com/companies/mitsubishi-corp/,fullcontact_514,1.0,False,FP
http://www.forbes.com/companies/mitsubishi-corp/,fullcontact_1589,1.0,False,FP
http://www.forbes.com/companies/mitsubishi-heavy-industries/,fullcontact_515,1.0,False,FP
http://www.forbes.com/companies/mitsubishi-electric/,fullcontact_514,1.0,False,FP
http://www.forbes.com/companies/mitsubishi-electric/,fullcontact_1589,1.0,False,FP
http://www.forbes.com/companies/mitsubishi-estate/,fullcontact_514,1.0,False,FP
http://www.forbes.com/companies/mitsubishi-estate/,fullcontact_1589,1.0,False,FP
http://www.forbes.com/companies/mitsubishi-motors/,fullcontact_514,1.0,False,FP
http://www.forbes.com/companies/mitsubishi-motors/,fullcontact_515,1.0,False,FP
http://www.forbes.com/companies/mitsubishi-motors/,fullcontact_1589,1.0,False,FP
http://www.forbes.com/companies/mitsubishi-chemical/,fullcontact_514,1.0,False,FP
http://www.forbes.com/companies/mitsubishi-chemical/,fullcontact_1589,1.0,False,FP
http://www.forbes.com/companies/mitsubishi-materials/,fullcontact_513,1.0,False,FP
http://www.forbes.com/companies/mitsubishi-materials/,fullcontact_514,1.0,False,FP
http://www.forbes.com/companies/mitsubishi-materials/,fullcontact_1589,1.0,False,FP
http://www.forbes.com/companies/mitsubishi-ufj-lease/,fullcontact_513,1.0,False,FP
http://www.forbes.com/companies/mitsubishi-ufj-lease/,fullcontact_1589,1.0,False,FP
http://www.forbes.com/companies/vodafone/,fullcontact_800,1.0,False,FP
http://www.forbes.com/companies/eni/,fullcontact_293,1.0,True,TP
http://www.forbes.com/companies/johnson-johnson/,fullcontact_442,1.0,False,FP
http://www.forbes.com/companies/johnson-johnson/,fullcontact_443,1.0,False,FP
http://www.forbes.com/companies/johnson-controls/,fullcontact_443,1.0,False,FP
http://www.forbes.com/companies/johnson-matthey/,fullcontact_492,1.0,True,TP
http://www.forbes.com/companies/american-international-group/,fullcontact_942,1.0,False,FP
http://www.forbes.com/companies/american-international-group/,fullcontact_1198,1.0,False,FP
http://www.forbes.com/companies/american-international-group/,fullcontact_1394,1.0,False,FP
http://www.forbes.com/companies/american-international-group/,fullcontact_1496,1.0,False,FP
http://www.forbes.com/companies/american-express/,fullcontact_89,1.0,False,FP
http://www.forbes.com/companies/american-express/,fullcontact_942,1.0,False,FP
http://www.forbes.com/companies/american-express/,fullcontact_1198,1.0,False,FP
http://www.forbes.com/companies/american-express/,fullcontact_1496,1.0,False,FP
http://www.forbes.com/companies/american-electric/,fullcontact_89,1.0,False,FP
http://www.forbes.com/companies/american-electric/,fullcontact_942,1.0,False,FP
http://www.forbes.com/companies/american-electric/,fullcontact_1198,1.0,False,FP
http://www.forbes.com/companies/american-electric/,fullcontact_1496,1.0,False,FP
http://www.forbes.com/companies/american-airlines-group/,fullcontact_942,1.0,False,FP
http://www.forbes.com/companies/american-airlines-group/,fullcontact_1198,1.0,False,FP
http://www.forbes.com/companies/american-airlines-group/,fullcontact_1394,1.0,False,FP
http://www.forbes.com/companies/american-airlines-group/,fullcontact_1496,1.0,False,FP
http://www.forbes.com/companies/american-capital-agency/,fullcontact_942,1.0,False,FP
http://www.forbes.com/companies/american-capital-agency/,fullcontact_1198,1.0,False,FP
http://www.forbes.com/companies/american-capital-agency/,fullcontact_1394,1.0,False,FP
http://www.forbes.com/companies/american-capital-agency/,fullcontact_1496,1.0,False,FP
http://www.forbes.com/companies/american-tower/,fullcontact_89,1.0,False,FP
http://www.forbes.com/companies/american-tower/,fullcontact_942,1.0,False,FP
http://www.forbes.com/companies/american-tower/,fullcontact_1198,1.0,False,FP
http://www.forbes.com/companies/american-tower/,fullcontact_1496,1.0,False,FP
http://www.forbes.com/companies/american-financial-group/,fullcontact_942,1.0,False,FP
http://www.forbes.com/companies/american-financial-group/,fullcontact_1198,1.0,False,FP
http://www.forbes.com/companies/american-financial-group/,fullcontact_1394,1.0,False,FP
http://www.forbes.com/companies/american-financial-group/,fullcontact_1496,1.0,False,FP
http://www.forbes.com/companies/american-water-works/,fullcontact_942,1.0,False,FP
http://www.forbes.com/companies/american-water-works/,fullcontact_1198,1.0,False,FP
http://www.forbes.com/companies/american-water-works/,fullcontact_1394,1.0,False,FP
http://www.forbes.com/companies/american-water-works/,fullcontact_1496,1.0,False,FP
http://www.forbes.com/companies/american-equity-investment/,fullcontact_942,1.0,False,FP
http://www.forbes.com/companies/american-equity-investment/,fullcontact_1198,1.0,False,FP
http://www.forbes.com/companies/american-equity-investment/,fullcontact_1394,1.0,False,FP
http://www.forbes.com/companies/american-equity-investment/,fullcontact_1496,1.0,False,FP
http://www.forbes.com/companies/american-natl-ins/,fullcontact_1198,1.0,False,FP
http://www.forbes.com/companies/american-natl-ins/,fullcontact_1394,1.0,False,FP
http://www.forbes.com/companies/american-natl-ins/,fullcontact_1496,1.0,False,FP
http://www.forbes.com/companies/banco-santander/,fullcontact_1448,1.0,False,FP
http://www.forbes.com/companies/banco-de-sabadell/,fullcontact_1448,1.0,False,FP
http://www.forbes.com/companies/banco-comercial-portugues/,fullcontact_1448,1.0,False,FP
http://www.forbes.com/companies/banco-davivienda/,fullcontact_1448,1.0,False,FP
http://www.forbes.com/companies/banco-bpi/,fullcontact_1448,1.0,False,FP
http://www.forbes.com/companies/bhp-billiton/,fullcontact_151,1.0,True,TP
http://www.forbes.com/companies/pfizer/,fullcontact_586,1.0,False,FP
http://www.forbes.com/companies/bmw-group/,fullcontact_158,1.0,False,FP
http://www.forbes.com/companies/edf/,fullcontact_281,1.0,False,FP
http://www.forbes.com/companies/statoil/,fullcontact_701,1.0,True,TP
http://www.forbes.com/companies/google/,fullcontact_359,1.0,False,FP
http://www.forbes.com/companies/google/,fullcontact_360,1.0,False,FP
http://www.forbes.com/companies/google/,fullcontact_919,1.0,False,FP
http://www.forbes.com/companies/siemens/,fullcontact_670,1.0,False,FP
http://www.forbes.com/companies/siemens/,fullcontact_1156,1.0,False,FP
http://www.forbes.com/companies/sumitomo-mitsui-financial/,fullcontact_707,1.0,False,FP
http://www.forbes.com/companies/sumitomo-corp/,fullcontact_707,1.0,False,FP
http://www.forbes.com/companies/sumitomo-mitsui-trust/,fullcontact_707,1.0,False,FP
http://www.forbes.com/companies/sumitomo-electric/,fullcontact_707,1.0,False,FP
http://www.forbes.com/companies/sumitomo-realty/,fullcontact_707,1.0,False,FP
http://www.forbes.com/companies/sumitomo-metal-mining/,fullcontact_707,1.0,False,FP
http://www.forbes.com/companies/sumitomo-chemical/,fullcontact_707,1.0,False,FP
http://www.forbes.com/companies/sumitomo-rubber/,fullcontact_707,1.0,False,FP
http://www.forbes.com/companies/nippon-tel-tel/,fullcontact_542,1.0,False,FP
http://www.forbes.com/companies/nippon-steel-sumitomo-metal/,fullcontact_542,1.0,False,FP
http://www.forbes.com/companies/nippon-express/,fullcontact_542,1.0,False,FP
http://www.forbes.com/companies/nippon-paper-industries/,fullcontact_542,1.0,False,FP
http://www.forbes.com/companies/nippon-steel-trading/,fullcontact_542,1.0,False,FP
http://www.forbes.com/companies/ping-an-insurance/,fullcontact_1516,1.0,False,FP
http://www.forbes.com/companies/ping-an-bank/,fullcontact_1516,1.0,False,FP
http://www.forbes.com/companies/telefonica/,fullcontact_726,1.0,True,TP
http://www.forbes.com/companies/metlife/,fullcontact_506,1.0,True,TP
http://www.forbes.com/companies/enel/,fullcontact_291,1.0,False,FP
http://www.forbes.com/companies/basf/,fullcontact_138,1.0,False,FP
http://www.forbes.com/companies/softbank/,fullcontact_688,1.0,False,FP
http://www.forbes.com/companies/national-australia-bank/,fullcontact_527,1.0,False,FP
http://www.forbes.com/companies/national-australia-bank/,fullcontact_1479,1.0,False,FP
http://www.forbes.com/companies/national-grid/,fullcontact_527,1.0,False,FP
http://www.forbes.com/companies/national-grid/,fullcontact_1479,1.0,False,FP
http://www.forbes.com/companies/national-oilwell-varco/,fullcontact_527,1.0,False,FP
http://www.forbes.com/companies/national-bank-of-canada/,fullcontact_527,1.0,False,FP
http://www.forbes.com/companies/national-bank-of-greece/,fullcontact_527,1.0,False,FP
http://www.forbes.com/companies/national-bank-of-greece/,fullcontact_1479,1.0,False,FP
http://www.forbes.com/companies/national-bank-of-abu-dhabi/,fullcontact_527,1.0,False,FP
http://www.forbes.com/companies/national-bank-of-kuwait/,fullcontact_527,1.0,False,FP
http://www.forbes.com/companies/anz/,fullcontact_100,1.0,False,FP
http://www.forbes.com/companies/conocophillips/,fullcontact_230,1.0,True,TP
http://www.forbes.com/companies/intel/,fullcontact_423,1.0,False,FP
http://www.forbes.com/companies/ubs/,fullcontact_765,1.0,False,FP
http://www.forbes.com/companies/hewlett-packard/,fullcontact_389,1.0,False,FP
http://www.forbes.com/companies/coca-cola/,fullcontact_222,1.0,False,FP
http://www.forbes.com/companies/coca-cola-enterprises/,fullcontact_222,1.0,False,FP
http://www.forbes.com/companies/lukoil/,fullcontact_1342,1.0,False,FP
http://www.forbes.com/companies/unitedhealth-group/,fullcontact_773,1.0,False,FP
http://www.forbes.com/companies/hyundai-motor/,fullcontact_39,1.0,True,TP
http://www.forbes.com/companies/hyundai-heavy-industries/,fullcontact_39,1.0,False,FP
http://www.forbes.com/companies/hyundai-steel/,fullcontact_39,1.0,False,FP
http://www.forbes.com/companies/hyundai-steel/,fullcontact_405,1.0,False,FP
http://www.forbes.com/companies/hyundai-engineering/,fullcontact_39,1.0,False,FP
http://www.forbes.com/companies/hyundai-marine-fire/,fullcontact_39,1.0,False,FP
http://www.forbes.com/companies/hyundai-hysco/,fullcontact_39,1.0,False,FP
http://www.forbes.com/companies/sanofi/,fullcontact_645,1.0,False,FP
http://www.forbes.com/companies/united-technologies/,fullcontact_27,1.0,False,FP
http://www.forbes.com/companies/united-technologies/,fullcontact_779,1.0,False,FP
http://www.forbes.com/companies/united-technologies/,fullcontact_781,1.0,False,FP
http://www.forbes.com/companies/united-parcel-service/,fullcontact_27,1.0,False,FP
http://www.forbes.com/companies/united-parcel-service/,fullcontact_772,1.0,False,FP
http://www.forbes.com/companies/united-parcel-service/,fullcontact_779,1.0,False,FP
http://www.forbes.com/companies/united-overseas-bank/,fullcontact_27,1.0,False,FP
http://www.forbes.com/companies/united-continental-holdings/,fullcontact_27,1.0,False,FP
http://www.forbes.com/companies/united-continental-holdings/,fullcontact_772,1.0,False,FP
http://www.forbes.com/companies/united-utilities/,fullcontact_27,1.0,False,FP
http://www.forbes.com/companies/united-utilities/,fullcontact_774,1.0,False,FP
http://www.forbes.com/companies/united-rentals/,fullcontact_27,1.0,False,FP
http://www.forbes.com/companies/united-rentals/,fullcontact_779,1.0,False,FP
http://www.forbes.com/companies/united-rentals/,fullcontact_781,1.0,False,FP
http://www.forbes.com/companies/pepsico/,fullcontact_580,1.0,False,FP
http://www.forbes.com/companies/oracle/,fullcontact_561,1.0,False,FP
http://www.forbes.com/companies/oracle/,fullcontact_1171,1.0,False,FP
http://www.forbes.com/companies/merck-co/,fullcontact_504,1.0,False,FP
http://www.forbes.com/companies/merck/,fullcontact_504,1.0,True,TP
http://www.forbes.com/companies/merck/,fullcontact_923,1.0,False,FP
http://www.forbes.com/companies/walt-disney/,fullcontact_1256,1.0,False,FP
http://www.forbes.com/companies/societe-generale/,fullcontact_686,1.0,False,FP
http://www.forbes.com/companies/morgan-stanley/,fullcontact_520,1.0,False,FP
http://www.forbes.com/companies/prudential/,fullcontact_606,1.0,False,FP
http://www.forbes.com/companies/prudential/,fullcontact_607,1.0,False,FP
http://www.forbes.com/companies/prudential/,fullcontact_1322,1.0,False,FP
http://www.forbes.com/companies/prudential-financial/,fullcontact_606,1.0,False,FP
http://www.forbes.com/companies/prudential-financial/,fullcontact_607,1.0,False,FP
http://www.forbes.com/companies/prudential-financial/,fullcontact_1322,1.0,False,FP
http://www.forbes.com/companies/rio-tinto/,fullcontact_627,1.0,False,FP
http://www.forbes.com/companies/unilever/,fullcontact_770,1.0,True,TP
http://www.forbes.com/companies/nissan-motor/,fullcontact_1836,1.0,False,FP
http://www.forbes.com/companies/generali-group/,fullcontact_348,1.0,False,FP
http://www.forbes.com/companies/schlumberger/,fullcontact_682,1.0,False,FP
http://www.forbes.com/companies/bayer/,fullcontact_139,1.0,False,FP
http://www.forbes.com/companies/caterpillar/,fullcontact_197,1.0,False,FP
http://www.forbes.com/companies/standard-chartered/,fullcontact_1297,1.0,True,TP
http://www.forbes.com/companies/standard-bank-group/,fullcontact_1297,1.0,False,FP
http://www.forbes.com/companies/standard-bank-group/,fullcontact_1566,1.0,False,FP
http://www.forbes.com/companies/standard-life/,fullcontact_696,1.0,True,TP
http://www.forbes.com/companies/us-bancorp/,fullcontact_1830,1.0,False,FP
http://www.forbes.com/companies/us-steel/,fullcontact_1830,1.0,False,FP
http://www.forbes.com/companies/ecopetrol/,fullcontact_280,1.0,False,FP
http://www.forbes.com/companies/industrial-bank/,fullcontact_415,1.0,True,TP
http://www.forbes.com/companies/industrial-bank-of-korea/,fullcontact_415,1.0,False,FP
http://www.forbes.com/companies/swiss-re/,fullcontact_712,1.0,False,FP
http://www.forbes.com/companies/iberdrola/,fullcontact_406,1.0,False,FP
http://www.forbes.com/companies/hitachi/,fullcontact_382,1.0,False,FP
http://www.forbes.com/companies/capital-one-financial/,fullcontact_1944,1.0,False,FP
http://www.forbes.com/companies/aviva/,fullcontact_124,1.0,False,FP
http://www.forbes.com/companies/deutsche-telekom/,fullcontact_727,1.0,False,FP
http://www.forbes.com/companies/deutsche-post/,fullcontact_258,1.0,True,TP
http://www.forbes.com/companies/deutsche-post/,fullcontact_727,1.0,False,FP
http://www.forbes.com/companies/deutsche-bank/,fullcontact_253,1.0,False,FP
http://www.forbes.com/companies/deutsche-bank/,fullcontact_727,1.0,False,FP
http://www.forbes.com/companies/deutsche-lufthansa/,fullcontact_9,1.0,False,FP
http://www.forbes.com/companies/deutsche-lufthansa/,fullcontact_727,1.0,False,FP
http://www.forbes.com/companies/deutsche-boerse/,fullcontact_9,1.0,False,FP
http://www.forbes.com/companies/deutsche-boerse/,fullcontact_727,1.0,False,FP
http://www.forbes.com/companies/deutsche-annington-immobilien/,fullcontact_9,1.0,False,FP
http://www.forbes.com/companies/deutsche-annington-immobilien/,fullcontact_253,1.0,False,FP
http://www.forbes.com/companies/deutsche-annington-immobilien/,fullcontact_258,1.0,False,FP
http://www.forbes.com/companies/deutsche-annington-immobilien/,fullcontact_727,1.0,False,FP
http://www.forbes.com/companies/vinci/,fullcontact_796,1.0,False,FP
http://www.forbes.com/companies/mondelez-international/,fullcontact_516,1.0,False,FP
http://www.forbes.com/companies/qualcomm/,fullcontact_613,1.0,False,FP
http://www.forbes.com/companies/state-bank-of-india/,fullcontact_649,1.0,False,FP
http://www.forbes.com/companies/state-street/,fullcontact_649,1.0,False,FP
http://www.forbes.com/companies/time-warner/,fullcontact_743,1.0,True,TP
http://www.forbes.com/companies/time-warner/,fullcontact_744,1.0,False,FP
http://www.forbes.com/companies/time-warner/,fullcontact_983,1.0,False,FP
http://www.forbes.com/companies/time-warner-cable/,fullcontact_744,1.0,False,FP
http://www.forbes.com/companies/time-warner-cable/,fullcontact_983,1.0,False,FP
http://www.forbes.com/companies/philip-morris-international/,fullcontact_592,1.0,True,TP
http://www.forbes.com/companies/barclays/,fullcontact_137,1.0,False,FP
http://www.forbes.com/companies/duke-energy/,fullcontact_274,1.0,False,FP
http://www.forbes.com/companies/abb/,fullcontact_43,1.0,False,FP
http://www.forbes.com/companies/amgen/,fullcontact_93,1.0,False,FP
http://www.forbes.com/companies/manulife-financial/,fullcontact_487,1.0,False,FP
http://www.forbes.com/companies/kddi/,fullcontact_450,1.0,False,FP
http://www.forbes.com/companies/astrazeneca/,fullcontact_114,1.0,False,FP
http://www.forbes.com/companies/union-pacific/,fullcontact_777,1.0,False,FP
http://www.forbes.com/companies/union-national-bank/,fullcontact_777,1.0,False,FP
http://www.forbes.com/companies/mcdonalds/,fullcontact_496,1.0,False,FP
http://www.forbes.com/companies/aflac/,fullcontact_59,1.0,False,FP
http://www.forbes.com/companies/taiwan-mobile/,fullcontact_716,1.0,False,FP
http://www.forbes.com/companies/3m/,fullcontact_41,1.0,False,FP
http://www.forbes.com/companies/allstate/,fullcontact_78,1.0,False,FP
http://www.forbes.com/companies/schneider-electric/,fullcontact_653,1.0,False,FP
http://www.forbes.com/companies/target/,fullcontact_1291,1.0,False,FP
http://www.forbes.com/companies/sap/,fullcontact_884,1.0,False,FP
http://www.forbes.com/companies/sap/,fullcontact_938,1.0,False,FP
http://www.forbes.com/companies/jardine-matheson/,fullcontact_436,1.0,False,FP
http://www.forbes.com/companies/japan-tobacco/,fullcontact_1221,1.0,False,FP
http://www.forbes.com/companies/bg-group/,fullcontact_149,1.0,False,FP
http://www.forbes.com/companies/itochu/,fullcontact_434,1.0,False,FP
http://www.forbes.com/companies/carrefour/,fullcontact_196,1.0,False,FP
http://www.forbes.com/companies/sabmiller/,fullcontact_635,1.0,False,FP
http://www.forbes.com/companies/emc/,fullcontact_287,1.0,False,FP
http://www.forbes.com/companies/costco-wholesale/,fullcontact_235,1.0,False,FP
http://www.forbes.com/companies/costco-wholesale/,fullcontact_863,1.0,False,FP
http://www.forbes.com/companies/telstra/,fullcontact_730,1.0,False,FP
http://www.forbes.com/companies/telstra/,fullcontact_1357,1.0,False,FP
http://www.forbes.com/companies/lyondellbasell-industries/,fullcontact_485,1.0,False,FP
http://www.forbes.com/companies/diageo/,fullcontact_260,1.0,False,FP
http://www.forbes.com/companies/gas-natural-fenosa/,fullcontact_341,1.0,False,FP
http://www.forbes.com/companies/danske-bank/,fullcontact_249,1.0,True,TP
http://www.forbes.com/companies/aetna/,fullcontact_58,1.0,False,FP
http://www.forbes.com/companies/sony/,fullcontact_693,1.0,False,FP
http://www.forbes.com/companies/sony/,fullcontact_1308,1.0,False,FP
http://www.forbes.com/companies/aegon/,fullcontact_56,1.0,False,FP
http://www.forbes.com/companies/ericsson/,fullcontact_300,1.0,False,FP
http://www.forbes.com/companies/posco/,fullcontact_596,1.0,False,FP
http://www.forbes.com/companies/brookfield-asset-management/,fullcontact_172,1.0,True,TP
http://www.forbes.com/companies/blackrock/,fullcontact_156,1.0,False,FP
http://www.forbes.com/companies/exelon/,fullcontact_1541,1.0,False,FP
http://www.forbes.com/companies/danone/,fullcontact_248,1.0,False,FP
http://www.forbes.com/companies/mckesson/,fullcontact_497,1.0,False,FP
http://www.forbes.com/companies/panasonic/,fullcontact_572,1.0,False,FP
http://www.forbes.com/companies/hess/,fullcontact_378,1.0,False,FP
http://www.forbes.com/companies/peoples-united-financial/,fullcontact_1574,1.0,False,FP
http://www.forbes.com/companies/ebay/,fullcontact_278,1.0,False,FP
http://www.forbes.com/companies/natixis/,fullcontact_528,1.0,True,TP
http://www.forbes.com/companies/abbvie/,fullcontact_44,1.0,False,FP
http://www.forbes.com/companies/medtronic/,fullcontact_502,1.0,True,TP
http://www.forbes.com/companies/bristol-myers-squibb/,fullcontact_157,1.0,False,FP
http://www.forbes.com/companies/kia-motors/,fullcontact_455,1.0,False,FP
http://www.forbes.com/companies/fedex/,fullcontact_316,1.0,False,FP
http://www.forbes.com/companies/renault/,fullcontact_17,1.0,False,FP
http://www.forbes.com/companies/cnp-assurances/,fullcontact_221,1.0,False,FP
http://www.forbes.com/companies/halliburton/,fullcontact_368,1.0,False,FP
http://www.forbes.com/companies/danaher/,fullcontact_246,1.0,False,FP
http://www.forbes.com/companies/sun-life-financial/,fullcontact_1715,1.0,False,FP
http://www.forbes.com/companies/sun-hung-kai-properties/,fullcontact_1715,1.0,False,FP
http://www.forbes.com/companies/sun-art-retail-group/,fullcontact_1715,1.0,False,FP
http://www.forbes.com/companies/sun-pharma-industries/,fullcontact_1715,1.0,True,TP
http://www.forbes.com/companies/esun-financial/,fullcontact_1715,1.0,False,FP
http://www.forbes.com/companies/marathon-petroleum/,fullcontact_1215,1.0,False,FP
http://www.forbes.com/companies/marathon-oil/,fullcontact_1215,1.0,False,FP
http://www.forbes.com/companies/southern-co/,fullcontact_282,1.0,False,FP
http://www.forbes.com/companies/linde/,fullcontact_479,1.0,True,TP
http://www.forbes.com/companies/saint-gobain/,fullcontact_638,1.0,False,FP
http://www.forbes.com/companies/visa/,fullcontact_1247,1.0,False,FP
http://www.forbes.com/companies/bridgestone/,fullcontact_170,1.0,False,FP
http://www.forbes.com/companies/cigna/,fullcontact_213,1.0,False,FP
http://www.forbes.com/companies/svenska-handelsbanken/,fullcontact_650,1.0,False,FP
http://www.forbes.com/companies/centrica/,fullcontact_204,1.0,False,FP
http://www.forbes.com/companies/air-liquide/,fullcontact_64,1.0,False,FP
http://www.forbes.com/companies/air-products-chemicals/,fullcontact_64,1.0,False,FP
http://www.forbes.com/companies/air-france-klm/,fullcontact_64,1.0,False,FP
http://www.forbes.com/companies/air-canada/,fullcontact_64,1.0,False,FP
http://www.forbes.com/companies/philips/,fullcontact_588,1.0,False,FP
http://www.forbes.com/companies/swedbank/,fullcontact_710,1.0,True,TP
http://www.forbes.com/companies/eaton/,fullcontact_277,1.0,False,FP
http://www.forbes.com/companies/directv/,fullcontact_263,1.0,False,FP
http://www.forbes.com/companies/dai-nippon-printing/,fullcontact_879,1.0,False,FP
http://www.forbes.com/companies/marubeni/,fullcontact_490,1.0,True,TP
http://www.forbes.com/companies/fresenius/,fullcontact_330,1.0,False,FP
http://www.forbes.com/companies/central-japan-railway/,fullcontact_1503,1.0,False,FP
http://www.forbes.com/companies/kroger/,fullcontact_467,1.0,True,TP
http://www.forbes.com/companies/henkel/,fullcontact_374,1.0,False,FP
http://www.forbes.com/companies/inditex/,fullcontact_414,1.0,False,FP
http://www.forbes.com/companies/wilmar-international/,fullcontact_820,1.0,False,FP
http://www.forbes.com/companies/bbt/,fullcontact_141,1.0,False,FP
http://www.forbes.com/companies/sasol/,fullcontact_648,1.0,False,FP
http://www.forbes.com/companies/nike/,fullcontact_539,1.0,False,FP
http://www.forbes.com/companies/singtel/,fullcontact_20,1.0,False,FP
http://www.forbes.com/companies/caixabank/,fullcontact_184,1.0,False,FP
http://www.forbes.com/companies/maybank/,fullcontact_495,1.0,False,FP
http://www.forbes.com/companies/holcim/,fullcontact_384,1.0,False,FP
http://www.forbes.com/companies/telenor/,fullcontact_728,1.0,False,FP
http://www.forbes.com/companies/eog-resources/,fullcontact_296,1.0,False,FP
http://www.forbes.com/companies/tata-motors/,fullcontact_718,1.0,True,TP
http://www.forbes.com/companies/tata-consultancy-services/,fullcontact_718,1.0,False,FP
http://www.forbes.com/companies/tata-steel/,fullcontact_718,1.0,False,FP
http://www.forbes.com/companies/monsanto/,fullcontact_518,1.0,False,FP
http://www.forbes.com/companies/raytheon/,fullcontact_619,1.0,False,FP
http://www.forbes.com/companies/sse/,fullcontact_34,1.0,False,FP
http://www.forbes.com/companies/chubb/,fullcontact_211,1.0,False,FP
http://www.forbes.com/companies/accenture/,fullcontact_48,1.0,False,FP
http://www.forbes.com/companies/enbridge/,fullcontact_289,1.0,True,TP
http://www.forbes.com/companies/northrop-grumman/,fullcontact_548,1.0,False,FP
http://www.forbes.com/companies/wpp/,fullcontact_828,1.0,False,FP
http://www.forbes.com/companies/safran/,fullcontact_637,1.0,False,FP
http://www.forbes.com/companies/volvo-group/,fullcontact_803,1.0,True,TP
http://www.forbes.com/companies/las-vegas-sands/,fullcontact_643,1.0,False,FP
http://www.forbes.com/companies/ameriprise-financial/,fullcontact_1195,1.0,True,TP
http://www.forbes.com/companies/international-paper/,fullcontact_1743,1.0,False,FP
http://www.forbes.com/companies/kimberly-clark/,fullcontact_456,1.0,False,FP
http://www.forbes.com/companies/cbs/,fullcontact_199,1.0,False,FP
http://www.forbes.com/companies/cbs/,fullcontact_1417,1.0,False,FP
http://www.forbes.com/companies/cbs/,fullcontact_1437,1.0,False,FP
http://www.forbes.com/companies/toshiba/,fullcontact_747,1.0,False,FP
http://www.forbes.com/companies/richemont/,fullcontact_625,1.0,True,TP
http://www.forbes.com/companies/carnival/,fullcontact_195,1.0,True,TP
http://www.forbes.com/companies/mapfre/,fullcontact_488,1.0,False,FP
http://www.forbes.com/companies/viacom/,fullcontact_794,1.0,False,FP
http://www.forbes.com/companies/viacom/,fullcontact_1295,1.0,False,FP
http://www.forbes.com/companies/grupo-acs/,fullcontact_365,1.0,False,FP
http://www.forbes.com/companies/grupo-acs/,fullcontact_366,1.0,False,FP
http://www.forbes.com/companies/grupo-mexico/,fullcontact_363,1.0,False,FP
http://www.forbes.com/companies/grupo-mexico/,fullcontact_364,1.0,False,FP
http://www.forbes.com/companies/grupo-mexico/,fullcontact_365,1.0,False,FP
http://www.forbes.com/companies/grupo-aval/,fullcontact_364,1.0,False,FP
http://www.forbes.com/companies/grupo-aval/,fullcontact_366,1.0,False,FP
http://www.forbes.com/companies/grupo-modelo/,fullcontact_363,1.0,False,FP
http://www.forbes.com/companies/grupo-modelo/,fullcontact_365,1.0,False,FP
http://www.forbes.com/companies/grupo-pao-de-acucar/,fullcontact_363,1.0,False,FP
http://www.forbes.com/companies/grupo-pao-de-acucar/,fullcontact_364,1.0,False,FP
http://www.forbes.com/companies/grupo-pao-de-acucar/,fullcontact_365,1.0,False,FP
http://www.forbes.com/companies/grupo-pao-de-acucar/,fullcontact_366,1.0,False,FP
http://www.forbes.com/companies/grupo-inbursa/,fullcontact_363,1.0,False,FP
http://www.forbes.com/companies/grupo-inbursa/,fullcontact_364,1.0,False,FP
http://www.forbes.com/companies/grupo-inbursa/,fullcontact_365,1.0,False,FP
http://www.forbes.com/companies/grupo-inbursa/,fullcontact_366,1.0,False,FP
http://www.forbes.com/companies/grupo-televisa/,fullcontact_363,1.0,False,FP
http://www.forbes.com/companies/grupo-televisa/,fullcontact_364,1.0,False,FP
http://www.forbes.com/companies/grupo-televisa/,fullcontact_365,1.0,False,FP
http://www.forbes.com/companies/grupo-televisa/,fullcontact_366,1.0,False,FP
http://www.forbes.com/companies/grupo-carso/,fullcontact_365,1.0,False,FP
http://www.forbes.com/companies/grupo-bimbo/,fullcontact_363,1.0,False,FP
http://www.forbes.com/companies/grupo-bimbo/,fullcontact_364,1.0,False,FP
http://www.forbes.com/companies/grupo-bimbo/,fullcontact_365,1.0,False,FP
http://www.forbes.com/companies/grupo-bimbo/,fullcontact_366,1.0,True,TP
http://www.forbes.com/companies/grupo-elektra/,fullcontact_363,1.0,False,FP
http://www.forbes.com/companies/grupo-elektra/,fullcontact_364,1.0,False,FP
http://www.forbes.com/companies/grupo-elektra/,fullcontact_365,1.0,False,FP
http://www.forbes.com/companies/grupo-elektra/,fullcontact_366,1.0,False,FP
http://www.forbes.com/companies/grupo-argos/,fullcontact_363,1.0,False,FP
http://www.forbes.com/companies/grupo-argos/,fullcontact_366,1.0,False,FP
http://www.forbes.com/companies/sistema/,fullcontact_678,1.0,False,FP
http://www.forbes.com/companies/orix/,fullcontact_565,1.0,False,FP
http://www.forbes.com/companies/talanx/,fullcontact_25,1.0,False,FP
http://www.forbes.com/companies/transcanada/,fullcontact_754,1.0,False,FP
http://www.forbes.com/companies/lloyds-banking-group/,fullcontact_482,1.0,False,FP
http://www.forbes.com/companies/csx/,fullcontact_244,1.0,False,FP
http://www.forbes.com/companies/norfolk-southern/,fullcontact_551,1.0,False,FP
http://www.forbes.com/companies/macys/,fullcontact_1275,1.0,True,TP
http://www.forbes.com/companies/pernod-ricard/,fullcontact_29,1.0,False,FP
http://www.forbes.com/companies/cathay-pacific/,fullcontact_198,1.0,False,FP
http://www.forbes.com/companies/komatsu/,fullcontact_461,1.0,False,FP
http://www.forbes.com/companies/humana/,fullcontact_402,1.0,False,FP
http://www.forbes.com/companies/fuji-electric/,fullcontact_333,1.0,False,FP
http://www.forbes.com/companies/syngenta/,fullcontact_714,1.0,True,TP
http://www.forbes.com/companies/hdfc/,fullcontact_372,1.0,False,FP
http://www.forbes.com/companies/texas-instruments/,fullcontact_1796,1.0,False,FP
http://www.forbes.com/companies/colgate-palmolive/,fullcontact_223,1.0,True,TP
http://www.forbes.com/companies/ntpc/,fullcontact_553,1.0,False,FP
http://www.forbes.com/companies/macquarie-group/,fullcontact_1386,1.0,False,FP
http://www.forbes.com/companies/heidelbergcement/,fullcontact_373,1.0,False,FP
http://www.forbes.com/companies/praxair/,fullcontact_599,1.0,False,FP
http://www.forbes.com/companies/sk-hynix/,fullcontact_681,1.0,False,FP
http://www.forbes.com/companies/sk-telecom/,fullcontact_681,1.0,False,FP
http://www.forbes.com/companies/sk-innovation/,fullcontact_681,1.0,False,FP
http://www.forbes.com/companies/sk-networks/,fullcontact_681,1.0,False,FP
http://www.forbes.com/companies/ppg-industries/,fullcontact_7,1.0,False,FP
http://www.forbes.com/companies/vale/,fullcontact_783,1.0,False,FP
http://www.forbes.com/companies/tenaga-nasional/,fullcontact_1711,1.0,False,FP
http://www.forbes.com/companies/chesapeake-energy/,fullcontact_1316,1.0,False,FP
http://www.forbes.com/companies/intesa-sanpaolo/,fullcontact_425,1.0,False,FP
http://www.forbes.com/companies/paccar/,fullcontact_570,1.0,False,FP
http://www.forbes.com/companies/aon/,fullcontact_101,1.0,False,FP
http://www.forbes.com/companies/xerox/,fullcontact_833,1.0,False,FP
http://www.forbes.com/companies/etisalat/,fullcontact_303,1.0,False,FP
http://www.forbes.com/companies/tesco/,fullcontact_737,1.0,False,FP
http://www.forbes.com/companies/principal-financial-group/,fullcontact_601,1.0,False,FP
http://www.forbes.com/companies/new-world-development/,fullcontact_948,1.0,False,FP
http://www.forbes.com/companies/new-world-development/,fullcontact_1542,1.0,False,FP
http://www.forbes.com/companies/new-york-community/,fullcontact_948,1.0,False,FP
http://www.forbes.com/companies/new-york-community/,fullcontact_970,1.0,False,FP
http://www.forbes.com/companies/new-york-community/,fullcontact_1542,1.0,False,FP
http://www.forbes.com/companies/new-media-investment-group/,fullcontact_537,1.0,False,FP
http://www.forbes.com/companies/new-media-investment-group/,fullcontact_948,1.0,False,FP
http://www.forbes.com/companies/new-hope-liuhe/,fullcontact_948,1.0,False,FP
http://www.forbes.com/companies/novatek/,fullcontact_549,1.0,False,FP
http://www.forbes.com/companies/corning/,fullcontact_232,1.0,True,TP
http://www.forbes.com/companies/fujifilm-holdings/,fullcontact_334,1.0,False,FP
http://www.forbes.com/companies/akbank/,fullcontact_66,1.0,False,FP
http://www.forbes.com/companies/micron-technology/,fullcontact_511,1.0,False,FP
http://www.forbes.com/companies/progressive/,fullcontact_602,1.0,False,FP
http://www.forbes.com/companies/alstom/,fullcontact_81,1.0,False,FP
http://www.forbes.com/companies/te-connectivity/,fullcontact_721,1.0,True,TP
http://www.forbes.com/companies/ecolab/,fullcontact_279,1.0,False,FP
http://www.forbes.com/companies/public-service-enterprise/,fullcontact_610,1.0,False,FP
http://www.forbes.com/companies/public-storage/,fullcontact_610,1.0,False,FP
http://www.forbes.com/companies/precision-castparts/,fullcontact_1030,1.0,False,FP
http://www.forbes.com/companies/rwe-group/,fullcontact_634,1.0,False,FP
http://www.forbes.com/companies/mastercard/,fullcontact_491,1.0,False,FP
http://www.forbes.com/companies/kellogg/,fullcontact_451,1.0,False,FP
http://www.forbes.com/companies/facebook/,fullcontact_309,1.0,False,FP
http://www.forbes.com/companies/fortum/,fullcontact_327,1.0,False,FP
http://www.forbes.com/companies/atlas-copco/,fullcontact_116,1.0,False,FP
http://www.forbes.com/companies/sysco/,fullcontact_715,1.0,False,FP
http://www.forbes.com/companies/safeway/,fullcontact_636,1.0,False,FP
http://www.forbes.com/companies/adidas/,fullcontact_54,1.0,True,TP
http://www.forbes.com/companies/cardinal-health/,fullcontact_191,1.0,True,TP
http://www.forbes.com/companies/thales/,fullcontact_740,1.0,False,FP
http://www.forbes.com/companies/kyocera/,fullcontact_13,1.0,False,FP
http://www.forbes.com/companies/marsh-mclennan/,fullcontact_888,1.0,False,FP
http://www.forbes.com/companies/kubota/,fullcontact_468,1.0,False,FP
http://www.forbes.com/companies/telus/,fullcontact_731,1.0,False,FP
http://www.forbes.com/companies/lg-chem/,fullcontact_476,1.0,False,FP
http://www.forbes.com/companies/lg-chem/,fullcontact_477,1.0,False,FP
http://www.forbes.com/companies/lg-electronics/,fullcontact_476,1.0,False,FP
http://www.forbes.com/companies/lg-electronics/,fullcontact_477,1.0,False,FP
http://www.forbes.com/companies/lg-display/,fullcontact_476,1.0,False,FP
http://www.forbes.com/companies/lg-display/,fullcontact_477,1.0,False,FP
http://www.forbes.com/companies/lg-corp/,fullcontact_476,1.0,False,FP
http://www.forbes.com/companies/lg-corp/,fullcontact_477,1.0,False,FP
http://www.forbes.com/companies/lg-uplus/,fullcontact_476,1.0,False,FP
http://www.forbes.com/companies/anglo-american/,fullcontact_97,1.0,False,FP
http://www.forbes.com/companies/evonik/,fullcontact_5,1.0,False,FP
http://www.forbes.com/companies/compass-group/,fullcontact_227,1.0,False,FP
http://www.forbes.com/companies/xcel-energy/,fullcontact_832,1.0,False,FP
http://www.forbes.com/companies/j-sainsbury/,fullcontact_445,1.0,False,FP
http://www.forbes.com/companies/carlsberg/,fullcontact_193,1.0,False,FP
http://www.forbes.com/companies/simon-property-group/,fullcontact_676,1.0,False,FP
http://www.forbes.com/companies/tenaris/,fullcontact_732,1.0,False,FP
http://www.forbes.com/companies/western-digital/,fullcontact_1409,1.0,False,FP
http://www.forbes.com/companies/western-union/,fullcontact_814,1.0,False,FP
http://www.forbes.com/companies/western-union/,fullcontact_1409,1.0,False,FP
http://www.forbes.com/companies/western-refining/,fullcontact_1409,1.0,False,FP
http://www.forbes.com/companies/falabella/,fullcontact_310,1.0,False,FP
http://www.forbes.com/companies/bankia/,fullcontact_131,1.0,False,FP
http://www.forbes.com/companies/alpha-bank/,fullcontact_80,1.0,False,FP
http://www.forbes.com/companies/publicis-groupe/,fullcontact_609,1.0,False,FP
http://www.forbes.com/companies/entergy/,fullcontact_295,1.0,False,FP
http://www.forbes.com/companies/conagra-foods/,fullcontact_228,1.0,False,FP
http://www.forbes.com/companies/reynolds-american/,fullcontact_624,1.0,False,FP
http://www.forbes.com/companies/reynolds-american/,fullcontact_1238,1.0,False,FP
http://www.forbes.com/companies/unum-group/,fullcontact_776,1.0,False,FP
http://www.forbes.com/companies/sime-darby/,fullcontact_675,1.0,False,FP
http://www.forbes.com/companies/agrium/,fullcontact_61,1.0,False,FP
http://www.forbes.com/companies/mosaic/,fullcontact_521,1.0,False,FP
http://www.forbes.com/companies/teck-resources/,fullcontact_723,1.0,False,FP
http://www.forbes.com/companies/swatch-group/,fullcontact_709,1.0,False,FP
http://www.forbes.com/companies/stryker/,fullcontact_705,1.0,False,FP
http://www.forbes.com/companies/tyson-foods/,fullcontact_763,1.0,False,FP
http://www.forbes.com/companies/firstenergy/,fullcontact_319,1.0,False,FP
http://www.forbes.com/companies/sodexo/,fullcontact_687,1.0,False,FP
http://www.forbes.com/companies/biogen-idec/,fullcontact_154,1.0,False,FP
http://www.forbes.com/companies/abertis/,fullcontact_47,1.0,False,FP
http://www.forbes.com/companies/liberty-global/,fullcontact_478,1.0,False,FP
http://www.forbes.com/companies/liberty-media-1/,fullcontact_478,1.0,False,FP
http://www.forbes.com/companies/unibail-rodamco/,fullcontact_769,1.0,False,FP
http://www.forbes.com/companies/seadrill/,fullcontact_657,1.0,False,FP
http://www.forbes.com/companies/celgene/,fullcontact_201,1.0,False,FP
http://www.forbes.com/companies/nokia/,fullcontact_545,1.0,False,FP
http://www.forbes.com/companies/country-garden-holdings/,fullcontact_1601,1.0,False,FP
http://www.forbes.com/companies/quanta-services/,fullcontact_614,1.0,False,FP
http://www.forbes.com/companies/metro-group/,fullcontact_507,1.0,True,TP
http://www.forbes.com/companies/metro-inc/,fullcontact_507,1.0,False,FP
http://www.forbes.com/companies/parker-hannifin/,fullcontact_574,1.0,True,TP
http://www.forbes.com/companies/asahi-kasei/,fullcontact_110,1.0,False,FP
http://www.forbes.com/companies/fast-retailing/,fullcontact_313,1.0,False,FP
http://www.forbes.com/companies/whirlpool/,fullcontact_817,1.0,False,FP
http://www.forbes.com/companies/kohls/,fullcontact_460,1.0,False,FP
http://www.forbes.com/companies/genworth-financial/,fullcontact_351,1.0,True,TP
http://www.forbes.com/companies/bae-systems/,fullcontact_127,1.0,False,FP
http://www.forbes.com/companies/priceline/,fullcontact_600,1.0,False,FP
http://www.forbes.com/companies/bouygues/,fullcontact_165,1.0,False,FP
http://www.forbes.com/companies/centurylink/,fullcontact_205,1.0,False,FP
http://www.forbes.com/companies/xl-group/,fullcontact_904,1.0,False,FP
http://www.forbes.com/companies/steinhoff-international/,fullcontact_702,1.0,False,FP
http://www.forbes.com/companies/ricoh/,fullcontact_626,1.0,False,FP
http://www.forbes.com/companies/amerisourcebergen/,fullcontact_90,1.0,False,FP
http://www.forbes.com/companies/dte-energy/,fullcontact_273,1.0,False,FP
http://www.forbes.com/companies/first-gulf-bank/,fullcontact_315,1.0,False,FP
http://www.forbes.com/companies/first-gulf-bank/,fullcontact_320,1.0,False,FP
http://www.forbes.com/companies/first-gulf-bank/,fullcontact_1009,1.0,False,FP
http://www.forbes.com/companies/first-gulf-bank/,fullcontact_1043,1.0,False,FP
http://www.forbes.com/companies/first-republic-bank/,fullcontact_315,1.0,False,FP
http://www.forbes.com/companies/first-republic-bank/,fullcontact_320,1.0,False,FP
http://www.forbes.com/companies/first-republic-bank/,fullcontact_1009,1.0,False,FP
http://www.forbes.com/companies/first-republic-bank/,fullcontact_1043,1.0,False,FP
http://www.forbes.com/companies/first-republic-bank/,fullcontact_1477,1.0,False,FP
http://www.forbes.com/companies/first-quantum-minerals/,fullcontact_320,1.0,False,FP
http://www.forbes.com/companies/first-quantum-minerals/,fullcontact_1009,1.0,False,FP
http://www.forbes.com/companies/first-quantum-minerals/,fullcontact_1043,1.0,False,FP
http://www.forbes.com/companies/first-financial-holding/,fullcontact_320,1.0,False,FP
http://www.forbes.com/companies/first-financial-holding/,fullcontact_1043,1.0,False,FP
http://www.forbes.com/companies/first-financial-holding/,fullcontact_1477,1.0,False,FP
http://www.forbes.com/companies/first-niagara-financial/,fullcontact_320,1.0,False,FP
http://www.forbes.com/companies/first-niagara-financial/,fullcontact_1009,1.0,False,FP
http://www.forbes.com/companies/first-niagara-financial/,fullcontact_1043,1.0,False,FP
http://www.forbes.com/companies/first-niagara-financial/,fullcontact_1354,1.0,False,FP
http://www.forbes.com/companies/first-niagara-financial/,fullcontact_1477,1.0,False,FP
http://www.forbes.com/companies/first-pacific/,fullcontact_1043,1.0,False,FP
http://www.forbes.com/companies/first-pacific/,fullcontact_1354,1.0,False,FP
http://www.forbes.com/companies/first-pacific/,fullcontact_1477,1.0,False,FP
http://www.forbes.com/companies/vimpelcom/,fullcontact_795,1.0,False,FP
http://www.forbes.com/companies/sanlam/,fullcontact_644,1.0,False,FP
http://www.forbes.com/companies/csr/,fullcontact_242,1.0,False,FP
http://www.forbes.com/companies/erste-group-bank/,fullcontact_301,1.0,False,FP
http://www.forbes.com/companies/erste-group-bank/,fullcontact_1762,1.0,False,FP
http://www.forbes.com/companies/scor/,fullcontact_655,1.0,True,TP
http://www.forbes.com/companies/technip/,fullcontact_722,1.0,False,FP
http://www.forbes.com/companies/nucor/,fullcontact_554,1.0,False,FP
http://www.forbes.com/companies/hilton-worldwide/,fullcontact_380,1.0,False,FP
http://www.forbes.com/companies/crh/,fullcontact_240,1.0,False,FP
http://www.forbes.com/companies/westfield-group/,fullcontact_815,1.0,False,FP
http://www.forbes.com/companies/davita/,fullcontact_252,1.0,False,FP
http://www.forbes.com/companies/yahoo/,fullcontact_836,1.0,False,FP
http://www.forbes.com/companies/veolia-environnement/,fullcontact_788,1.0,False,FP
http://www.forbes.com/companies/baidu/,fullcontact_128,1.0,True,TP
http://www.forbes.com/companies/northern-trust/,fullcontact_547,1.0,False,FP
http://www.forbes.com/companies/infosys/,fullcontact_418,1.0,True,TP
http://www.forbes.com/companies/fujitsu/,fullcontact_335,1.0,False,FP
http://www.forbes.com/companies/dentsu/,fullcontact_257,1.0,False,FP
http://www.forbes.com/companies/wolseley/,fullcontact_826,1.0,True,TP
http://www.forbes.com/companies/citic-pacific/,fullcontact_214,1.0,False,FP
http://www.forbes.com/companies/solvay/,fullcontact_691,1.0,True,TP
http://www.forbes.com/companies/bombardier/,fullcontact_161,1.0,False,FP
http://www.forbes.com/companies/galaxy-entertainment/,fullcontact_337,1.0,False,FP
http://www.forbes.com/companies/becton-dickinson/,fullcontact_143,1.0,False,FP
http://www.forbes.com/companies/alcoa/,fullcontact_69,1.0,False,FP
http://www.forbes.com/companies/thomson-reuters/,fullcontact_35,1.0,False,FP
http://www.forbes.com/companies/best-buy/,fullcontact_148,1.0,False,FP
http://www.forbes.com/companies/best-buy/,fullcontact_1123,1.0,False,FP
http://www.forbes.com/companies/allergan/,fullcontact_74,1.0,False,FP
http://www.forbes.com/companies/allergan/,fullcontact_75,1.0,False,FP
http://www.forbes.com/companies/bunge/,fullcontact_175,1.0,True,TP
http://www.forbes.com/companies/kering/,fullcontact_452,1.0,False,FP
http://www.forbes.com/companies/motorola-solutions/,fullcontact_522,1.0,False,FP
http://www.forbes.com/companies/motorola-solutions/,fullcontact_1756,1.0,False,FP
http://www.forbes.com/companies/noble-energy/,fullcontact_1881,1.0,False,FP
http://www.forbes.com/companies/noble-group/,fullcontact_1834,1.0,False,FP
http://www.forbes.com/companies/noble-group/,fullcontact_1881,1.0,False,FP
http://www.forbes.com/companies/noble/,fullcontact_1834,1.0,False,FP
http://www.forbes.com/companies/noble/,fullcontact_1881,1.0,False,FP
http://www.forbes.com/companies/cognizant-technology/,fullcontact_864,1.0,True,TP
http://www.forbes.com/companies/peugeot/,fullcontact_585,1.0,True,TP
http://www.forbes.com/companies/peugeot/,fullcontact_1459,1.0,False,FP
http://www.forbes.com/companies/cencosud/,fullcontact_203,1.0,False,FP
http://www.forbes.com/companies/skanska/,fullcontact_679,1.0,False,FP
http://www.forbes.com/companies/vmware/,fullcontact_799,1.0,False,FP
http://www.forbes.com/companies/eastman-chemical/,fullcontact_275,1.0,True,TP
http://www.forbes.com/companies/eastman-kodak/,fullcontact_275,1.0,False,FP
http://www.forbes.com/companies/cemex/,fullcontact_202,1.0,False,FP
http://www.forbes.com/companies/cameron-international/,fullcontact_1320,1.0,False,FP
http://www.forbes.com/companies/capgemini/,fullcontact_188,1.0,True,TP
http://www.forbes.com/companies/rtl-group/,fullcontact_633,1.0,False,FP
http://www.forbes.com/companies/kpn/,fullcontact_466,1.0,False,FP
http://www.forbes.com/companies/fluor/,fullcontact_323,1.0,False,FP
http://www.forbes.com/companies/weyerhaeuser/,fullcontact_816,1.0,False,FP
http://www.forbes.com/companies/mylan/,fullcontact_525,1.0,False,FP
http://www.forbes.com/companies/hollyfrontier/,fullcontact_385,1.0,False,FP
http://www.forbes.com/companies/stanley-black-decker/,fullcontact_697,1.0,False,FP
http://www.forbes.com/companies/alfa/,fullcontact_70,1.0,False,FP
http://www.forbes.com/companies/alfa/,fullcontact_71,1.0,False,FP
http://www.forbes.com/companies/alfa/,fullcontact_857,1.0,False,FP
http://www.forbes.com/companies/alfa-laval/,fullcontact_71,1.0,False,FP
http://www.forbes.com/companies/alfa-laval/,fullcontact_857,1.0,False,FP
http://www.forbes.com/companies/bed-bath-beyond/,fullcontact_146,1.0,False,FP
http://www.forbes.com/companies/waste-management/,fullcontact_1292,1.0,True,TP
http://www.forbes.com/companies/invesco/,fullcontact_429,1.0,False,FP
http://www.forbes.com/companies/kone/,fullcontact_462,1.0,False,FP
http://www.forbes.com/companies/pearson/,fullcontact_578,1.0,False,FP
http://www.forbes.com/companies/alcatel-lucent/,fullcontact_68,1.0,False,FP
http://www.forbes.com/companies/voestalpine/,fullcontact_801,1.0,True,TP
http://www.forbes.com/companies/autozone/,fullcontact_121,1.0,False,FP
http://www.forbes.com/companies/symantec/,fullcontact_713,1.0,False,FP
http://www.forbes.com/companies/wipro/,fullcontact_822,1.0,False,FP
http://www.forbes.com/companies/origin-energy/,fullcontact_1007,1.0,False,FP
http://www.forbes.com/companies/ubi-banca/,fullcontact_764,1.0,False,FP
http://www.forbes.com/companies/rakuten/,fullcontact_615,1.0,False,FP
http://www.forbes.com/companies/sherwin-williams/,fullcontact_663,1.0,False,FP
http://www.forbes.com/companies/assa-abloy/,fullcontact_112,1.0,False,FP
http://www.forbes.com/companies/constellation-brands/,fullcontact_422,1.0,False,FP
http://www.forbes.com/companies/sandisk/,fullcontact_642,1.0,True,TP
http://www.forbes.com/companies/applied-materials/,fullcontact_103,1.0,True,TP
http://www.forbes.com/companies/whole-foods-market/,fullcontact_819,1.0,False,FP
http://www.forbes.com/companies/bharat-petroleum/,fullcontact_150,1.0,False,FP
http://www.forbes.com/companies/ross-stores/,fullcontact_632,1.0,False,FP
http://www.forbes.com/companies/textron/,fullcontact_739,1.0,False,FP
http://www.forbes.com/companies/staples/,fullcontact_698,1.0,False,FP
http://www.forbes.com/companies/everest-re-group/,fullcontact_306,1.0,False,FP
http://www.forbes.com/companies/beiersdorf/,fullcontact_147,1.0,False,FP
http://www.forbes.com/companies/computer-sciences/,fullcontact_1089,1.0,False,FP
http://www.forbes.com/companies/hershey/,fullcontact_377,1.0,False,FP
http://www.forbes.com/companies/areva/,fullcontact_106,1.0,False,FP
http://www.forbes.com/companies/dsm/,fullcontact_271,1.0,False,FP
http://www.forbes.com/companies/cit-group/,fullcontact_2,1.0,False,FP
http://www.forbes.com/companies/nordstrom/,fullcontact_1446,1.0,False,FP
http://www.forbes.com/companies/genting/,fullcontact_350,1.0,False,FP
http://www.forbes.com/companies/boston-scientific/,fullcontact_164,1.0,False,FP
http://www.forbes.com/companies/starbucks/,fullcontact_699,1.0,False,FP
http://www.forbes.com/companies/starbucks/,fullcontact_900,1.0,False,FP
http://www.forbes.com/companies/nec/,fullcontact_531,1.0,False,FP
http://www.forbes.com/companies/gkn/,fullcontact_355,1.0,False,FP
http://www.forbes.com/companies/dexia/,fullcontact_259,1.0,False,FP
http://www.forbes.com/companies/carmax/,fullcontact_194,1.0,False,FP
http://www.forbes.com/companies/investec/,fullcontact_430,1.0,True,TP
http://www.forbes.com/companies/hermes-international/,fullcontact_12,1.0,False,FP
http://www.forbes.com/companies/nisource/,fullcontact_543,1.0,False,FP
http://www.forbes.com/companies/pentair/,fullcontact_579,1.0,False,FP
http://www.forbes.com/companies/onex/,fullcontact_560,1.0,True,TP
http://www.forbes.com/companies/dassault-aviation/,fullcontact_251,1.0,False,FP
http://www.forbes.com/companies/dassault-systemes/,fullcontact_40,1.0,False,FP
http://www.forbes.com/companies/comerica/,fullcontact_225,1.0,True,TP
http://www.forbes.com/companies/hong-kong-china-gas/,fullcontact_1078,1.0,False,FP
http://www.forbes.com/companies/oneok/,fullcontact_559,1.0,False,FP
http://www.forbes.com/companies/turkcell/,fullcontact_759,1.0,False,FP
http://www.forbes.com/companies/mgm-resorts/,fullcontact_510,1.0,False,FP
http://www.forbes.com/companies/sm-investments/,fullcontact_683,1.0,False,FP
http://www.forbes.com/companies/broadcom/,fullcontact_171,1.0,False,FP
http://www.forbes.com/companies/canara-bank/,fullcontact_187,1.0,False,FP
http://www.forbes.com/companies/singapore-airlines/,fullcontact_677,1.0,False,FP
http://www.forbes.com/companies/fidelity-national-information/,fullcontact_1735,1.0,False,FP
http://www.forbes.com/companies/fidelity-national-financial/,fullcontact_1735,1.0,False,FP
http://www.forbes.com/companies/capitaland/,fullcontact_190,1.0,False,FP
http://www.forbes.com/companies/schroders/,fullcontact_654,1.0,False,FP
http://www.forbes.com/companies/rockwell-automation/,fullcontact_629,1.0,False,FP
http://www.forbes.com/companies/rockwell-automation/,fullcontact_630,1.0,False,FP
http://www.forbes.com/companies/rockwell-collins/,fullcontact_629,1.0,False,FP
http://www.forbes.com/companies/rockwell-collins/,fullcontact_630,1.0,False,FP
http://www.forbes.com/companies/finmeccanica/,fullcontact_318,1.0,False,FP
http://www.forbes.com/companies/avnet/,fullcontact_125,1.0,False,FP
http://www.forbes.com/companies/ca/,fullcontact_181,1.0,False,FP
http://www.forbes.com/companies/wynn-resorts/,fullcontact_831,1.0,False,FP
http://www.forbes.com/companies/next/,fullcontact_1847,1.0,False,FP
http://www.forbes.com/companies/amcor/,fullcontact_85,1.0,False,FP
http://www.forbes.com/companies/wendel/,fullcontact_813,1.0,False,FP
http://www.forbes.com/companies/bidvest-group/,fullcontact_152,1.0,False,FP
http://www.forbes.com/companies/harley-davidson/,fullcontact_370,1.0,False,FP
http://www.forbes.com/companies/dp-world/,fullcontact_269,1.0,False,FP
http://www.forbes.com/companies/legrand/,fullcontact_474,1.0,False,FP
http://www.forbes.com/companies/uralkali/,fullcontact_780,1.0,False,FP
http://www.forbes.com/companies/sgs/,fullcontact_661,1.0,False,FP
http://www.forbes.com/companies/sgs/,fullcontact_1592,1.0,False,FP
http://www.forbes.com/companies/terna/,fullcontact_735,1.0,False,FP
http://www.forbes.com/companies/mediatek/,fullcontact_501,1.0,False,FP
http://www.forbes.com/companies/ventas/,fullcontact_787,1.0,False,FP
http://www.forbes.com/companies/neste-oil/,fullcontact_533,1.0,False,FP
http://www.forbes.com/companies/shire/,fullcontact_667,1.0,True,TP
http://www.forbes.com/companies/assurant/,fullcontact_113,1.0,True,TP
http://www.forbes.com/companies/borgwarner/,fullcontact_163,1.0,False,FP
http://www.forbes.com/companies/borgwarner/,fullcontact_1478,1.0,False,FP
http://www.forbes.com/companies/dangote-cement/,fullcontact_247,1.0,False,FP
http://www.forbes.com/companies/ashland/,fullcontact_111,1.0,False,FP
http://www.forbes.com/companies/hormel-foods/,fullcontact_387,1.0,False,FP
http://www.forbes.com/companies/intact-financial/,fullcontact_21,1.0,False,FP
http://www.forbes.com/companies/prologis/,fullcontact_603,1.0,False,FP
http://www.forbes.com/companies/randstad-holding/,fullcontact_616,1.0,False,FP
http://www.forbes.com/companies/attijariwafa-bank/,fullcontact_118,1.0,False,FP
http://www.forbes.com/companies/celanese/,fullcontact_200,1.0,False,FP
http://www.forbes.com/companies/prada/,fullcontact_598,1.0,False,FP
http://www.forbes.com/companies/ses/,fullcontact_659,1.0,False,FP
http://www.forbes.com/companies/alleghany/,fullcontact_73,1.0,False,FP
http://www.forbes.com/companies/stora-enso/,fullcontact_703,1.0,False,FP
http://www.forbes.com/companies/suntory-beverage-food/,fullcontact_1700,1.0,False,FP
http://www.forbes.com/companies/t-rowe-price/,fullcontact_756,1.0,False,FP
http://www.forbes.com/companies/brenntag/,fullcontact_169,1.0,False,FP
http://www.forbes.com/companies/rexel/,fullcontact_623,1.0,False,FP
http://www.forbes.com/companies/netapp/,fullcontact_535,1.0,True,TP
http://www.forbes.com/companies/starwood-hotels/,fullcontact_700,1.0,False,FP
http://www.forbes.com/companies/starwood-property-trust/,fullcontact_700,1.0,False,FP
http://www.forbes.com/companies/gjensidige-forsikring/,fullcontact_354,1.0,True,TP
http://www.forbes.com/companies/coach/,fullcontact_38,1.0,False,FP
http://www.forbes.com/companies/uniqa/,fullcontact_771,1.0,False,FP
http://www.forbes.com/companies/keyence/,fullcontact_454,1.0,False,FP
http://www.forbes.com/companies/sharp/,fullcontact_662,1.0,False,FP
http://www.forbes.com/companies/ambank-group/,fullcontact_84,1.0,False,FP
http://www.forbes.com/companies/fiserv/,fullcontact_321,1.0,False,FP
http://www.forbes.com/companies/doosan/,fullcontact_267,1.0,True,TP
http://www.forbes.com/companies/vedanta-resources/,fullcontact_786,1.0,False,FP
http://www.forbes.com/companies/easyjet/,fullcontact_276,1.0,True,TP
http://www.forbes.com/companies/byd/,fullcontact_180,1.0,False,FP
http://www.forbes.com/companies/partnerre/,fullcontact_575,1.0,False,FP
http://www.forbes.com/companies/kinnevik/,fullcontact_457,1.0,True,TP
http://www.forbes.com/companies/eurazeo/,fullcontact_304,1.0,False,FP
http://www.forbes.com/companies/sears-holdings/,fullcontact_31,1.0,False,FP
http://www.forbes.com/companies/fmc-technologies/,fullcontact_324,1.0,False,FP
http://www.forbes.com/companies/fmc/,fullcontact_324,1.0,False,FP
http://www.forbes.com/companies/verbund/,fullcontact_789,1.0,False,FP
http://www.forbes.com/companies/kintetsu/,fullcontact_458,1.0,False,FP
http://www.forbes.com/companies/hcl-technologies/,fullcontact_371,1.0,False,FP
http://www.forbes.com/companies/experian/,fullcontact_308,1.0,False,FP
http://www.forbes.com/companies/red-electrica/,fullcontact_1200,1.0,False,FP
http://www.forbes.com/companies/red-electrica/,fullcontact_1306,1.0,False,FP
http://www.forbes.com/companies/intuit/,fullcontact_426,1.0,False,FP
http://www.forbes.com/companies/goldcorp/,fullcontact_357,1.0,False,FP
http://www.forbes.com/companies/saputo/,fullcontact_647,1.0,False,FP
http://www.forbes.com/companies/enka/,fullcontact_294,1.0,False,FP
http://www.forbes.com/companies/henry-schein/,fullcontact_375,1.0,False,FP
http://www.forbes.com/companies/lear/,fullcontact_473,1.0,False,FP
http://www.forbes.com/companies/autoliv/,fullcontact_120,1.0,True,TP
http://www.forbes.com/companies/braskem/,fullcontact_168,1.0,False,FP
http://www.forbes.com/companies/ameren/,fullcontact_87,1.0,False,FP
http://www.forbes.com/companies/sojitz/,fullcontact_690,1.0,False,FP
http://www.forbes.com/companies/nidec/,fullcontact_538,1.0,False,FP
http://www.forbes.com/companies/encana/,fullcontact_290,1.0,True,TP
http://www.forbes.com/companies/moodys/,fullcontact_926,1.0,False,FP
http://www.forbes.com/companies/jacobs-engineering/,fullcontact_1327,1.0,False,FP
http://www.forbes.com/companies/yamaha-motor/,fullcontact_837,1.0,False,FP
http://www.forbes.com/companies/julius-baer-group/,fullcontact_446,1.0,False,FP
http://www.forbes.com/companies/nintendo/,fullcontact_541,1.0,False,FP
http://www.forbes.com/companies/cincinnati-financial/,fullcontact_1808,1.0,True,TP
http://www.forbes.com/companies/hindustan-petroleum/,fullcontact_381,1.0,False,FP
http://www.forbes.com/companies/mondi/,fullcontact_517,1.0,False,FP
http://www.forbes.com/companies/anadolu-efes/,fullcontact_95,1.0,False,FP
http://www.forbes.com/companies/crown-castle-international/,fullcontact_241,1.0,False,FP
http://www.forbes.com/companies/crown-resorts/,fullcontact_241,1.0,False,FP
http://www.forbes.com/companies/crown-holdings/,fullcontact_241,1.0,False,FP
http://www.forbes.com/companies/lennar/,fullcontact_475,1.0,True,TP
http://www.forbes.com/companies/equity-residential/,fullcontact_299,1.0,False,FP
http://www.forbes.com/companies/equity-assurance/,fullcontact_299,1.0,False,FP
http://www.forbes.com/companies/cosmo-oil/,fullcontact_234,1.0,False,FP
http://www.forbes.com/companies/zain/,fullcontact_839,1.0,False,FP
http://www.forbes.com/companies/intuitive-surgical/,fullcontact_427,1.0,False,FP
http://www.forbes.com/companies/pldt/,fullcontact_591,1.0,True,TP
http://www.forbes.com/companies/ajinomoto/,fullcontact_65,1.0,False,FP
http://www.forbes.com/companies/ingram-micro/,fullcontact_419,1.0,False,FP
http://www.forbes.com/companies/brown-forman/,fullcontact_173,1.0,False,FP
http://www.forbes.com/companies/jm-smucker/,fullcontact_441,1.0,False,FP
http://www.forbes.com/companies/wartsila/,fullcontact_807,1.0,False,FP
http://www.forbes.com/companies/mead-johnson-nutrition/,fullcontact_498,1.0,True,TP
http://www.forbes.com/companies/clorox/,fullcontact_220,1.0,False,FP
http://www.forbes.com/companies/amphenol/,fullcontact_94,1.0,False,FP
http://www.forbes.com/companies/tui/,fullcontact_757,1.0,False,FP
http://www.forbes.com/companies/kotak-mahindra-bank/,fullcontact_464,1.0,False,FP
http://www.forbes.com/companies/cj-corp/,fullcontact_217,1.0,False,FP
http://www.forbes.com/companies/cj-cheiljedang/,fullcontact_217,1.0,False,FP
http://www.forbes.com/companies/raymond-james-financial/,fullcontact_618,1.0,False,FP
http://www.forbes.com/companies/bankinter/,fullcontact_132,1.0,False,FP
http://www.forbes.com/companies/gemdale/,fullcontact_347,1.0,False,FP
http://www.forbes.com/companies/shinsei-bank/,fullcontact_666,1.0,False,FP
http://www.forbes.com/companies/delek-group/,fullcontact_255,1.0,False,FP
http://www.forbes.com/companies/empire/,fullcontact_288,1.0,False,FP
http://www.forbes.com/companies/eisai/,fullcontact_283,1.0,False,FP
http://www.forbes.com/companies/essar-energy/,fullcontact_302,1.0,False,FP
http://www.forbes.com/companies/consol-energy/,fullcontact_231,1.0,False,FP
http://www.forbes.com/companies/consol-energy/,fullcontact_1253,1.0,False,FP
http://www.forbes.com/companies/nikon/,fullcontact_540,1.0,False,FP
http://www.forbes.com/companies/bbmg/,fullcontact_1,1.0,False,FP
http://www.forbes.com/companies/pirelli-c/,fullcontact_590,1.0,False,FP
http://www.forbes.com/companies/omron/,fullcontact_558,1.0,False,FP
http://www.forbes.com/companies/hoya/,fullcontact_388,1.0,False,FP
http://www.forbes.com/companies/juniper-networks/,fullcontact_447,1.0,False,FP
http://www.forbes.com/companies/universal-health/,fullcontact_775,1.0,False,FP
http://www.forbes.com/companies/givaudan/,fullcontact_353,1.0,True,TP
http://www.forbes.com/companies/nitto-denko/,fullcontact_544,1.0,False,FP
http://www.forbes.com/companies/infineon-technologies/,fullcontact_416,1.0,True,TP
http://www.forbes.com/companies/orica/,fullcontact_564,1.0,False,FP
http://www.forbes.com/companies/paychex/,fullcontact_576,1.0,False,FP
http://www.forbes.com/companies/inter-rao/,fullcontact_424,1.0,False,FP
http://www.forbes.com/companies/jgc/,fullcontact_439,1.0,False,FP
http://www.forbes.com/companies/abengoa/,fullcontact_45,1.0,False,FP
http://www.forbes.com/companies/zoetis/,fullcontact_841,1.0,True,TP
http://www.forbes.com/companies/ytl/,fullcontact_838,1.0,False,FP
http://www.forbes.com/companies/avago-technologies/,fullcontact_122,1.0,True,TP
http://www.forbes.com/companies/xilinx/,fullcontact_835,1.0,False,FP
http://www.forbes.com/companies/maxis/,fullcontact_494,1.0,True,TP
http://www.forbes.com/companies/agl-energy/,fullcontact_60,1.0,False,FP
http://www.forbes.com/companies/agl-resources/,fullcontact_60,1.0,False,FP
http://www.forbes.com/companies/ternium/,fullcontact_736,1.0,True,TP
http://www.forbes.com/companies/electrolux-group/,fullcontact_284,1.0,False,FP
http://www.forbes.com/companies/vallourec/,fullcontact_784,1.0,False,FP
http://www.forbes.com/companies/coloplast/,fullcontact_224,1.0,False,FP
http://www.forbes.com/companies/protective-life/,fullcontact_604,1.0,False,FP
http://www.forbes.com/companies/pvh/,fullcontact_612,1.0,False,FP
http://www.forbes.com/companies/pvh/,fullcontact_1480,1.0,True,TP
http://www.forbes.com/companies/kajima/,fullcontact_448,1.0,True,TP
http://www.forbes.com/companies/calpine/,fullcontact_185,1.0,False,FP
http://www.forbes.com/companies/smith-nephew/,fullcontact_684,1.0,False,FP
http://www.forbes.com/companies/rite-aid/,fullcontact_628,1.0,False,FP
http://www.forbes.com/companies/scana/,fullcontact_651,1.0,False,FP
http://www.forbes.com/companies/manpower/,fullcontact_486,1.0,False,FP
http://www.forbes.com/companies/bunzl/,fullcontact_176,1.0,False,FP
http://www.forbes.com/companies/ball/,fullcontact_129,1.0,False,FP
http://www.forbes.com/companies/petro-rabigh/,fullcontact_583,1.0,False,FP
http://www.forbes.com/companies/ucb/,fullcontact_766,1.0,False,FP
http://www.forbes.com/companies/flowserve/,fullcontact_322,1.0,False,FP
http://www.forbes.com/companies/markel/,fullcontact_489,1.0,False,FP
http://www.forbes.com/companies/gea-group/,fullcontact_344,1.0,False,FP
http://www.forbes.com/companies/iliad/,fullcontact_411,1.0,False,FP
http://www.forbes.com/companies/fonciere-des-regions/,fullcontact_325,1.0,False,FP
http://www.forbes.com/companies/garmin/,fullcontact_340,1.0,False,FP
http://www.forbes.com/companies/perrigo/,fullcontact_581,1.0,False,FP
http://www.forbes.com/companies/wyndham-worldwide/,fullcontact_830,1.0,False,FP
http://www.forbes.com/companies/advance-auto-parts/,fullcontact_32,1.0,False,FP
http://www.forbes.com/companies/city-national/,fullcontact_3,1.0,False,FP
http://www.forbes.com/companies/tele2/,fullcontact_725,1.0,False,FP
http://www.forbes.com/companies/adobe-systems/,fullcontact_1062,1.0,False,FP
http://www.forbes.com/companies/strabag/,fullcontact_704,1.0,False,FP
http://www.forbes.com/companies/cerner/,fullcontact_206,1.0,False,FP
http://www.forbes.com/companies/caesars-entertainment/,fullcontact_183,1.0,False,FP
http://www.forbes.com/companies/eqt/,fullcontact_297,1.0,False,FP
http://www.forbes.com/companies/shimizu/,fullcontact_665,1.0,False,FP
http://www.forbes.com/companies/ametek/,fullcontact_91,1.0,False,FP
http://www.forbes.com/companies/level-3-communications/,fullcontact_1398,1.0,False,FP
http://www.forbes.com/companies/remgro/,fullcontact_621,1.0,False,FP
http://www.forbes.com/companies/aramark/,fullcontact_104,1.0,False,FP
http://www.forbes.com/companies/acciona/,fullcontact_49,1.0,False,FP
http://www.forbes.com/companies/itv/,fullcontact_435,1.0,False,FP
http://www.forbes.com/companies/tdc/,fullcontact_719,1.0,True,TP
http://www.forbes.com/companies/kla-tencor/,fullcontact_459,1.0,True,TP
http://www.forbes.com/companies/soho-china/,fullcontact_689,1.0,False,FP
http://www.forbes.com/companies/fastenal/,fullcontact_312,1.0,False,FP
http://www.forbes.com/companies/olympus/,fullcontact_557,1.0,False,FP
http://www.forbes.com/companies/electric-power-development/,fullcontact_1073,1.0,False,FP
http://www.forbes.com/companies/zenith-bank/,fullcontact_1345,1.0,False,FP
http://www.forbes.com/companies/whitbread/,fullcontact_818,1.0,True,TP
http://www.forbes.com/companies/turkish-airlines/,fullcontact_760,1.0,False,FP
http://www.forbes.com/companies/hexagon/,fullcontact_19,1.0,True,TP
http://www.forbes.com/companies/visteon/,fullcontact_797,1.0,False,FP
http://www.forbes.com/companies/sika/,fullcontact_673,1.0,False,FP
http://www.forbes.com/companies/scripps-networks-interactive/,fullcontact_656,1.0,False,FP
http://www.forbes.com/companies/geberit/,fullcontact_345,1.0,False,FP
http://www.forbes.com/companies/wolters-kluwer/,fullcontact_37,1.0,False,FP
http://www.forbes.com/companies/tenet-healthcare/,fullcontact_733,1.0,False,FP
http://www.forbes.com/companies/sigma-aldrich/,fullcontact_671,1.0,True,TP
http://www.forbes.com/companies/petsmart/,fullcontact_584,1.0,False,FP
http://www.forbes.com/companies/arca-continental/,fullcontact_105,1.0,False,FP
http://www.forbes.com/companies/jyske-bank/,fullcontact_22,1.0,False,FP
http://www.forbes.com/companies/salesforce/,fullcontact_639,1.0,False,FP
http://www.forbes.com/companies/israel-corp/,fullcontact_432,1.0,False,FP
http://www.forbes.com/companies/actelion/,fullcontact_53,1.0,False,FP
http://www.forbes.com/companies/cosan/,fullcontact_233,1.0,True,TP
http://www.forbes.com/companies/foot-locker/,fullcontact_326,1.0,True,TP
http://www.forbes.com/companies/smiths-group/,fullcontact_685,1.0,False,FP
http://www.forbes.com/companies/mechel/,fullcontact_499,1.0,False,FP
http://www.forbes.com/companies/darden-restaurants/,fullcontact_250,1.0,True,TP
http://www.forbes.com/companies/two-harbors-investment/,fullcontact_762,1.0,False,FP
http://www.forbes.com/companies/two-harbors-investment/,fullcontact_1594,1.0,False,FP
http://www.forbes.com/companies/embraer/,fullcontact_286,1.0,True,TP
http://www.forbes.com/companies/world-fuel-services/,fullcontact_36,1.0,False,FP
http://www.forbes.com/companies/wistron/,fullcontact_823,1.0,False,FP
http://www.forbes.com/companies/novozymes/,fullcontact_550,1.0,False,FP
http://www.forbes.com/companies/capita/,fullcontact_189,1.0,False,FP
http://www.forbes.com/companies/altera/,fullcontact_82,1.0,False,FP
http://www.forbes.com/companies/chipotle-mexican-grill/,fullcontact_210,1.0,False,FP
http://www.forbes.com/companies/lundbergs/,fullcontact_484,1.0,True,TP
http://www.forbes.com/companies/beam/,fullcontact_145,1.0,False,FP
http://www.forbes.com/companies/beam/,fullcontact_1196,1.0,False,FP
http://www.forbes.com/companies/avis-budget-group/,fullcontact_123,1.0,False,FP
http://www.forbes.com/companies/hikvision/,fullcontact_379,1.0,False,FP
http://www.forbes.com/companies/vestas-wind-systems/,fullcontact_793,1.0,False,FP
http://www.forbes.com/companies/hammerson/,fullcontact_369,1.0,False,FP
http://www.forbes.com/companies/metso/,fullcontact_508,1.0,False,FP
http://www.forbes.com/companies/stmicroelectronics/,fullcontact_695,1.0,False,FP
http://www.forbes.com/companies/j-front-retailing/,fullcontact_438,1.0,False,FP
http://www.forbes.com/companies/crescent-point-energy/,fullcontact_239,1.0,False,FP
http://www.forbes.com/companies/aberdeen-asset-management/,fullcontact_46,1.0,False,FP
http://www.forbes.com/companies/nvidia/,fullcontact_555,1.0,False,FP
http://www.forbes.com/companies/tdk/,fullcontact_720,1.0,False,FP
http://www.forbes.com/companies/harris/,fullcontact_18,1.0,False,FP
http://www.forbes.com/companies/forest-laboratories/,fullcontact_332,1.0,False,FP
http://www.forbes.com/companies/hyosung/,fullcontact_404,1.0,False,FP
http://www.forbes.com/companies/lanxess/,fullcontact_23,1.0,True,TP
http://www.forbes.com/companies/subsea-7/,fullcontact_706,1.0,False,FP
http://www.forbes.com/companies/tractor-supply/,fullcontact_753,1.0,False,FP
http://www.forbes.com/companies/cliffs-natural-resources/,fullcontact_219,1.0,False,FP
http://www.forbes.com/companies/ncr/,fullcontact_530,1.0,True,TP
http://www.forbes.com/companies/masco/,fullcontact_26,1.0,False,FP
http://www.forbes.com/companies/g4s/,fullcontact_336,1.0,False,FP
http://www.forbes.com/companies/twitter/,fullcontact_761,1.0,True,TP
http://www.forbes.com/companies/liberbank/,fullcontact_24,1.0,False,FP
http://www.forbes.com/companies/netflix/,fullcontact_536,1.0,False,FP
http://www.forbes.com/companies/aareal-bank/,fullcontact_42,1.0,False,FP
http://www.forbes.com/companies/tesla-motors/,fullcontact_738,1.0,False,FP
http://www.forbes.com/companies/huntsman/,fullcontact_403,1.0,False,FP
http://www.forbes.com/companies/huntsman/,fullcontact_866,1.0,False,FP
http://www.forbes.com/companies/waters/,fullcontact_808,1.0,True,TP
http://www.forbes.com/companies/almarai/,fullcontact_79,1.0,False,FP
http://www.forbes.com/companies/atco/,fullcontact_115,1.0,False,FP
http://www.forbes.com/companies/ziggo/,fullcontact_840,1.0,False,FP
http://www.forbes.com/companies/arm-holdings/,fullcontact_108,1.0,False,FP
http://www.forbes.com/companies/wabco-holdings/,fullcontact_806,1.0,True,TP
http://www.forbes.com/companies/hugo-boss/,fullcontact_401,1.0,True,TP
http://www.forbes.com/companies/baywa/,fullcontact_140,1.0,False,FP
http://www.forbes.com/companies/affiliated-managers-group/,fullcontact_92,1.0,False,FP
http://www.forbes.com/companies/linkedin/,fullcontact_480,1.0,False,FP
http://www.forbes.com/companies/pbf-energy/,fullcontact_577,1.0,False,FP
http://www.forbes.com/companies/realogy-holdings/,fullcontact_1235,1.0,False,FP
http://www.forbes.com/companies/dicks-sporting-goods/,fullcontact_261,1.0,False,FP
http://www.forbes.com/companies/umicore/,fullcontact_768,1.0,False,FP
http://www.forbes.com/companies/verisign/,fullcontact_790,1.0,False,FP
http://www.forbes.com/companies/bilfinger/,fullcontact_153,1.0,True,TP
http://www.forbes.com/companies/nine-entertainment/,fullcontact_28,1.0,False,FP
http://www.forbes.com/companies/chinese-estates/,fullcontact_209,1.0,False,FP
http://www.forbes.com/companies/basler-kantonalbank/,fullcontact_155,1.0,False,FP
http://www.forbes.com/companies/gannett/,fullcontact_338,1.0,False,FP
http://www.forbes.com/companies/gannett/,fullcontact_1341,1.0,False,FP
http://www.forbes.com/companies/illumina/,fullcontact_412,1.0,False,FP
http://www.forbes.com/companies/nelnet/,fullcontact_532,1.0,False,FP
http://www.forbes.com/companies/church-dwight/,fullcontact_212,1.0,False,FP
http://www.forbes.com/companies/church-dwight/,fullcontact_1712,1.0,False,FP
http://www.forbes.com/companies/maxim-integrated-products/,fullcontact_493,1.0,False,FP
http://www.forbes.com/companies/airgas/,fullcontact_63,1.0,False,FP
http://www.forbes.com/companies/herbalife/,fullcontact_376,1.0,True,TP
http://www.forbes.com/companies/ugi/,fullcontact_767,1.0,False,FP
http://www.forbes.com/companies/tullow-oil/,fullcontact_758,1.0,False,FP
http://www.forbes.com/companies/arkema/,fullcontact_107,1.0,False,FP
http://www.forbes.com/companies/outokumpu/,fullcontact_569,1.0,False,FP
http://www.forbes.com/companies/polaris-industries/,fullcontact_593,1.0,False,FP
http://www.forbes.com/companies/citrix-systems/,fullcontact_216,1.0,False,FP
http://www.forbes.com/companies/aurubis/,fullcontact_119,1.0,False,FP
http://www.forbes.com/companies/signature-bank/,fullcontact_672,1.0,False,FP
http://www.forbes.com/companies/nasdaq-omx-group/,fullcontact_526,1.0,True,TP
http://www.forbes.com/companies/interactive-brokers-group/,fullcontact_992,1.0,False,FP
http://www.forbes.com/companies/cablevision/,fullcontact_182,1.0,False,FP
http://www.forbes.com/companies/allahabad-bank/,fullcontact_72,1.0,False,FP
http://www.forbes.com/companies/inchcape/,fullcontact_413,1.0,False,FP
http://www.forbes.com/companies/gemalto/,fullcontact_346,1.0,False,FP
http://www.forbes.com/companies/workday/,fullcontact_827,1.0,True,TP
http://www.forbes.com/companies/inventec/,fullcontact_428,1.0,False,FP
http://www.forbes.com/companies/b-e-aerospace/,fullcontact_144,1.0,False,FP
http://www.forbes.com/companies/dean-foods/,fullcontact_254,1.0,False,FP
http://www.forbes.com/companies/antero-resources/,fullcontact_98,1.0,False,FP
http://www.forbes.com/companies/vertex-pharmaceuticals/,fullcontact_805,1.0,False,FP
http://www.forbes.com/companies/pandora/,fullcontact_573,1.0,False,FP
http://www.forbes.com/companies/lkq/,fullcontact_481,1.0,False,FP
http://www.forbes.com/companies/shimano/,fullcontact_664,1.0,False,FP
http://www.forbes.com/companies/concho-resources/,fullcontact_229,1.0,False,FP
http://www.forbes.com/companies/shiseido/,fullcontact_1943,1.0,False,FP
http://www.forbes.com/companies/carefusion/,fullcontact_192,1.0,False,FP
http://www.forbes.com/companies/fraport/,fullcontact_329,1.0,False,FP
http://www.forbes.com/companies/metcash/,fullcontact_505,1.0,False,FP
http://www.forbes.com/companies/orkla/,fullcontact_566,1.0,True,TP
http://www.forbes.com/companies/tim-hortons/,fullcontact_745,1.0,False,FP
http://www.forbes.com/companies/alliant-energy/,fullcontact_76,1.0,False,FP
http://www.forbes.com/companies/dixons-retail/,fullcontact_265,1.0,False,FP
http://www.forbes.com/companies/ingredion/,fullcontact_420,1.0,False,FP
http://www.forbes.com/companies/tosoh/,fullcontact_748,1.0,False,FP
http://www.forbes.com/companies/hero-motocorp/,fullcontact_1821,1.0,False,FP
http://www.forbes.com/companies/cst-brands/,fullcontact_243,1.0,False,FP
http://www.forbes.com/companies/aryzta/,fullcontact_109,1.0,False,FP
http://www.forbes.com/companies/pall/,fullcontact_571,1.0,True,TP
http://www.forbes.com/companies/silver-wheaton/,fullcontact_674,1.0,False,FP
http://www.forbes.com/companies/silver-wheaton/,fullcontact_1353,1.0,False,FP
http://www.forbes.com/companies/silver-wheaton/,fullcontact_1689,1.0,False,FP
http://www.forbes.com/companies/silver-wheaton/,fullcontact_1724,1.0,False,FP
http://www.forbes.com/companies/silver-wheaton/,fullcontact_1913,1.0,False,FP
http://www.forbes.com/companies/dsv/,fullcontact_272,1.0,False,FP
http://www.forbes.com/companies/amdocs/,fullcontact_86,1.0,False,FP
http://www.forbes.com/companies/securitas/,fullcontact_658,1.0,False,FP
http://www.forbes.com/companies/kesko/,fullcontact_453,1.0,False,FP
http://www.forbes.com/companies/andritz/,fullcontact_96,1.0,False,FP
http://www.forbes.com/companies/brunswick/,fullcontact_174,1.0,False,FP
http://www.forbes.com/companies/ncc-group/,fullcontact_529,1.0,False,FP
http://www.forbes.com/companies/towers-watson/,fullcontact_750,1.0,False,FP
http://www.forbes.com/companies/acer/,fullcontact_52,1.0,True,TP
http://www.forbes.com/companies/jindal-steel-power/,fullcontact_440,1.0,True,TP
http://www.forbes.com/companies/vopak/,fullcontact_804,1.0,False,FP
http://www.forbes.com/companies/joy-global/,fullcontact_444,1.0,False,FP
http://www.forbes.com/companies/konica-minolta/,fullcontact_463,1.0,False,FP
http://www.forbes.com/companies/tripadvisor/,fullcontact_755,1.0,False,FP
http://www.forbes.com/companies/windstream/,fullcontact_821,1.0,False,FP
http://www.forbes.com/companies/clariant/,fullcontact_218,1.0,False,FP
http://www.forbes.com/companies/teradata/,fullcontact_734,1.0,False,FP
http://www.forbes.com/companies/oshkosh/,fullcontact_567,1.0,True,TP
http://www.forbes.com/companies/prysmian/,fullcontact_608,1.0,False,FP
http://www.forbes.com/companies/cameco/,fullcontact_186,1.0,False,FP
http://www.forbes.com/companies/equifax/,fullcontact_298,1.0,False,FP
