id1,id2,label,triplet_group
http://dbpedia.org/resource/China_Mobile,http://www.forbes.com/companies/china-communications-services/,FALSE,
http://dbpedia.org/resource/Israel_Discount_Bank,http://www.forbes.com/companies/bank-leumi/,FALSE,
http://dbpedia.org/resource/Prudential_plc,http://www.forbes.com/companies/prudential-financial/,FALSE,
http://dbpedia.org/resource/Hellenic_Aerospace_Industry,http://www.forbes.com/companies/hellenic-petroleum/,FALSE,
http://dbpedia.org/resource/Motor_Oil_Hellas,http://www.forbes.com/companies/hellenic-petroleum/,FALSE,
http://dbpedia.org/resource/Pidilite_Industries,http://www.forbes.com/companies/grasim-industries/,FALSE,
http://dbpedia.org/resource/Imperial_Tobacco,http://www.forbes.com/companies/imperial-tobacco-group/,TRUE,
http://dbpedia.org/resource/Avenir_Telecom,http://www.forbes.com/companies/vivendi/,FALSE,
http://dbpedia.org/resource/Clorox,http://www.forbes.com/companies/clorox/,TRUE,
http://dbpedia.org/resource/Larsen_&_Toubro,http://www.forbes.com/companies/larsen-toubro/,TRUE,
http://dbpedia.org/resource/Prudential_Financial,http://www.forbes.com/companies/prudential-financial/,TRUE,
http://dbpedia.org/resource/TJX_Companies,http://www.forbes.com/companies/tjx-cos/,TRUE,
http://dbpedia.org/resource/Dubai_Banking_Group,http://www.forbes.com/companies/dubai-islamic-bank/,FALSE,
http://dbpedia.org/resource/Neste_Oil,http://www.forbes.com/companies/neste-oil/,TRUE,
http://dbpedia.org/resource/Tokyo_Star_Bank,http://www.forbes.com/companies/bank-of-yokohama/,FALSE,
http://dbpedia.org/resource/Weichai_Power,http://www.forbes.com/companies/weichai-power/,TRUE,
http://dbpedia.org/resource/Woolworths_(New_Zealand),http://www.forbes.com/companies/woolworths/,FALSE,
http://dbpedia.org/resource/Caltex_Woolworths,http://www.forbes.com/companies/woolworths/,FALSE,
http://dbpedia.org/resource/Turkcell,http://www.forbes.com/companies/turkcell/,TRUE,
http://dbpedia.org/resource/Masco,http://www.forbes.com/companies/masco/,TRUE,
http://dbpedia.org/resource/Rubbermaid,http://www.forbes.com/companies/clorox/,FALSE,
http://dbpedia.org/resource/Ohzora_Publishing,http://www.forbes.com/companies/dai-nippon-printing/,FALSE,
http://dbpedia.org/resource/Metro_Inc.,http://www.forbes.com/companies/metro-inc/,TRUE,
http://dbpedia.org/resource/Harbin_Power_Equipment,http://www.forbes.com/companies/weichai-power/,FALSE,
http://dbpedia.org/resource/Dai-Ichi_Kangyo_Bank,http://www.forbes.com/companies/dai-ichi-life-insurance/,FALSE,
http://dbpedia.org/resource/Kingdom_Holding_Company,http://www.forbes.com/companies/kingdom-holding/,TRUE,
http://dbpedia.org/resource/Compaq,http://www.forbes.com/companies/hewlett-packard/,FALSE,
http://dbpedia.org/resource/Musco_Lighting,http://www.forbes.com/companies/masco/,FALSE,
http://dbpedia.org/resource/Bank_Leumi,http://www.forbes.com/companies/bank-leumi/,TRUE,
http://dbpedia.org/resource/Abu_Dhabi_Islamic_Bank,http://www.forbes.com/companies/dubai-islamic-bank/,FALSE,
http://dbpedia.org/resource/Kasikornbank,http://www.forbes.com/companies/kasikornbank/,TRUE,
http://dbpedia.org/resource/Marathon_Technologies,http://www.forbes.com/companies/marathon-petroleum/,FALSE,
http://dbpedia.org/resource/Persystent_Software,http://www.forbes.com/companies/symantec/,FALSE,
http://dbpedia.org/resource/Bank_of_Yokohama,http://www.forbes.com/companies/bank-of-yokohama/,TRUE,
http://dbpedia.org/resource/Inter_Pipeline,http://www.forbes.com/companies/encana/,FALSE,
http://dbpedia.org/resource/Hellenic_Petroleum,http://www.forbes.com/companies/hellenic-petroleum/,TRUE,
http://dbpedia.org/resource/China_Life_Insurance_Company_(Taiwan),http://www.forbes.com/companies/china-life-insurance/,FALSE,
http://dbpedia.org/resource/Saudi_Advanced_Industries_Company,http://www.forbes.com/companies/kingdom-holding/,FALSE,
http://dbpedia.org/resource/Indus_Towers,http://www.forbes.com/companies/larsen-toubro/,FALSE,
http://dbpedia.org/resource/China_Life_Insurance_Company,http://www.forbes.com/companies/china-life-insurance/,TRUE,
http://dbpedia.org/resource/Gardner_Denver,http://www.forbes.com/companies/parker-hannifin/,FALSE,
http://dbpedia.org/resource/Larsen_&_Toubro_Infotech,http://www.forbes.com/companies/larsen-toubro/,FALSE,
http://dbpedia.org/resource/Parker_Hannifin,http://www.forbes.com/companies/parker-hannifin/,TRUE,
http://dbpedia.org/resource/Target_Corporation,http://www.forbes.com/companies/tjx-cos/,FALSE,
http://dbpedia.org/resource/Dai_Nippon_Printing,http://www.forbes.com/companies/dai-nippon-printing/,TRUE,
http://dbpedia.org/resource/Dubai_Islamic_Bank,http://www.forbes.com/companies/dubai-islamic-bank/,TRUE,
http://dbpedia.org/resource/Bouygues_Telecom,http://www.forbes.com/companies/vivendi/,FALSE,
http://dbpedia.org/resource/Symantec,http://www.forbes.com/companies/symantec/,TRUE,
http://dbpedia.org/resource/Sodern,http://www.forbes.com/companies/sodexo/,FALSE,
http://dbpedia.org/resource/Qualcomm,http://www.forbes.com/companies/qualcomm/,TRUE,
http://dbpedia.org/resource/China_Communications_Services_Corporation,http://www.forbes.com/companies/china-communications-services/,TRUE,
http://dbpedia.org/resource/Hewlett-Packard,http://www.forbes.com/companies/hewlett-packard/,TRUE,
http://dbpedia.org/resource/Dai-ichi_Life,http://www.forbes.com/companies/dai-ichi-life-insurance/,TRUE,
http://dbpedia.org/resource/Greenply,http://www.forbes.com/companies/grasim-industries/,FALSE,
http://dbpedia.org/resource/NextEra_Energy,http://www.forbes.com/companies/nextera-energy/,TRUE,
http://dbpedia.org/resource/R._J._Reynolds_Tobacco_Company,http://www.forbes.com/companies/imperial-tobacco-group/,FALSE,
http://dbpedia.org/resource/Marathon_Petroleum,http://www.forbes.com/companies/marathon-petroleum/,TRUE,
http://dbpedia.org/resource/Mawarid_Holding,http://www.forbes.com/companies/kingdom-holding/,FALSE,
http://dbpedia.org/resource/Sino-Ocean_Land,http://www.forbes.com/companies/shui-on-land/,FALSE,
http://dbpedia.org/resource/D3_Publisher,http://www.forbes.com/companies/dai-nippon-printing/,FALSE,
http://dbpedia.org/resource/Bangkok_Bank,http://www.forbes.com/companies/kasikornbank/,FALSE,
"http://dbpedia.org/resource/Toyota_Material_Handling,_U.S.A.,_Inc.",http://www.forbes.com/companies/trw-automotive-holdings/,FALSE,
http://dbpedia.org/resource/Clean_Water_Services,http://www.forbes.com/companies/clorox/,FALSE,
http://dbpedia.org/resource/Shandong_Heavy_Industry,http://www.forbes.com/companies/weichai-power/,FALSE,
http://dbpedia.org/resource/Duke_Energy,http://www.forbes.com/companies/nextera-energy/,FALSE,
http://dbpedia.org/resource/People's_Insurance_Company_of_China,http://www.forbes.com/companies/china-life-insurance/,FALSE,
http://dbpedia.org/resource/Marathon_Oil,http://www.forbes.com/companies/marathon-petroleum/,FALSE,
http://dbpedia.org/resource/Japan_Post_Insurance,http://www.forbes.com/companies/dai-ichi-life-insurance/,FALSE,
http://dbpedia.org/resource/Freescale_Semiconductor,http://www.forbes.com/companies/qualcomm/,FALSE,
http://dbpedia.org/resource/MAB_Paints,http://www.forbes.com/companies/masco/,FALSE,
http://dbpedia.org/resource/The_Corporate_Group,http://www.forbes.com/companies/imperial-tobacco-group/,FALSE,
http://dbpedia.org/resource/Ace_Hardware,http://www.forbes.com/companies/hewlett-packard/,FALSE,
http://dbpedia.org/resource/ASELSAN,http://www.forbes.com/companies/turkcell/,FALSE,
http://dbpedia.org/resource/Parker_Engineering,http://www.forbes.com/companies/parker-hannifin/,FALSE,
http://dbpedia.org/resource/Automotive_Components_Holdings,http://www.forbes.com/companies/trw-automotive-holdings/,FALSE,
http://dbpedia.org/resource/Kiatnakin_Bank,http://www.forbes.com/companies/kasikornbank/,FALSE,
http://dbpedia.org/resource/Caltex_Woolworths,http://www.forbes.com/companies/woolworths/,FALSE,
http://dbpedia.org/resource/TRW_Automotive,http://www.forbes.com/companies/trw-automotive-holdings/,TRUE,
http://dbpedia.org/resource/J._C._Penney,http://www.forbes.com/companies/tjx-cos/,FALSE,
http://dbpedia.org/resource/T%C3%9CDEMSA%C5%9E,http://www.forbes.com/companies/turkcell/,FALSE,
http://dbpedia.org/resource/Groupe_SEB,http://www.forbes.com/companies/sodexo/,FALSE,
http://dbpedia.org/resource/StarWind_Software,http://www.forbes.com/companies/symantec/,FALSE,
http://dbpedia.org/resource/Poly_Real_Estate,http://www.forbes.com/companies/shui-on-land/,FALSE,
http://dbpedia.org/resource/Encana,http://www.forbes.com/companies/encana/,TRUE,
http://dbpedia.org/resource/Shui_On_Land,http://www.forbes.com/companies/shui-on-land/,TRUE,
http://dbpedia.org/resource/First_International_Bank_of_Israel,http://www.forbes.com/companies/bank-leumi/,FALSE,
http://dbpedia.org/resource/Woolworths_(supermarket),http://www.forbes.com/companies/woolworths/,TRUE,
http://dbpedia.org/resource/Grasim_Industries,http://www.forbes.com/companies/grasim-industries/,TRUE,
http://dbpedia.org/resource/Vivendi,http://www.forbes.com/companies/vivendi/,TRUE,
http://dbpedia.org/resource/Prime_Restaurants,http://www.forbes.com/companies/metro-inc/,FALSE,
http://dbpedia.org/resource/Hokkaido_Bank,http://www.forbes.com/companies/bank-of-yokohama/,FALSE,
http://dbpedia.org/resource/Woolworths_(New_Zealand),http://www.forbes.com/companies/woolworths/,FALSE,
http://dbpedia.org/resource/McDonald's_Canada,http://www.forbes.com/companies/metro-inc/,FALSE,
http://dbpedia.org/resource/China_Communications_Construction,http://www.forbes.com/companies/china-communications-services/,FALSE,
http://dbpedia.org/resource/Woolworths_Limited,http://www.forbes.com/companies/woolworths/,TRUE,
http://dbpedia.org/resource/ON_Semiconductor_Corporation,http://www.forbes.com/companies/qualcomm/,FALSE,
http://dbpedia.org/resource/Gerber_Life_Insurance_Company,http://www.forbes.com/companies/prudential-financial/,FALSE,
http://dbpedia.org/resource/Sodexo,http://www.forbes.com/companies/sodexo/,TRUE,
http://dbpedia.org/resource/Shell_Canada,http://www.forbes.com/companies/encana/,FALSE,
http://dbpedia.org/resource/GE_Energy,http://www.forbes.com/companies/nextera-energy/,FALSE,
http://dbpedia.org/resource/Cameco,http://www.forbes.com/companies/cameco/,TRUE,0.0
http://dbpedia.org/resource/Star_Uranium,http://www.forbes.com/companies/cameco/,FALSE,0.0
http://dbpedia.org/resource/United_Uranium,http://www.forbes.com/companies/cameco/,FALSE,0.0
http://dbpedia.org/resource/China_Resources_Enterprise,http://www.forbes.com/companies/china-resources-enterprise/,TRUE,1.0
http://dbpedia.org/resource/Beijing_Enterprises,http://www.forbes.com/companies/china-resources-enterprise/,FALSE,1.0
http://dbpedia.org/resource/China_Travel_International_Investment_Hong_Kong,http://www.forbes.com/companies/china-resources-enterprise/,FALSE,1.0
http://dbpedia.org/resource/Tongling_Nonferrous_Metals,http://www.forbes.com/companies/tongling-nonferrous-metals/,TRUE,2.0
http://dbpedia.org/resource/Hunan_Nonferrous_Metals,http://www.forbes.com/companies/tongling-nonferrous-metals/,FALSE,2.0
http://dbpedia.org/resource/Shenzhen_Zhongjin_Lingnan_Nonfemet_Company,http://www.forbes.com/companies/tongling-nonferrous-metals/,FALSE,2.0
http://dbpedia.org/resource/Almarai,http://www.forbes.com/companies/almarai/,TRUE,3.0
http://dbpedia.org/resource/Al_Shoula_Group,http://www.forbes.com/companies/almarai/,FALSE,3.0
http://dbpedia.org/resource/Alinma_Bank,http://www.forbes.com/companies/almarai/,FALSE,3.0
http://dbpedia.org/resource/Prada,http://www.forbes.com/companies/prada/,TRUE,4.0
http://dbpedia.org/resource/Moschino,http://www.forbes.com/companies/prada/,FALSE,4.0
http://dbpedia.org/resource/Fendi,http://www.forbes.com/companies/prada/,FALSE,4.0
http://dbpedia.org/resource/Nokia,http://www.forbes.com/companies/nokia/,TRUE,5.0
http://dbpedia.org/resource/Nokia_Solutions_and_Networks,http://www.forbes.com/companies/nokia/,FALSE,5.0
http://dbpedia.org/resource/SATEL,http://www.forbes.com/companies/nokia/,FALSE,5.0
http://dbpedia.org/resource/Areva,http://www.forbes.com/companies/areva/,TRUE,6.0
http://dbpedia.org/resource/Avenir_Telecom,http://www.forbes.com/companies/areva/,FALSE,6.0
http://dbpedia.org/resource/Electravia,http://www.forbes.com/companies/areva/,FALSE,6.0
http://dbpedia.org/resource/Intact_Financial,http://www.forbes.com/companies/intact-financial/,TRUE,7.0
http://dbpedia.org/resource/CI_Financial,http://www.forbes.com/companies/intact-financial/,FALSE,7.0
http://dbpedia.org/resource/First_Calgary_Financial,http://www.forbes.com/companies/intact-financial/,FALSE,7.0
http://dbpedia.org/resource/Westfield_Group,http://www.forbes.com/companies/westfield-group/,TRUE,8.0
http://dbpedia.org/resource/Woolworths_Limited,http://www.forbes.com/companies/westfield-group/,FALSE,8.0
http://dbpedia.org/resource/REA_Group,http://www.forbes.com/companies/westfield-group/,FALSE,8.0
http://dbpedia.org/resource/GPT_Group,http://www.forbes.com/companies/gpt-group/,TRUE,9.0
http://dbpedia.org/resource/REA_Group,http://www.forbes.com/companies/gpt-group/,FALSE,9.0
http://dbpedia.org/resource/Transpacific_Industries_Group,http://www.forbes.com/companies/gpt-group/,FALSE,9.0
http://dbpedia.org/resource/H&M,http://www.forbes.com/companies/hm/,TRUE,10.0
http://dbpedia.org/resource/Lindex,http://www.forbes.com/companies/hm/,FALSE,10.0
http://dbpedia.org/resource/NOHAB,http://www.forbes.com/companies/hm/,FALSE,10.0
http://dbpedia.org/resource/Nanto_Bank,http://www.forbes.com/companies/nanto-bank/,TRUE,11.0
http://dbpedia.org/resource/Japan_Post_Bank,http://www.forbes.com/companies/nanto-bank/,FALSE,11.0
http://dbpedia.org/resource/Tokyo_Star_Bank,http://www.forbes.com/companies/nanto-bank/,FALSE,11.0
http://dbpedia.org/resource/Yamada_Denki,http://www.forbes.com/companies/yamada-denki/,TRUE,12.0
http://dbpedia.org/resource/Nitto_Denko,http://www.forbes.com/companies/yamada-denki/,FALSE,12.0
http://dbpedia.org/resource/Dentsu,http://www.forbes.com/companies/yamada-denki/,FALSE,12.0
http://dbpedia.org/resource/Banco_do_Brasil,http://www.forbes.com/companies/banco-do-brasil/,TRUE,13.0
http://dbpedia.org/resource/Banco_de_Bogot%C3%A1,http://www.forbes.com/companies/banco-do-brasil/,FALSE,13.0
http://dbpedia.org/resource/Banco_Ita%C3%BA_Chile,http://www.forbes.com/companies/banco-do-brasil/,FALSE,13.0
http://dbpedia.org/resource/Fortum,http://www.forbes.com/companies/fortum/,TRUE,14.0
http://dbpedia.org/resource/Oceanvolt,http://www.forbes.com/companies/fortum/,FALSE,14.0
http://dbpedia.org/resource/Fennovoima,http://www.forbes.com/companies/fortum/,FALSE,14.0
http://dbpedia.org/resource/BBMG,http://www.forbes.com/companies/bbmg/,TRUE,15.0
http://dbpedia.org/resource/BAW,http://www.forbes.com/companies/bbmg/,FALSE,15.0
http://dbpedia.org/resource/BOC_International,http://www.forbes.com/companies/bbmg/,FALSE,15.0
http://dbpedia.org/resource/Nitto_Denko,http://www.forbes.com/companies/nitto-denko/,TRUE,16.0
http://dbpedia.org/resource/Yamada_Denki,http://www.forbes.com/companies/nitto-denko/,FALSE,16.0
http://dbpedia.org/resource/Dentsu,http://www.forbes.com/companies/nitto-denko/,FALSE,16.0
http://dbpedia.org/resource/Silver_Wheaton,http://www.forbes.com/companies/silver-wheaton/,TRUE,17.0
http://dbpedia.org/resource/Silver_Jeans_Co.,http://www.forbes.com/companies/silver-wheaton/,FALSE,17.0
http://dbpedia.org/resource/Silvercorp_Metals,http://www.forbes.com/companies/silver-wheaton/,FALSE,17.0
http://dbpedia.org/resource/Tenaga_Nasional,http://www.forbes.com/companies/tenaga-nasional/,TRUE,18.0
http://dbpedia.org/resource/Sabah_Electricity,http://www.forbes.com/companies/tenaga-nasional/,FALSE,18.0
http://dbpedia.org/resource/Sarawak_Energy,http://www.forbes.com/companies/tenaga-nasional/,FALSE,18.0
http://dbpedia.org/resource/Reliance_Industries,http://www.forbes.com/companies/reliance-industries/,TRUE,19.0
http://dbpedia.org/resource/Reliance_Anil_Dhirubhai_Ambani_Group,http://www.forbes.com/companies/reliance-industries/,FALSE,19.0
http://dbpedia.org/resource/Reliance_MediaWorks,http://www.forbes.com/companies/reliance-industries/,FALSE,19.0
http://dbpedia.org/resource/Infosys,http://www.forbes.com/companies/infosys/,TRUE,20.0
http://dbpedia.org/resource/Wipro,http://www.forbes.com/companies/infosys/,FALSE,20.0
http://dbpedia.org/resource/Infrasoft_Technologies,http://www.forbes.com/companies/infosys/,FALSE,20.0
http://dbpedia.org/resource/Eni,http://www.forbes.com/companies/eni/,TRUE,21.0
http://dbpedia.org/resource/Enel,http://www.forbes.com/companies/eni/,FALSE,21.0
http://dbpedia.org/resource/UFIP,http://www.forbes.com/companies/eni/,FALSE,21.0
http://dbpedia.org/resource/SAIC_Motor,http://www.forbes.com/companies/saic-motor/,TRUE,22.0
http://dbpedia.org/resource/JAC_Motors,http://www.forbes.com/companies/saic-motor/,FALSE,22.0
http://dbpedia.org/resource/Jiangling_Motors,http://www.forbes.com/companies/saic-motor/,FALSE,22.0
http://dbpedia.org/resource/Akbank,http://www.forbes.com/companies/akbank/,TRUE,23.0
http://dbpedia.org/resource/Garanti_Bank,http://www.forbes.com/companies/akbank/,FALSE,23.0
http://dbpedia.org/resource/AtaBank,http://www.forbes.com/companies/akbank/,FALSE,23.0
http://dbpedia.org/resource/Suning_Appliance,http://www.forbes.com/companies/suning-appliance/,TRUE,24.0
http://dbpedia.org/resource/GOME_Electrical_Appliances,http://www.forbes.com/companies/suning-appliance/,FALSE,24.0
http://dbpedia.org/resource/Sany,http://www.forbes.com/companies/suning-appliance/,FALSE,24.0
http://dbpedia.org/resource/Coal_India,http://www.forbes.com/companies/coal-india/,TRUE,25.0
http://dbpedia.org/resource/ChinaCoal,http://www.forbes.com/companies/coal-india/,FALSE,25.0
http://dbpedia.org/resource/Binani_Industries_Ltd,http://www.forbes.com/companies/coal-india/,FALSE,25.0
http://dbpedia.org/resource/Naspers,http://www.forbes.com/companies/naspers/,TRUE,26.0
http://dbpedia.org/resource/Pepkor,http://www.forbes.com/companies/naspers/,FALSE,26.0
http://dbpedia.org/resource/Neotel,http://www.forbes.com/companies/naspers/,FALSE,26.0
http://dbpedia.org/resource/Piraeus_Bank,http://www.forbes.com/companies/piraeus-bank/,TRUE,27.0
http://dbpedia.org/resource/Piraeus_Bank_Beograd,http://www.forbes.com/companies/piraeus-bank/,FALSE,27.0
http://dbpedia.org/resource/Alpha_Bank,http://www.forbes.com/companies/piraeus-bank/,FALSE,27.0
http://dbpedia.org/resource/China_Oilfield_Services,http://www.forbes.com/companies/china-oilfield-service/,TRUE,28.0
http://dbpedia.org/resource/China_National_Offshore_Oil_Corporation,http://www.forbes.com/companies/china-oilfield-service/,FALSE,28.0
http://dbpedia.org/resource/China_Communications_Services_Corporation,http://www.forbes.com/companies/china-oilfield-service/,FALSE,28.0
http://dbpedia.org/resource/Tauron_Group,http://www.forbes.com/companies/tauron-group/,TRUE,29.0
http://dbpedia.org/resource/Tauron_Wytwarzanie,http://www.forbes.com/companies/tauron-group/,FALSE,29.0
http://dbpedia.org/resource/Polska_Grupa_Energetyczna,http://www.forbes.com/companies/tauron-group/,FALSE,29.0
http://dbpedia.org/resource/Jiangxi_Copper,http://www.forbes.com/companies/jiangxi-copper/,TRUE,30.0
http://dbpedia.org/resource/Xingye_Copper,http://www.forbes.com/companies/jiangxi-copper/,FALSE,30.0
http://dbpedia.org/resource/Yunnan_Copper,http://www.forbes.com/companies/jiangxi-copper/,FALSE,30.0
http://dbpedia.org/resource/United_Overseas_Bank,http://www.forbes.com/companies/united-overseas-bank/,TRUE,31.0
http://dbpedia.org/resource/UOB-Kay_Hian,http://www.forbes.com/companies/united-overseas-bank/,FALSE,31.0
http://dbpedia.org/resource/Bank_of_Singapore,http://www.forbes.com/companies/united-overseas-bank/,FALSE,31.0
http://dbpedia.org/resource/Zenith_Bank,http://www.forbes.com/companies/zenith-bank/,TRUE,32.0
http://dbpedia.org/resource/Zenith_Electronics,http://www.forbes.com/companies/zenith-bank/,FALSE,32.0
http://dbpedia.org/resource/Zenith_(watchmaker),http://www.forbes.com/companies/zenith-bank/,FALSE,32.0
http://dbpedia.org/resource/Bank_of_Beijing,http://www.forbes.com/companies/bank-of-beijing/,TRUE,33.0
http://dbpedia.org/resource/Bank_of_China,http://www.forbes.com/companies/bank-of-beijing/,FALSE,33.0
http://dbpedia.org/resource/Bank_of_Ningbo,http://www.forbes.com/companies/bank-of-beijing/,FALSE,33.0
http://dbpedia.org/resource/OTP_Bank,http://www.forbes.com/companies/otp-bank/,TRUE,34.0
http://dbpedia.org/resource/OTP_banka_Srbija,http://www.forbes.com/companies/otp-bank/,FALSE,34.0
http://dbpedia.org/resource/Magyar_Posta,http://www.forbes.com/companies/otp-bank/,FALSE,34.0
http://dbpedia.org/resource/China_Construction_Bank,http://www.forbes.com/companies/china-construction-bank/,TRUE,35.0
http://dbpedia.org/resource/China_CITIC_Bank,http://www.forbes.com/companies/china-construction-bank/,FALSE,35.0
http://dbpedia.org/resource/China_Merchants_Bank,http://www.forbes.com/companies/china-construction-bank/,FALSE,35.0
http://dbpedia.org/resource/Barrick_Gold,http://www.forbes.com/companies/barrick-gold/,TRUE,36.0
http://dbpedia.org/resource/New_Gold,http://www.forbes.com/companies/barrick-gold/,FALSE,36.0
http://dbpedia.org/resource/Centerra_Gold,http://www.forbes.com/companies/barrick-gold/,FALSE,36.0
http://dbpedia.org/resource/Sime_Darby,http://www.forbes.com/companies/sime-darby/,TRUE,37.0
http://dbpedia.org/resource/Gas_Malaysia,http://www.forbes.com/companies/sime-darby/,FALSE,37.0
http://dbpedia.org/resource/Sarawak_Energy,http://www.forbes.com/companies/sime-darby/,FALSE,37.0
http://dbpedia.org/resource/Garanti_Bank,http://www.forbes.com/companies/garanti-bank/,TRUE,38.0
http://dbpedia.org/resource/Akbank,http://www.forbes.com/companies/garanti-bank/,FALSE,38.0
http://dbpedia.org/resource/Yap%C4%B1_ve_Kredi_Bankas%C4%B1,http://www.forbes.com/companies/garanti-bank/,FALSE,38.0
http://dbpedia.org/resource/Tenaris,http://www.forbes.com/companies/tenaris/,TRUE,39.0
http://dbpedia.org/resource/De_Beers,http://www.forbes.com/companies/tenaris/,FALSE,39.0
http://dbpedia.org/resource/Arcelor,http://www.forbes.com/companies/tenaris/,FALSE,39.0
http://dbpedia.org/resource/Meiji_Holdings,http://www.forbes.com/companies/meiji-holdings/,TRUE,40.0
http://dbpedia.org/resource/K's_Holdings_Corporation,http://www.forbes.com/companies/meiji-holdings/,FALSE,40.0
http://dbpedia.org/resource/Citizen_Holdings,http://www.forbes.com/companies/meiji-holdings/,FALSE,40.0
http://dbpedia.org/resource/Siam_Commercial_Bank,http://www.forbes.com/companies/siam-commercial-bank/,TRUE,41.0
http://dbpedia.org/resource/Bangkok_Bank,http://www.forbes.com/companies/siam-commercial-bank/,FALSE,41.0
http://dbpedia.org/resource/Siam_Cement,http://www.forbes.com/companies/siam-commercial-bank/,FALSE,41.0
http://dbpedia.org/resource/Alpha_Bank,http://www.forbes.com/companies/alpha-bank/,TRUE,42.0
http://dbpedia.org/resource/Alpha_Bank_Skopje,http://www.forbes.com/companies/alpha-bank/,FALSE,42.0
http://dbpedia.org/resource/Alpha_Bank_Srbija,http://www.forbes.com/companies/alpha-bank/,FALSE,42.0
http://dbpedia.org/resource/Kotak_Mahindra_Bank,http://www.forbes.com/companies/kotak-mahindra-bank/,TRUE,43.0
http://dbpedia.org/resource/Kotak_Securities,http://www.forbes.com/companies/kotak-mahindra-bank/,FALSE,43.0
http://dbpedia.org/resource/BankBazaar,http://www.forbes.com/companies/kotak-mahindra-bank/,FALSE,43.0
http://dbpedia.org/resource/TAQA,http://www.forbes.com/companies/taqa/,TRUE,44.0
http://dbpedia.org/resource/Dana_Gas,http://www.forbes.com/companies/taqa/,FALSE,44.0
http://dbpedia.org/resource/Tatweer,http://www.forbes.com/companies/taqa/,FALSE,44.0
http://dbpedia.org/resource/Want_Want_China,http://www.forbes.com/companies/want-want-china/,TRUE,45.0
http://dbpedia.org/resource/Want_Want,http://www.forbes.com/companies/want-want-china/,FALSE,45.0
http://dbpedia.org/resource/ChemChina,http://www.forbes.com/companies/want-want-china/,FALSE,45.0
http://dbpedia.org/resource/China_Pacific_Insurance,http://www.forbes.com/companies/china-pacific-insurance/,TRUE,46.0
http://dbpedia.org/resource/China_Life_Insurance_Company,http://www.forbes.com/companies/china-pacific-insurance/,FALSE,46.0
http://dbpedia.org/resource/People's_Insurance_Company_of_China,http://www.forbes.com/companies/china-pacific-insurance/,FALSE,46.0
http://dbpedia.org/resource/Bancolombia,http://www.forbes.com/companies/bancolombia/,TRUE,47.0
http://dbpedia.org/resource/Banco_de_Bogot%C3%A1,http://www.forbes.com/companies/bancolombia/,FALSE,47.0
http://dbpedia.org/resource/Banco_de_Occidente,http://www.forbes.com/companies/bancolombia/,FALSE,47.0
http://dbpedia.org/resource/Petrobras,http://www.forbes.com/companies/petrobras/,TRUE,48.0
http://dbpedia.org/resource/Transpetro,http://www.forbes.com/companies/petrobras/,FALSE,48.0
http://dbpedia.org/resource/Eletrobras,http://www.forbes.com/companies/petrobras/,FALSE,48.0
http://dbpedia.org/resource/Kone,http://www.forbes.com/companies/kone/,TRUE,49.0
http://dbpedia.org/resource/Konecranes,http://www.forbes.com/companies/kone/,FALSE,49.0
http://dbpedia.org/resource/Nokia,http://www.forbes.com/companies/kone/,FALSE,49.0
http://dbpedia.org/resource/Huadian_Power_International,http://www.forbes.com/companies/huadian-power-international/,TRUE,50.0
http://dbpedia.org/resource/Huaneng_Power_International,http://www.forbes.com/companies/huadian-power-international/,FALSE,50.0
http://dbpedia.org/resource/Datang_International_Power_Generation_Company,http://www.forbes.com/companies/huadian-power-international/,FALSE,50.0
http://dbpedia.org/resource/Bank_of_Ningbo,http://www.forbes.com/companies/bank-of-ningbo/,TRUE,51.0
http://dbpedia.org/resource/Bank_of_Beijing,http://www.forbes.com/companies/bank-of-ningbo/,FALSE,51.0
http://dbpedia.org/resource/Bank_of_Taizhou,http://www.forbes.com/companies/bank-of-ningbo/,FALSE,51.0
http://dbpedia.org/resource/Haitong_Securities,http://www.forbes.com/companies/haitong-securities/,TRUE,52.0
http://dbpedia.org/resource/Hongyuan_Securities,http://www.forbes.com/companies/haitong-securities/,FALSE,52.0
http://dbpedia.org/resource/CITIC_Securities,http://www.forbes.com/companies/haitong-securities/,FALSE,52.0
http://dbpedia.org/resource/Petro_Rabigh,http://www.forbes.com/companies/petro-rabigh/,TRUE,53.0
http://dbpedia.org/resource/Saudi_International_Petrochemical_Company,http://www.forbes.com/companies/petro-rabigh/,FALSE,53.0
http://dbpedia.org/resource/Petromin_Corporation,http://www.forbes.com/companies/petro-rabigh/,FALSE,53.0
http://dbpedia.org/resource/Tokyo_Gas,http://www.forbes.com/companies/tokyo-gas/,TRUE,54.0
http://dbpedia.org/resource/Tokyo_Electric_Power_Company,http://www.forbes.com/companies/tokyo-gas/,FALSE,54.0
http://dbpedia.org/resource/Tokyo_Electron,http://www.forbes.com/companies/tokyo-gas/,FALSE,54.0
http://dbpedia.org/resource/Bouygues,http://www.forbes.com/companies/bouygues/,TRUE,55.0
http://dbpedia.org/resource/Bouygues_Telecom,http://www.forbes.com/companies/bouygues/,FALSE,55.0
http://dbpedia.org/resource/SAGEMCOM,http://www.forbes.com/companies/bouygues/,FALSE,55.0
http://dbpedia.org/resource/Metso,http://www.forbes.com/companies/metso/,TRUE,56.0
http://dbpedia.org/resource/Mets%C3%A4_Board,http://www.forbes.com/companies/metso/,FALSE,56.0
http://dbpedia.org/resource/Kone,http://www.forbes.com/companies/metso/,FALSE,56.0
http://dbpedia.org/resource/Nintendo,http://www.forbes.com/companies/nintendo/,TRUE,57.0
http://dbpedia.org/resource/Microsoft_Japan,http://www.forbes.com/companies/nintendo/,FALSE,57.0
http://dbpedia.org/resource/Bandai_Namco_Games,http://www.forbes.com/companies/nintendo/,FALSE,57.0
http://dbpedia.org/resource/China_Yangtze_Power,http://www.forbes.com/companies/china-yangtze-power/,TRUE,58.0
http://dbpedia.org/resource/China_Southern_Power_Grid_Company,http://www.forbes.com/companies/china-yangtze-power/,FALSE,58.0
http://dbpedia.org/resource/Datang_International_Power_Generation_Company,http://www.forbes.com/companies/china-yangtze-power/,FALSE,58.0
http://dbpedia.org/resource/Krung_Thai_Bank,http://www.forbes.com/companies/krung-thai-bank/,TRUE,59.0
http://dbpedia.org/resource/Bangkok_Bank,http://www.forbes.com/companies/krung-thai-bank/,FALSE,59.0
http://dbpedia.org/resource/Kiatnakin_Bank,http://www.forbes.com/companies/krung-thai-bank/,FALSE,59.0
http://dbpedia.org/resource/Seiko_Epson,http://www.forbes.com/companies/seiko-epson/,TRUE,60.0
http://dbpedia.org/resource/Star_Micronics,http://www.forbes.com/companies/seiko-epson/,FALSE,60.0
http://dbpedia.org/resource/Eizo,http://www.forbes.com/companies/seiko-epson/,FALSE,60.0
http://dbpedia.org/resource/Shiseido,http://www.forbes.com/companies/shiseido/,TRUE,61.0
http://dbpedia.org/resource/Sanseido,http://www.forbes.com/companies/shiseido/,FALSE,61.0
http://dbpedia.org/resource/Shoei,http://www.forbes.com/companies/shiseido/,FALSE,61.0
http://dbpedia.org/resource/PKN_Orlen,http://www.forbes.com/companies/pkn-orlen/,TRUE,62.0
http://dbpedia.org/resource/Orange_Polska,http://www.forbes.com/companies/pkn-orlen/,FALSE,62.0
http://dbpedia.org/resource/Pronar,http://www.forbes.com/companies/pkn-orlen/,FALSE,62.0
http://dbpedia.org/resource/A2A,http://www.forbes.com/companies/a2a/,TRUE,63.0
http://dbpedia.org/resource/UFIP,http://www.forbes.com/companies/a2a/,FALSE,63.0
http://dbpedia.org/resource/Alenia_Aeronautica,http://www.forbes.com/companies/a2a/,FALSE,63.0
http://dbpedia.org/resource/Israel_Discount_Bank,http://www.forbes.com/companies/israel-discount-bank/,TRUE,64.0
http://dbpedia.org/resource/First_International_Bank_of_Israel,http://www.forbes.com/companies/israel-discount-bank/,FALSE,64.0
http://dbpedia.org/resource/Mercantile_Discount_Bank,http://www.forbes.com/companies/israel-discount-bank/,FALSE,64.0
http://dbpedia.org/resource/China_Merchants_Bank,http://www.forbes.com/companies/china-merchants-bank/,TRUE,65.0
http://dbpedia.org/resource/China_Merchants_Property,http://www.forbes.com/companies/china-merchants-bank/,FALSE,65.0
http://dbpedia.org/resource/China_Construction_Bank,http://www.forbes.com/companies/china-merchants-bank/,FALSE,65.0
http://dbpedia.org/resource/Bangkok_Bank,http://www.forbes.com/companies/bangkok-bank/,TRUE,66.0
http://dbpedia.org/resource/Kiatnakin_Bank,http://www.forbes.com/companies/bangkok-bank/,FALSE,66.0
http://dbpedia.org/resource/Krung_Thai_Bank,http://www.forbes.com/companies/bangkok-bank/,FALSE,66.0
http://dbpedia.org/resource/Grupo_Argos,http://www.forbes.com/companies/grupo-argos/,TRUE,67.0
http://dbpedia.org/resource/Colombia_M%C3%B3vil,http://www.forbes.com/companies/grupo-argos/,FALSE,67.0
http://dbpedia.org/resource/Compa%C3%B1%C3%ADa_Colombiana_Automotriz,http://www.forbes.com/companies/grupo-argos/,FALSE,67.0
http://dbpedia.org/resource/Siam_Cement,http://www.forbes.com/companies/siam-cement/,TRUE,68.0
http://dbpedia.org/resource/Siam_Commercial_Bank,http://www.forbes.com/companies/siam-cement/,FALSE,68.0
http://dbpedia.org/resource/Indorama_Ventures,http://www.forbes.com/companies/siam-cement/,FALSE,68.0
http://dbpedia.org/resource/Inditex,http://www.forbes.com/companies/inditex/,TRUE,69.0
http://dbpedia.org/resource/Stradivarius_(Inditex),http://www.forbes.com/companies/inditex/,FALSE,69.0
http://dbpedia.org/resource/Oysho,http://www.forbes.com/companies/inditex/,FALSE,69.0
http://dbpedia.org/resource/Richemont,http://www.forbes.com/companies/richemont/,TRUE,70.0
http://dbpedia.org/resource/Charriol,http://www.forbes.com/companies/richemont/,FALSE,70.0
http://dbpedia.org/resource/JRP-Ringier,http://www.forbes.com/companies/richemont/,FALSE,70.0
http://dbpedia.org/resource/Yanzhou_Coal_Mining_Company,http://www.forbes.com/companies/yanzhou-coal-mining/,TRUE,71.0
http://dbpedia.org/resource/Datong_Coal_Mining_Group,http://www.forbes.com/companies/yanzhou-coal-mining/,FALSE,71.0
http://dbpedia.org/resource/Zhaojin_Mining,http://www.forbes.com/companies/yanzhou-coal-mining/,FALSE,71.0
http://dbpedia.org/resource/Cincinnati_Financial,http://www.forbes.com/companies/cincinnati-financial/,TRUE,72.0
http://dbpedia.org/resource/Ready_Financial,http://www.forbes.com/companies/cincinnati-financial/,FALSE,72.0
http://dbpedia.org/resource/Gate_City_Bank,http://www.forbes.com/companies/cincinnati-financial/,FALSE,72.0
http://dbpedia.org/resource/PNC_Financial_Services,http://www.forbes.com/companies/pnc-financial-services/,TRUE,73.0
http://dbpedia.org/resource/NB&T_Financial_Group,http://www.forbes.com/companies/pnc-financial-services/,FALSE,73.0
http://dbpedia.org/resource/Ready_Financial,http://www.forbes.com/companies/pnc-financial-services/,FALSE,73.0
http://dbpedia.org/resource/Andritz_AG,http://www.forbes.com/companies/andritz/,TRUE,74.0
http://dbpedia.org/resource/Stroh,http://www.forbes.com/companies/andritz/,FALSE,74.0
http://dbpedia.org/resource/Stabilimento_Tecnico_Triestino,http://www.forbes.com/companies/andritz/,FALSE,74.0
http://dbpedia.org/resource/WABCO_Holdings_Inc.,http://www.forbes.com/companies/wabco-holdings/,TRUE,75.0
http://dbpedia.org/resource/Wawa_Inc.,http://www.forbes.com/companies/wabco-holdings/,FALSE,75.0
http://dbpedia.org/resource/WABCO_Vehicle_Control_Systems,http://www.forbes.com/companies/wabco-holdings/,FALSE,75.0
http://dbpedia.org/resource/News_Corp,http://www.forbes.com/companies/news-corp/,TRUE,76.0
http://dbpedia.org/resource/News_Corp_Australia,http://www.forbes.com/companies/news-corp/,FALSE,76.0
http://dbpedia.org/resource/21st_Century_Newspapers,http://www.forbes.com/companies/news-corp/,FALSE,76.0
http://dbpedia.org/resource/Fosun_International_Limited,http://www.forbes.com/companies/fosun-international/,TRUE,77.0
http://dbpedia.org/resource/Fong%E2%80%99s_Industries_Group,http://www.forbes.com/companies/fosun-international/,FALSE,77.0
http://dbpedia.org/resource/Sinofert_Holdings,http://www.forbes.com/companies/fosun-international/,FALSE,77.0
http://dbpedia.org/resource/China_Shenhua_Energy_Company,http://www.forbes.com/companies/china-shenhua-energy/,TRUE,78.0
http://dbpedia.org/resource/Shandong_Energy,http://www.forbes.com/companies/china-shenhua-energy/,FALSE,78.0
http://dbpedia.org/resource/Shenzhen_Energy,http://www.forbes.com/companies/china-shenhua-energy/,FALSE,78.0
http://dbpedia.org/resource/Shenhua_Group,http://www.forbes.com/companies/china-shenhua-energy/,TRUE,79.0
http://dbpedia.org/resource/Shandong_Energy,http://www.forbes.com/companies/china-shenhua-energy/,FALSE,79.0
http://dbpedia.org/resource/Shenzhen_Energy,http://www.forbes.com/companies/china-shenhua-energy/,FALSE,79.0
http://dbpedia.org/resource/Norilsk_Nickel,http://www.forbes.com/companies/norilsk-nickel/,TRUE,80.0
http://dbpedia.org/resource/Novatek,http://www.forbes.com/companies/norilsk-nickel/,FALSE,80.0
http://dbpedia.org/resource/Northgas,http://www.forbes.com/companies/norilsk-nickel/,FALSE,80.0
http://dbpedia.org/resource/Edison_International,http://www.forbes.com/companies/edison-international/,TRUE,81.0
http://dbpedia.org/resource/Edison_(company),http://www.forbes.com/companies/edison-international/,FALSE,81.0
http://dbpedia.org/resource/Edison-Opto,http://www.forbes.com/companies/edison-international/,FALSE,81.0
http://dbpedia.org/resource/Lindt_&_Spr%C3%BCngli,http://www.forbes.com/companies/lindt-sprungli/,TRUE,82.0
http://dbpedia.org/resource/Chocolat_Frey,http://www.forbes.com/companies/lindt-sprungli/,FALSE,82.0
http://dbpedia.org/resource/Ferrero_SpA,http://www.forbes.com/companies/lindt-sprungli/,FALSE,82.0
http://dbpedia.org/resource/HollyFrontier,http://www.forbes.com/companies/hollyfrontier/,TRUE,83.0
http://dbpedia.org/resource/Harte_Hanks,http://www.forbes.com/companies/hollyfrontier/,FALSE,83.0
http://dbpedia.org/resource/SureFire,http://www.forbes.com/companies/hollyfrontier/,FALSE,83.0
http://dbpedia.org/resource/Best_Buy,http://www.forbes.com/companies/best-buy/,TRUE,84.0
http://dbpedia.org/resource/Newegg,http://www.forbes.com/companies/best-buy/,FALSE,84.0
http://dbpedia.org/resource/Walgreens,http://www.forbes.com/companies/best-buy/,FALSE,84.0
http://dbpedia.org/resource/RusHydro,http://www.forbes.com/companies/rushydro/,TRUE,85.0
http://dbpedia.org/resource/Russian_Post,http://www.forbes.com/companies/rushydro/,FALSE,85.0
http://dbpedia.org/resource/RAO_UES,http://www.forbes.com/companies/rushydro/,FALSE,85.0
http://dbpedia.org/resource/Schlumberger,http://www.forbes.com/companies/schlumberger/,TRUE,86.0
http://dbpedia.org/resource/SL_Industries,http://www.forbes.com/companies/schlumberger/,FALSE,86.0
http://dbpedia.org/resource/SemGroup,http://www.forbes.com/companies/schlumberger/,FALSE,86.0
http://dbpedia.org/resource/BYD_Company,http://www.forbes.com/companies/byd/,TRUE,87.0
http://dbpedia.org/resource/BYD_Electronic,http://www.forbes.com/companies/byd/,FALSE,87.0
http://dbpedia.org/resource/Beijing_Automotive_Group,http://www.forbes.com/companies/byd/,FALSE,87.0
http://dbpedia.org/resource/BYD_Auto,http://www.forbes.com/companies/byd/,TRUE,88.0
http://dbpedia.org/resource/BYD_Electronic,http://www.forbes.com/companies/byd/,FALSE,88.0
http://dbpedia.org/resource/Beijing_Automotive_Group,http://www.forbes.com/companies/byd/,FALSE,88.0
http://dbpedia.org/resource/Mitsubishi_UFJ_Financial_Group,http://www.forbes.com/companies/mitsubishi-ufj-financial/,TRUE,89.0
http://dbpedia.org/resource/Mitsubishi_UFJ_NICOS,http://www.forbes.com/companies/mitsubishi-ufj-financial/,FALSE,89.0
http://dbpedia.org/resource/Sumitomo_Mitsui_Financial_Group,http://www.forbes.com/companies/mitsubishi-ufj-financial/,FALSE,89.0
http://dbpedia.org/resource/Western_Refining,http://www.forbes.com/companies/western-refining/,TRUE,90.0
http://dbpedia.org/resource/Kanotex_Refining_Company,http://www.forbes.com/companies/western-refining/,FALSE,90.0
http://dbpedia.org/resource/Mumbai_Refinery,http://www.forbes.com/companies/western-refining/,FALSE,90.0
http://dbpedia.org/resource/NetApp,http://www.forbes.com/companies/netapp/,TRUE,91.0
http://dbpedia.org/resource/Nutanix,http://www.forbes.com/companies/netapp/,FALSE,91.0
http://dbpedia.org/resource/Nanosys,http://www.forbes.com/companies/netapp/,FALSE,91.0
http://dbpedia.org/resource/Financial_Street_Holding,http://www.forbes.com/companies/financial-street-holdings/,TRUE,92.0
http://dbpedia.org/resource/CSG_Holding,http://www.forbes.com/companies/financial-street-holdings/,FALSE,92.0
http://dbpedia.org/resource/China_Sandi_Holdings,http://www.forbes.com/companies/financial-street-holdings/,FALSE,92.0
http://dbpedia.org/resource/Laurentian_Bank_of_Canada,http://www.forbes.com/companies/laurentian-bank/,TRUE,93.0
http://dbpedia.org/resource/Lloyds_Bank_of_Canada,http://www.forbes.com/companies/laurentian-bank/,FALSE,93.0
http://dbpedia.org/resource/Lakeland_Credit_Union,http://www.forbes.com/companies/laurentian-bank/,FALSE,93.0
http://dbpedia.org/resource/Tesoro,http://www.forbes.com/companies/tesoro/,TRUE,94.0
http://dbpedia.org/resource/MetaCarta,http://www.forbes.com/companies/tesoro/,FALSE,94.0
http://dbpedia.org/resource/Bidtopia,http://www.forbes.com/companies/tesoro/,FALSE,94.0
http://dbpedia.org/resource/TripAdvisor,http://www.forbes.com/companies/tripadvisor/,TRUE,95.0
http://dbpedia.org/resource/Travel_Adventures,http://www.forbes.com/companies/tripadvisor/,FALSE,95.0
http://dbpedia.org/resource/Preferred_Hotel_Group,http://www.forbes.com/companies/tripadvisor/,FALSE,95.0
http://dbpedia.org/resource/Assurant,http://www.forbes.com/companies/assurant/,TRUE,96.0
http://dbpedia.org/resource/Assurant_Employee_Benefits,http://www.forbes.com/companies/assurant/,FALSE,96.0
http://dbpedia.org/resource/Asurion,http://www.forbes.com/companies/assurant/,FALSE,96.0
http://dbpedia.org/resource/JBS_S.A.,http://www.forbes.com/companies/jbs/,TRUE,97.0
http://dbpedia.org/resource/JBS_USA,http://www.forbes.com/companies/jbs/,FALSE,97.0
http://dbpedia.org/resource/BRF_S.A.,http://www.forbes.com/companies/jbs/,FALSE,97.0
http://dbpedia.org/resource/George_Weston_Limited,http://www.forbes.com/companies/george-weston/,TRUE,98.0
http://dbpedia.org/resource/Silver_Wheaton,http://www.forbes.com/companies/george-weston/,FALSE,98.0
http://dbpedia.org/resource/West_49,http://www.forbes.com/companies/george-weston/,FALSE,98.0
http://dbpedia.org/resource/Berkshire_Hathaway,http://www.forbes.com/companies/berkshire-hathaway/,TRUE,99.0
http://dbpedia.org/resource/KB_Home,http://www.forbes.com/companies/berkshire-hathaway/,FALSE,99.0
http://dbpedia.org/resource/Prudential_Financial,http://www.forbes.com/companies/berkshire-hathaway/,FALSE,99.0
http://dbpedia.org/resource/People's_Insurance_Company_of_China,http://www.forbes.com/companies/peoples-insurance-company/,TRUE,100.0
http://dbpedia.org/resource/Ping_An_Insurance,http://www.forbes.com/companies/peoples-insurance-company/,FALSE,100.0
http://dbpedia.org/resource/China_Pacific_Insurance,http://www.forbes.com/companies/peoples-insurance-company/,FALSE,100.0
http://dbpedia.org/resource/Sherwin-Williams,http://www.forbes.com/companies/sherwin-williams/,TRUE,101.0
http://dbpedia.org/resource/Dutch_Boy_Paint,http://www.forbes.com/companies/sherwin-williams/,FALSE,101.0
http://dbpedia.org/resource/Fine_Paints_of_Europe,http://www.forbes.com/companies/sherwin-williams/,FALSE,101.0
http://dbpedia.org/resource/Sumitomo_Mitsui_Financial_Group,http://www.forbes.com/companies/sumitomo-mitsui-financial/,TRUE,102.0
http://dbpedia.org/resource/Sumitomo_Mitsui_Trust_Holdings,http://www.forbes.com/companies/sumitomo-mitsui-financial/,FALSE,102.0
http://dbpedia.org/resource/Sumitomo_Chemical,http://www.forbes.com/companies/sumitomo-mitsui-financial/,FALSE,102.0
http://dbpedia.org/resource/Sumitomo_Mitsui_Banking_Corporation,http://www.forbes.com/companies/sumitomo-mitsui-financial/,TRUE,103.0
http://dbpedia.org/resource/Sumitomo_Mitsui_Trust_Holdings,http://www.forbes.com/companies/sumitomo-mitsui-financial/,FALSE,103.0
http://dbpedia.org/resource/Sumitomo_Chemical,http://www.forbes.com/companies/sumitomo-mitsui-financial/,FALSE,103.0
http://dbpedia.org/resource/Mechel,http://www.forbes.com/companies/mechel/,TRUE,104.0
http://dbpedia.org/resource/Ural_Mining_and_Metallurgical_Company,http://www.forbes.com/companies/mechel/,FALSE,104.0
http://dbpedia.org/resource/Uchaly_Mining_and_Metallurgical_Combine,http://www.forbes.com/companies/mechel/,FALSE,104.0
http://dbpedia.org/resource/Microsoft,http://www.forbes.com/companies/microsoft/,TRUE,105.0
http://dbpedia.org/resource/SureFire,http://www.forbes.com/companies/microsoft/,FALSE,105.0
http://dbpedia.org/resource/Apple_Inc.,http://www.forbes.com/companies/microsoft/,FALSE,105.0
http://dbpedia.org/resource/Zijin_Mining,http://www.forbes.com/companies/zijin-mining-group/,TRUE,106.0
http://dbpedia.org/resource/Zhaojin_Mining,http://www.forbes.com/companies/zijin-mining-group/,FALSE,106.0
http://dbpedia.org/resource/Xinjiang_Xinxin_Mining_Industry_Company,http://www.forbes.com/companies/zijin-mining-group/,FALSE,106.0
http://dbpedia.org/resource/Tractor_Supply_Company,http://www.forbes.com/companies/tractor-supply/,TRUE,107.0
http://dbpedia.org/resource/USA_Truck,http://www.forbes.com/companies/tractor-supply/,FALSE,107.0
http://dbpedia.org/resource/ABC_Supply,http://www.forbes.com/companies/tractor-supply/,FALSE,107.0
http://dbpedia.org/resource/GD_Power_Development_Company,http://www.forbes.com/companies/gd-power-development/,TRUE,108.0
http://dbpedia.org/resource/Huadian_Power_International,http://www.forbes.com/companies/gd-power-development/,FALSE,108.0
http://dbpedia.org/resource/China_Power_International_Development,http://www.forbes.com/companies/gd-power-development/,FALSE,108.0
http://dbpedia.org/resource/Mitsubishi_Corporation,http://www.forbes.com/companies/mitsubishi-corp/,TRUE,109.0
http://dbpedia.org/resource/Mitsubishi_UFJ_Financial_Group,http://www.forbes.com/companies/mitsubishi-corp/,FALSE,109.0
http://dbpedia.org/resource/Miroku_Corp.,http://www.forbes.com/companies/mitsubishi-corp/,FALSE,109.0
http://dbpedia.org/resource/Macy's,http://www.forbes.com/companies/macys/,TRUE,110.0
http://dbpedia.org/resource/Nordstrom,http://www.forbes.com/companies/macys/,FALSE,110.0
http://dbpedia.org/resource/Neiman_Marcus,http://www.forbes.com/companies/macys/,FALSE,110.0
"http://dbpedia.org/resource/Macy's,_Inc.",http://www.forbes.com/companies/macys/,TRUE,111.0
http://dbpedia.org/resource/Nordstrom,http://www.forbes.com/companies/macys/,FALSE,111.0
http://dbpedia.org/resource/Neiman_Marcus,http://www.forbes.com/companies/macys/,FALSE,111.0
http://dbpedia.org/resource/Hengan_International,http://www.forbes.com/companies/hengan-international-group/,TRUE,112.0
http://dbpedia.org/resource/Ting_Hsin_International_Group,http://www.forbes.com/companies/hengan-international-group/,FALSE,112.0
http://dbpedia.org/resource/China_Merchants_Holdings_(International),http://www.forbes.com/companies/hengan-international-group/,FALSE,112.0
http://dbpedia.org/resource/ALFA_(Mexico),http://www.forbes.com/companies/alfa/,TRUE,113.0
http://dbpedia.org/resource/Alpura_(company),http://www.forbes.com/companies/alfa/,FALSE,113.0
http://dbpedia.org/resource/Sigma_Alimentos,http://www.forbes.com/companies/alfa/,FALSE,113.0
http://dbpedia.org/resource/Pakistan_State_Oil,http://www.forbes.com/companies/pakistan-state-oil/,TRUE,114.0
http://dbpedia.org/resource/Pakistan_Software_Export_Board,http://www.forbes.com/companies/pakistan-state-oil/,FALSE,114.0
http://dbpedia.org/resource/Pakistan_Merchant_Navy,http://www.forbes.com/companies/pakistan-state-oil/,FALSE,114.0
http://dbpedia.org/resource/Wells_Fargo,http://www.forbes.com/companies/wells-fargo/,TRUE,115.0
http://dbpedia.org/resource/Wells_Fargo_Advisors,http://www.forbes.com/companies/wells-fargo/,FALSE,115.0
http://dbpedia.org/resource/Westamerica_Bank,http://www.forbes.com/companies/wells-fargo/,FALSE,115.0
http://dbpedia.org/resource/Sika_AG,http://www.forbes.com/companies/sika/,TRUE,116.0
http://dbpedia.org/resource/SIGG,http://www.forbes.com/companies/sika/,FALSE,116.0
http://dbpedia.org/resource/Schaerer_Ltd,http://www.forbes.com/companies/sika/,FALSE,116.0
http://dbpedia.org/resource/Shanghai_Electric,http://www.forbes.com/companies/shanghai-electric-group/,TRUE,117.0
http://dbpedia.org/resource/Shanghai_Industrial_Holdings,http://www.forbes.com/companies/shanghai-electric-group/,FALSE,117.0
http://dbpedia.org/resource/Shanghai_Film_Group_Corporation,http://www.forbes.com/companies/shanghai-electric-group/,FALSE,117.0
http://dbpedia.org/resource/Rosneft,http://www.forbes.com/companies/rosneft/,TRUE,118.0
http://dbpedia.org/resource/Gazprom_Neft,http://www.forbes.com/companies/rosneft/,FALSE,118.0
http://dbpedia.org/resource/Bashneft,http://www.forbes.com/companies/rosneft/,FALSE,118.0
http://dbpedia.org/resource/Sumitomo_Mitsui_Trust_Holdings,http://www.forbes.com/companies/sumitomo-mitsui-trust/,TRUE,119.0
http://dbpedia.org/resource/Sumitomo_Mitsui_Banking_Corporation,http://www.forbes.com/companies/sumitomo-mitsui-trust/,FALSE,119.0
http://dbpedia.org/resource/Sumitomo_Mitsui_Financial_Group,http://www.forbes.com/companies/sumitomo-mitsui-trust/,FALSE,119.0
http://dbpedia.org/resource/Ping_An_Insurance,http://www.forbes.com/companies/ping-an-insurance/,TRUE,120.0
http://dbpedia.org/resource/People's_Insurance_Company_of_China,http://www.forbes.com/companies/ping-an-insurance/,FALSE,120.0
http://dbpedia.org/resource/China_Pacific_Insurance,http://www.forbes.com/companies/ping-an-insurance/,FALSE,120.0
http://dbpedia.org/resource/Novatek,http://www.forbes.com/companies/novatek/,TRUE,121.0
http://dbpedia.org/resource/Northgas,http://www.forbes.com/companies/novatek/,FALSE,121.0
http://dbpedia.org/resource/Norilsk_Nickel,http://www.forbes.com/companies/novatek/,FALSE,121.0
http://dbpedia.org/resource/Caesars_Entertainment_Inc.,http://www.forbes.com/companies/caesars-entertainment/,TRUE,122.0
http://dbpedia.org/resource/Empire_Resorts,http://www.forbes.com/companies/caesars-entertainment/,FALSE,122.0
http://dbpedia.org/resource/Pinnacle_Entertainment,http://www.forbes.com/companies/caesars-entertainment/,FALSE,122.0
http://dbpedia.org/resource/Jarden,http://www.forbes.com/companies/jarden/,TRUE,123.0
http://dbpedia.org/resource/SureFire,http://www.forbes.com/companies/jarden/,FALSE,123.0
http://dbpedia.org/resource/J2_Global,http://www.forbes.com/companies/jarden/,FALSE,123.0
http://dbpedia.org/resource/TDC_A/S,http://www.forbes.com/companies/tdc/,TRUE,124.0
http://dbpedia.org/resource/D/S_Norden,http://www.forbes.com/companies/tdc/,FALSE,124.0
http://dbpedia.org/resource/DFDS,http://www.forbes.com/companies/tdc/,FALSE,124.0
http://dbpedia.org/resource/Guangzhou_Automobile_Industry_Group,http://www.forbes.com/companies/guangzhou-automobile/,TRUE,125.0
http://dbpedia.org/resource/Guangzhou_Automobile_Group_Bus,http://www.forbes.com/companies/guangzhou-automobile/,FALSE,125.0
http://dbpedia.org/resource/Beijing_Automotive_Group,http://www.forbes.com/companies/guangzhou-automobile/,FALSE,125.0
http://dbpedia.org/resource/The_Swatch_Group,http://www.forbes.com/companies/swatch-group/,TRUE,126.0
http://dbpedia.org/resource/Schindler_Group,http://www.forbes.com/companies/swatch-group/,FALSE,126.0
http://dbpedia.org/resource/Swisscom,http://www.forbes.com/companies/swatch-group/,FALSE,126.0
http://dbpedia.org/resource/Banca_Popolare_dell'Emilia_Romagna,http://www.forbes.com/companies/banca-popolare-dellemilia/,TRUE,127.0
http://dbpedia.org/resource/Ferrovie_Emilia_Romagna,http://www.forbes.com/companies/banca-popolare-dellemilia/,FALSE,127.0
http://dbpedia.org/resource/Banca_Monte_dei_Paschi_di_Siena,http://www.forbes.com/companies/banca-popolare-dellemilia/,FALSE,127.0
http://dbpedia.org/resource/Marsh_&_McLennan_Companies,http://www.forbes.com/companies/marsh-mclennan/,TRUE,128.0
http://dbpedia.org/resource/Marcus_&_Millichap,http://www.forbes.com/companies/marsh-mclennan/,FALSE,128.0
http://dbpedia.org/resource/Atlantic_Marine,http://www.forbes.com/companies/marsh-mclennan/,FALSE,128.0
http://dbpedia.org/resource/Dongfeng_Motor,http://www.forbes.com/companies/dongfeng-motor-group/,TRUE,129.0
http://dbpedia.org/resource/Dongfeng_Honda,http://www.forbes.com/companies/dongfeng-motor-group/,FALSE,129.0
http://dbpedia.org/resource/Fujian_Motors_Group,http://www.forbes.com/companies/dongfeng-motor-group/,FALSE,129.0
http://dbpedia.org/resource/Dongfeng_Motor_Company,http://www.forbes.com/companies/dongfeng-motor-group/,TRUE,130.0
http://dbpedia.org/resource/Dongfeng_Honda,http://www.forbes.com/companies/dongfeng-motor-group/,FALSE,130.0
http://dbpedia.org/resource/Fujian_Motors_Group,http://www.forbes.com/companies/dongfeng-motor-group/,FALSE,130.0
http://dbpedia.org/resource/Great_Wall_Motors,http://www.forbes.com/companies/great-wall-motor/,TRUE,131.0
http://dbpedia.org/resource/Green_Field_Motor,http://www.forbes.com/companies/great-wall-motor/,FALSE,131.0
http://dbpedia.org/resource/Wuling_Motors,http://www.forbes.com/companies/great-wall-motor/,FALSE,131.0
http://dbpedia.org/resource/China_CITIC_Bank,http://www.forbes.com/companies/china-citic-bank/,TRUE,132.0
http://dbpedia.org/resource/China_Construction_Bank,http://www.forbes.com/companies/china-citic-bank/,FALSE,132.0
http://dbpedia.org/resource/CITIC_Securities,http://www.forbes.com/companies/china-citic-bank/,FALSE,132.0
http://dbpedia.org/resource/Lanxess,http://www.forbes.com/companies/lanxess/,TRUE,133.0
http://dbpedia.org/resource/Tenaris,http://www.forbes.com/companies/lanxess/,FALSE,133.0
http://dbpedia.org/resource/LyondellBasell,http://www.forbes.com/companies/lanxess/,FALSE,133.0
http://dbpedia.org/resource/Vestas,http://www.forbes.com/companies/vestas-wind-systems/,TRUE,134.0
http://dbpedia.org/resource/Siemens_Wind_Power,http://www.forbes.com/companies/vestas-wind-systems/,FALSE,134.0
http://dbpedia.org/resource/ZF_Wind_Power_Antwerpen,http://www.forbes.com/companies/vestas-wind-systems/,FALSE,134.0
http://dbpedia.org/resource/Sinohydro,http://www.forbes.com/companies/sinohydro-group/,TRUE,135.0
http://dbpedia.org/resource/Sinochem_Group,http://www.forbes.com/companies/sinohydro-group/,FALSE,135.0
http://dbpedia.org/resource/Sino_Group,http://www.forbes.com/companies/sinohydro-group/,FALSE,135.0
http://dbpedia.org/resource/Freeport-McMoRan,http://www.forbes.com/companies/freeport-mcmoran-copper/,TRUE,136.0
http://dbpedia.org/resource/Coeur_Mining,http://www.forbes.com/companies/freeport-mcmoran-copper/,FALSE,136.0
http://dbpedia.org/resource/Revere_Copper_Company,http://www.forbes.com/companies/freeport-mcmoran-copper/,FALSE,136.0
http://dbpedia.org/resource/Dish_Network,http://www.forbes.com/companies/dish-network/,TRUE,137.0
http://dbpedia.org/resource/Discovery_Digital_Networks,http://www.forbes.com/companies/dish-network/,FALSE,137.0
http://dbpedia.org/resource/DFH_Network,http://www.forbes.com/companies/dish-network/,FALSE,137.0
http://dbpedia.org/resource/CP_ALL,http://www.forbes.com/companies/cp-all/,TRUE,138.0
http://dbpedia.org/resource/TOT_(Thailand),http://www.forbes.com/companies/cp-all/,FALSE,138.0
http://dbpedia.org/resource/TPI_Polene,http://www.forbes.com/companies/cp-all/,FALSE,138.0
http://dbpedia.org/resource/CITIC_Pacific,http://www.forbes.com/companies/citic-pacific/,TRUE,139.0
http://dbpedia.org/resource/Pacific_Advantage_Ltd,http://www.forbes.com/companies/citic-pacific/,FALSE,139.0
http://dbpedia.org/resource/Hong_Kong_CSL_Limited,http://www.forbes.com/companies/citic-pacific/,FALSE,139.0
http://dbpedia.org/resource/Israel_Corporation,http://www.forbes.com/companies/israel-corp/,TRUE,140.0
http://dbpedia.org/resource/Israel_Military_Industries,http://www.forbes.com/companies/israel-corp/,FALSE,140.0
http://dbpedia.org/resource/Israel_Postal_Company,http://www.forbes.com/companies/israel-corp/,FALSE,140.0
http://dbpedia.org/resource/Shaanxi_Coal_and_Chemical_Industry,http://www.forbes.com/companies/shaanxi-coal-industry/,TRUE,141.0
http://dbpedia.org/resource/Shaanxi_Automobile_Group,http://www.forbes.com/companies/shaanxi-coal-industry/,FALSE,141.0
http://dbpedia.org/resource/Shaanxi_Yanchang_Petroleum,http://www.forbes.com/companies/shaanxi-coal-industry/,FALSE,141.0
http://dbpedia.org/resource/CITIC_Securities,http://www.forbes.com/companies/citic-securities/,TRUE,142.0
http://dbpedia.org/resource/Citi_orient_securities,http://www.forbes.com/companies/citic-securities/,FALSE,142.0
http://dbpedia.org/resource/China_CITIC_Bank,http://www.forbes.com/companies/citic-securities/,FALSE,142.0
http://dbpedia.org/resource/Towers_Watson,http://www.forbes.com/companies/towers-watson/,TRUE,143.0
http://dbpedia.org/resource/Watson_Wyatt_Worldwide,http://www.forbes.com/companies/towers-watson/,FALSE,143.0
http://dbpedia.org/resource/J._D._Power_and_Associates,http://www.forbes.com/companies/towers-watson/,FALSE,143.0
http://dbpedia.org/resource/Mapfre,http://www.forbes.com/companies/mapfre/,TRUE,144.0
http://dbpedia.org/resource/Orange_Espa%C3%B1a,http://www.forbes.com/companies/mapfre/,FALSE,144.0
http://dbpedia.org/resource/Vodafone_Spain,http://www.forbes.com/companies/mapfre/,FALSE,144.0
http://dbpedia.org/resource/Interactive_Brokers,http://www.forbes.com/companies/interactive-brokers-group/,TRUE,145.0
http://dbpedia.org/resource/OTC_Markets_Group,http://www.forbes.com/companies/interactive-brokers-group/,FALSE,145.0
http://dbpedia.org/resource/The_Briad_Group,http://www.forbes.com/companies/interactive-brokers-group/,FALSE,145.0
http://dbpedia.org/resource/Datang_International_Power_Generation_Company,http://www.forbes.com/companies/datang-international-power/,TRUE,146.0
http://dbpedia.org/resource/Huadian_Power_International,http://www.forbes.com/companies/datang-international-power/,FALSE,146.0
http://dbpedia.org/resource/Datang_Telecom,http://www.forbes.com/companies/datang-international-power/,FALSE,146.0
http://dbpedia.org/resource/Volkswagen_Group,http://www.forbes.com/companies/volkswagen-group/,TRUE,147.0
http://dbpedia.org/resource/Volkswagen_do_Brasil,http://www.forbes.com/companies/volkswagen-group/,FALSE,147.0
http://dbpedia.org/resource/BMW,http://www.forbes.com/companies/volkswagen-group/,FALSE,147.0
http://dbpedia.org/resource/Sinopharm,http://www.forbes.com/companies/sinopharm-group/,TRUE,148.0
http://dbpedia.org/resource/Sinochem_Group,http://www.forbes.com/companies/sinopharm-group/,FALSE,148.0
http://dbpedia.org/resource/Sino_Group,http://www.forbes.com/companies/sinopharm-group/,FALSE,148.0
http://dbpedia.org/resource/China_State_Construction_Engineering,http://www.forbes.com/companies/china-state-construction/,TRUE,149.0
http://dbpedia.org/resource/China_Communications_Construction,http://www.forbes.com/companies/china-state-construction/,FALSE,149.0
http://dbpedia.org/resource/China_State_Construction_International_Holdings,http://www.forbes.com/companies/china-state-construction/,FALSE,149.0
http://dbpedia.org/resource/LG_Uplus,http://www.forbes.com/companies/lg-uplus/,TRUE,150.0
http://dbpedia.org/resource/LG_Display,http://www.forbes.com/companies/lg-uplus/,FALSE,150.0
http://dbpedia.org/resource/Samsung_Telecommunications,http://www.forbes.com/companies/lg-uplus/,FALSE,150.0
http://dbpedia.org/resource/Power_Finance_Corporation,http://www.forbes.com/companies/power-finance/,TRUE,151.0
http://dbpedia.org/resource/Nuclear_Power_Corporation_of_India,http://www.forbes.com/companies/power-finance/,FALSE,151.0
http://dbpedia.org/resource/Tata_Power_Solar,http://www.forbes.com/companies/power-finance/,FALSE,151.0
http://dbpedia.org/resource/L'Or%C3%A9al,http://www.forbes.com/companies/loreal-group/,TRUE,152.0
http://dbpedia.org/resource/Lanc%C3%B4me,http://www.forbes.com/companies/loreal-group/,FALSE,152.0
http://dbpedia.org/resource/Louis_Dreyfus_Group,http://www.forbes.com/companies/loreal-group/,FALSE,152.0
http://dbpedia.org/resource/Brenntag,http://www.forbes.com/companies/brenntag/,TRUE,153.0
http://dbpedia.org/resource/Brenneke,http://www.forbes.com/companies/brenntag/,FALSE,153.0
http://dbpedia.org/resource/Strem_Chemicals,http://www.forbes.com/companies/brenntag/,FALSE,153.0
http://dbpedia.org/resource/China_National_Materials_Group_Corporation,http://www.forbes.com/companies/china-national-materials/,TRUE,154.0
http://dbpedia.org/resource/China_National_Building_Material_Company,http://www.forbes.com/companies/china-national-materials/,FALSE,154.0
http://dbpedia.org/resource/China_Minmetals,http://www.forbes.com/companies/china-national-materials/,FALSE,154.0
http://dbpedia.org/resource/Zions_Bank,http://www.forbes.com/companies/zions-bancorp/,TRUE,155.0
http://dbpedia.org/resource/Zions_Securities,http://www.forbes.com/companies/zions-bancorp/,FALSE,155.0
http://dbpedia.org/resource/First_Midwest_Bancorp,http://www.forbes.com/companies/zions-bancorp/,FALSE,155.0
http://dbpedia.org/resource/Costco,http://www.forbes.com/companies/costco-wholesale/,TRUE,156.0
http://dbpedia.org/resource/BJ's_Wholesale_Club,http://www.forbes.com/companies/costco-wholesale/,FALSE,156.0
http://dbpedia.org/resource/C&S_Wholesale_Grocers,http://www.forbes.com/companies/costco-wholesale/,FALSE,156.0
http://dbpedia.org/resource/Tencent,http://www.forbes.com/companies/tencent-holdings/,TRUE,157.0
http://dbpedia.org/resource/Tsinghua_Tongfang_Company,http://www.forbes.com/companies/tencent-holdings/,FALSE,157.0
http://dbpedia.org/resource/Tianjin_Port_Holdings,http://www.forbes.com/companies/tencent-holdings/,FALSE,157.0
http://dbpedia.org/resource/Moody's_Investors_Service,http://www.forbes.com/companies/moodys/,TRUE,158.0
http://dbpedia.org/resource/Standard_&_Poor's,http://www.forbes.com/companies/moodys/,FALSE,158.0
http://dbpedia.org/resource/Moody_National_Bank,http://www.forbes.com/companies/moodys/,FALSE,158.0
http://dbpedia.org/resource/Moody's_Corporation,http://www.forbes.com/companies/moodys/,TRUE,159.0
http://dbpedia.org/resource/Standard_&_Poor's,http://www.forbes.com/companies/moodys/,FALSE,159.0
http://dbpedia.org/resource/Moody_National_Bank,http://www.forbes.com/companies/moodys/,FALSE,159.0
http://dbpedia.org/resource/Moody's_Analytics,http://www.forbes.com/companies/moodys/,TRUE,160.0
http://dbpedia.org/resource/Standard_&_Poor's,http://www.forbes.com/companies/moodys/,FALSE,160.0
http://dbpedia.org/resource/Moody_National_Bank,http://www.forbes.com/companies/moodys/,FALSE,160.0
http://dbpedia.org/resource/China_Railway_Construction_Corporation,http://www.forbes.com/companies/china-railway-construction/,TRUE,161.0
http://dbpedia.org/resource/China_Railway_Corporation,http://www.forbes.com/companies/china-railway-construction/,FALSE,161.0
http://dbpedia.org/resource/China_Railway_Engineering_Corporation,http://www.forbes.com/companies/china-railway-construction/,FALSE,161.0
http://dbpedia.org/resource/Hyundai_Glovis,http://www.forbes.com/companies/hyundai-glovis/,TRUE,162.0
http://dbpedia.org/resource/Hyundai_Mobis,http://www.forbes.com/companies/hyundai-glovis/,FALSE,162.0
http://dbpedia.org/resource/Hyundai_Motor_Company,http://www.forbes.com/companies/hyundai-glovis/,FALSE,162.0
http://dbpedia.org/resource/China_Shipbuilding_Industry_Corporation,http://www.forbes.com/companies/china-shipbuilding-industry/,TRUE,163.0
http://dbpedia.org/resource/Guangzhou_Shipyard_International,http://www.forbes.com/companies/china-shipbuilding-industry/,FALSE,163.0
http://dbpedia.org/resource/China_Shipping_Group,http://www.forbes.com/companies/china-shipbuilding-industry/,FALSE,163.0
http://dbpedia.org/resource/China_State_Shipbuilding_Corporation,http://www.forbes.com/companies/china-shipbuilding-industry/,TRUE,164.0
http://dbpedia.org/resource/Guangzhou_Shipyard_International,http://www.forbes.com/companies/china-shipbuilding-industry/,FALSE,164.0
http://dbpedia.org/resource/China_Shipping_Group,http://www.forbes.com/companies/china-shipbuilding-industry/,FALSE,164.0
http://dbpedia.org/resource/Hyundai_Steel,http://www.forbes.com/companies/hyundai-steel/,TRUE,165.0
http://dbpedia.org/resource/Hyundai_Development_Company,http://www.forbes.com/companies/hyundai-steel/,FALSE,165.0
http://dbpedia.org/resource/Hyundai_Motor_Company,http://www.forbes.com/companies/hyundai-steel/,FALSE,165.0
http://dbpedia.org/resource/R%C3%A9seau_de_Transport_d'%C3%89lectricit%C3%A9,http://www.forbes.com/companies/edf/,FALSE
http://dbpedia.org/resource/Kelly_Services,http://www.forbes.com/companies/computer-sciences/,FALSE