http://www.forbes.com/companies/apple/,http://dbpedia.org/resource/Apple_Inc.,True
http://www.forbes.com/companies/lg-display/,http://dbpedia.org/resource/LG_Display,True
http://www.forbes.com/companies/general-electric/,http://dbpedia.org/resource/Canadian_General_Electric,False
http://www.forbes.com/companies/fortum/,http://dbpedia.org/resource/Fortum,True
http://www.forbes.com/companies/masco/,http://dbpedia.org/resource/Masco,True
http://www.forbes.com/companies/inter-rao/,http://dbpedia.org/resource/Inter_RAO,True
http://www.forbes.com/companies/sojitz/,http://dbpedia.org/resource/Nebraska_Methodist_Health_System,False
http://www.forbes.com/companies/hca-holdings/,http://dbpedia.org/resource/Root_Wireless,False
http://www.forbes.com/companies/liberty-media-1/,http://dbpedia.org/resource/Liberty_Skis,False
http://www.forbes.com/companies/spectra-energy/,http://dbpedia.org/resource/Sempra_Energy,False
http://www.forbes.com/companies/nidec/,http://dbpedia.org/resource/Nadec,False
http://www.forbes.com/companies/borgwarner/,http://dbpedia.org/resource/Bowater,False
http://www.forbes.com/companies/expeditors-international/,http://dbpedia.org/resource/Extol_International,False
http://www.forbes.com/companies/manpower/,http://dbpedia.org/resource/MainPower,False
http://www.forbes.com/companies/ambank-group/,http://dbpedia.org/resource/Alpari_Group,False
http://www.forbes.com/companies/bank-of-nagoya/,http://dbpedia.org/resource/Bank_of_Ningbo,False
http://www.forbes.com/companies/tesco/,http://dbpedia.org/resource/TESCAN,False
http://www.forbes.com/companies/china-citic-bank/,http://dbpedia.org/resource/China_CITIC_Bank,True
http://www.forbes.com/companies/kotak-mahindra-bank/,http://dbpedia.org/resource/Kotak_Mahindra_Bank,True
http://www.forbes.com/companies/rushydro/,http://dbpedia.org/resource/RusHydro,True
http://www.forbes.com/companies/piraeus-bank/,http://dbpedia.org/resource/Piraeus_Bank_Beograd,False
http://www.forbes.com/companies/china-national-building/,http://dbpedia.org/resource/China_National_Building_Material_Company,True
http://www.forbes.com/companies/abu-dhabi-commercial/,http://dbpedia.org/resource/Abu_Dhabi_Islamic_Bank,False
http://www.forbes.com/companies/china-communications-construction/,http://dbpedia.org/resource/China_Construction_Bank,False
http://www.forbes.com/companies/vimpelcom/,http://dbpedia.org/resource/VimpelCom_Ltd.,True
http://www.forbes.com/companies/vestas-wind-systems/,http://dbpedia.org/resource/Vestas,True
http://www.forbes.com/companies/seb/,http://dbpedia.org/resource/Groupe_SEB,False
http://www.forbes.com/companies/clariant/,http://dbpedia.org/resource/Clariant,True
http://www.forbes.com/companies/wistron/,http://dbpedia.org/resource/Wistron_Corporation,True
http://www.forbes.com/companies/metro-group/,http://dbpedia.org/resource/Metro_AG,True
http://www.forbes.com/companies/upm-kymmene/,http://dbpedia.org/resource/UPM_(company),True
http://www.forbes.com/companies/oneok/,http://dbpedia.org/resource/ONEOK,True
http://www.forbes.com/companies/maxis/,http://dbpedia.org/resource/Maxis,False
http://www.forbes.com/companies/baloise-group/,http://dbpedia.org/resource/B%C3%A2loise,True
http://www.forbes.com/companies/telefonica/,http://dbpedia.org/resource/Telef%C3%B3nica,True
http://www.forbes.com/companies/baywa/,http://dbpedia.org/resource/BayWa,True
http://www.forbes.com/companies/unibail-rodamco/,http://dbpedia.org/resource/Unibail-Rodamco,True
http://www.forbes.com/companies/microsoft/,http://dbpedia.org/resource/Microsoft_Japan,False
http://www.forbes.com/companies/eletrobras/,http://dbpedia.org/resource/Eletrobras,True
http://www.forbes.com/companies/brenntag/,http://dbpedia.org/resource/Brenntag,True
http://www.forbes.com/companies/sika/,http://dbpedia.org/resource/Sika_AG,True
http://www.forbes.com/companies/cameco/,http://dbpedia.org/resource/Cameco,True
http://www.forbes.com/companies/semen-indonesia/,http://dbpedia.org/resource/GlobalSign,False
http://www.forbes.com/companies/union-bank-of-india/,http://dbpedia.org/resource/Nasim_Sdn_Bhd,False
http://www.forbes.com/companies/schlumberger/,http://dbpedia.org/resource/Central_1_Credit_Union,False
http://www.forbes.com/companies/corning/,http://dbpedia.org/resource/Nyu_Media,False
http://www.forbes.com/companies/3m/,http://dbpedia.org/resource/Back_Yard_Burgers,False
http://www.forbes.com/companies/best-buy/,http://dbpedia.org/resource/Emulex,False
http://www.forbes.com/companies/invesco/,http://dbpedia.org/resource/Insight_Enterprises,False
http://www.forbes.com/companies/kb-financial-group/,http://dbpedia.org/resource/Immersive_Education,False
http://www.forbes.com/companies/western-digital/,http://dbpedia.org/resource/Wilson_Combat,False
http://www.forbes.com/companies/shiseido/,http://dbpedia.org/resource/SureFire,False
http://www.forbes.com/companies/antero-resources/,http://dbpedia.org/resource/Naughty_Dog,False
http://www.forbes.com/companies/alpha-bank/,http://dbpedia.org/resource/Shaker_Verlag,False
http://www.forbes.com/companies/ball/,http://dbpedia.org/resource/Plus_(supermarket),False
http://www.forbes.com/companies/automatic-data/,http://dbpedia.org/resource/Lyon_Part-Dieu_(shopping_center),False
http://www.forbes.com/companies/ls-corp/,http://dbpedia.org/resource/Gojo_Industries,False
http://www.forbes.com/companies/krung-thai-bank/,http://dbpedia.org/resource/IdleAir,False
http://www.forbes.com/companies/atos/,http://dbpedia.org/resource/Eternal_Pictures,False
http://www.forbes.com/companies/shanghai-construction/,http://dbpedia.org/resource/International_Antarctic_Centre,False
http://www.forbes.com/companies/onex/,http://dbpedia.org/resource/GlaxoSmithKline_Pharmaceuticals_Ltd,False
http://www.forbes.com/companies/sanofi/,http://dbpedia.org/resource/Anjunabeats,False
http://www.forbes.com/companies/arab-bank/,http://dbpedia.org/resource/ABLV_Bank,False
http://www.forbes.com/companies/manila-electric/,http://dbpedia.org/resource/Meisei_Electric,False
http://www.forbes.com/companies/manpower/,http://dbpedia.org/resource/Manpower_Inc.,True
http://www.forbes.com/companies/paychex/,http://dbpedia.org/resource/Paymenex,False
http://www.forbes.com/companies/bae-systems/,http://dbpedia.org/resource/Busch_Systems,False
http://www.forbes.com/companies/bank-of-ayudhya/,http://dbpedia.org/resource/Bank_of_Jordan,False
http://www.forbes.com/companies/waters/,http://dbpedia.org/resource/Wattie's,False
http://www.forbes.com/companies/china-merchants-holdings/,http://dbpedia.org/resource/China_Merchants_Holdings_(International),True
http://www.forbes.com/companies/cemex/,http://dbpedia.org/resource/CEMIG,False
http://www.forbes.com/companies/gpt-group/,http://dbpedia.org/resource/GAC_Group,False
http://www.forbes.com/companies/dbs-group/,http://dbpedia.org/resource/Dubai_Group,False
http://www.forbes.com/companies/belgacom/,http://dbpedia.org/resource/Beltelecom,False
http://www.forbes.com/companies/sino-land/,http://dbpedia.org/resource/Sinotrans,False
http://www.forbes.com/companies/deere-co/,http://dbpedia.org/resource/Do_&_Co,False
http://www.forbes.com/companies/compass-group/,http://dbpedia.org/resource/Compass_Light,False
http://www.forbes.com/companies/cvr-energy/,http://dbpedia.org/resource/Carbon_Energy,False
http://www.forbes.com/companies/broadcom/,http://dbpedia.org/resource/BroadSoft,False
http://www.forbes.com/companies/parker-hannifin/,http://dbpedia.org/resource/Parker_Hannifin,True
http://www.forbes.com/companies/oita-bank/,http://dbpedia.org/resource/OTP_Bank,False
http://www.forbes.com/companies/kerry-group/,http://dbpedia.org/resource/Kurdi_Group,False
http://www.forbes.com/companies/aia-group/,http://dbpedia.org/resource/AKVA_Group,False
http://www.forbes.com/companies/unum-group/,http://dbpedia.org/resource/Unitech_Group,False
http://www.forbes.com/companies/blom-bank/,http://dbpedia.org/resource/B&N_Bank,False
http://www.forbes.com/companies/yamada-denki/,http://dbpedia.org/resource/Yamada_Denki,True
http://www.forbes.com/companies/grupo-argos/,http://dbpedia.org/resource/Grupo_Argos,True
http://www.forbes.com/companies/tokyo-gas/,http://dbpedia.org/resource/Tokyo_Gas,True
http://www.forbes.com/companies/china-yangtze-power/,http://dbpedia.org/resource/China_Yangtze_Power,True
http://www.forbes.com/companies/taqa/,http://dbpedia.org/resource/TAQA,True
http://www.forbes.com/companies/bharat-heavy-electricals/,http://dbpedia.org/resource/Bharat_Heavy_Electricals,True
http://www.forbes.com/companies/tongling-nonferrous-metals/,http://dbpedia.org/resource/Tongling_Nonferrous_Metals,True
http://www.forbes.com/companies/vivendi/,http://dbpedia.org/resource/Vivendi,True
http://www.forbes.com/companies/naspers/,http://dbpedia.org/resource/Naspers,True
http://www.forbes.com/companies/china-oilfield-service/,http://dbpedia.org/resource/China_Oilfield_Services,True
http://www.forbes.com/companies/krung-thai-bank/,http://dbpedia.org/resource/Krung_Thai_Bank,True
http://www.forbes.com/companies/reliance-industries/,http://dbpedia.org/resource/Reliance_Industries,True
http://www.forbes.com/companies/macys/,http://dbpedia.org/resource/Macy's,True
http://www.forbes.com/companies/jabil-circuit/,http://dbpedia.org/resource/Jabil_Circuit,True
http://www.forbes.com/companies/verisign/,http://dbpedia.org/resource/Verisign,True
http://www.forbes.com/companies/netapp/,http://dbpedia.org/resource/NetApp,True
http://www.forbes.com/companies/exelon/,http://dbpedia.org/resource/Exelon,True
http://www.forbes.com/companies/jarden/,http://dbpedia.org/resource/Jarden,True
http://www.forbes.com/companies/news-corp/,http://dbpedia.org/resource/News_Corp,True
http://www.forbes.com/companies/noble-energy/,http://dbpedia.org/resource/Noble_Energy,True
http://www.forbes.com/companies/frontier-communications/,http://dbpedia.org/resource/Frontier_Communications,True
http://www.forbes.com/companies/hyundai-steel/,http://dbpedia.org/resource/Hyundai_Steel,True
http://www.forbes.com/companies/standard-chartered/,http://dbpedia.org/resource/Standard_Chartered,True
http://www.forbes.com/companies/lukoil/,http://dbpedia.org/resource/Lukoil,True
http://www.forbes.com/companies/yanzhou-coal-mining/,http://dbpedia.org/resource/Yanzhou_Coal_Mining_Company,True
http://www.forbes.com/companies/gd-power-development/,http://dbpedia.org/resource/GD_Power_Development_Company,True
http://www.forbes.com/companies/china-international-marine/,http://dbpedia.org/resource/China_International_Marine_Containers,True
http://www.forbes.com/companies/china-state-construction/,http://dbpedia.org/resource/China_State_Construction_Engineering,True
http://www.forbes.com/companies/greentown-china-holdings/,http://dbpedia.org/resource/Greentown_China,True
http://www.forbes.com/companies/shanghai-electric-group/,http://dbpedia.org/resource/Shanghai_Electric,True
http://www.forbes.com/companies/aspen-pharmacare-holdings/,http://dbpedia.org/resource/Aspen_Pharmacare,True
http://www.forbes.com/companies/wabco-holdings/,http://dbpedia.org/resource/WABCO_Holdings_Inc.,True
http://www.forbes.com/companies/interactive-brokers-group/,http://dbpedia.org/resource/Interactive_Brokers,True
http://www.forbes.com/companies/hopson-development/,http://dbpedia.org/resource/Hopson_Development,True
http://www.forbes.com/companies/eon/,http://dbpedia.org/resource/E.ON_Russia,False
http://www.forbes.com/companies/franshion-properties-china/,http://dbpedia.org/resource/Franshion_Properties,True
http://www.forbes.com/companies/mcdonalds/,http://dbpedia.org/resource/McDonald's_Israel,False
http://www.forbes.com/companies/china-life-insurance/,http://dbpedia.org/resource/China_Life_Insurance_Company_(Taiwan),False
http://www.forbes.com/companies/national-bank-of-greece/,http://dbpedia.org/resource/National_Bank_of_Uzbekistan,False
http://www.forbes.com/companies/bank-of-montreal/,http://dbpedia.org/resource/Bank_of_Hamilton,False
http://www.forbes.com/companies/china-everbright-bank/,http://dbpedia.org/resource/China_Merchants_Bank,False
http://www.forbes.com/companies/sinopharm-group/,http://dbpedia.org/resource/Sinopharm,True
http://www.forbes.com/companies/bouygues/,http://dbpedia.org/resource/Bouygues_Telecom,False
http://www.forbes.com/companies/bank-of-chongqing/,http://dbpedia.org/resource/Bank_of_Ningbo,False
http://www.forbes.com/companies/china-state-construction/,http://dbpedia.org/resource/China_Communications_Construction,False
http://www.forbes.com/companies/wartsila/,http://dbpedia.org/resource/W%C3%A4rtsil%C3%A4_Marine,False
http://www.forbes.com/companies/carrefour/,http://dbpedia.org/resource/Carrefour_Market,False
http://www.forbes.com/companies/china-resources-land/,http://dbpedia.org/resource/China_Resources_Enterprise,False
http://www.forbes.com/companies/bank-of-chongqing/,http://dbpedia.org/resource/Bank_of_Beijing,False
http://www.forbes.com/companies/china-construction-bank/,http://dbpedia.org/resource/China_CITIC_Bank,False
http://www.forbes.com/companies/china-merchants-bank/,http://dbpedia.org/resource/China_Merchants_Property,False
http://www.forbes.com/companies/bank-of-communications/,http://dbpedia.org/resource/Bank_of_Beijing,False
http://www.forbes.com/companies/china-hongqiao-group/,http://dbpedia.org/resource/China_Huaneng_Group,False
http://www.forbes.com/companies/carrefour/,http://dbpedia.org/resource/Carrefour_Planet,False
http://www.forbes.com/companies/bank-of-nanjing/,http://dbpedia.org/resource/Bank_of_Taizhou,False
http://www.forbes.com/companies/ibm/,http://dbpedia.org/resource/Emptoris,false
http://www.forbes.com/companies/anglo-american/,http://dbpedia.org/resource/Anglo_American_plc,true
http://www.forbes.com/companies/silver-wheaton/,http://dbpedia.org/resource/Silver_Wheaton,true
http://www.forbes.com/companies/edison-international/,http://dbpedia.org/resource/Edison_International,true
http://www.forbes.com/companies/turkcell/,http://dbpedia.org/resource/Turkcell,true
http://www.forbes.com/companies/acer/,http://dbpedia.org/resource/Acer_Inc.,true
http://www.forbes.com/companies/tokyo-electron/,http://dbpedia.org/resource/Tokyo_Electron,true
http://www.forbes.com/companies/schindler-holding/,http://dbpedia.org/resource/Schindler_Group,true
http://www.forbes.com/companies/aareal-bank/,http://dbpedia.org/resource/Aareal_Bank,true
http://www.forbes.com/companies/sistema/,http://dbpedia.org/resource/Sistema,true
http://www.forbes.com/companies/g4s/,http://dbpedia.org/resource/ArmorGroup,false
http://www.forbes.com/companies/travis-perkins/,http://dbpedia.org/resource/Travis_Perkins,true
http://www.forbes.com/companies/amphenol/,http://dbpedia.org/resource/Amphenol,true
http://www.forbes.com/companies/saic-motor/,http://dbpedia.org/resource/SAIC_Motor,true
http://www.forbes.com/companies/centurylink/,http://dbpedia.org/resource/CenturyLink,true
http://www.forbes.com/companies/enel/,http://dbpedia.org/resource/Enel,true
http://www.forbes.com/companies/boeing/,http://dbpedia.org/resource/Boeing_Commercial_Airplanes,true
http://www.forbes.com/companies/volkswagen-group/,http://dbpedia.org/resource/Volkswagen_Group,true
http://www.forbes.com/companies/transcanada/,http://dbpedia.org/resource/TransCanada_Corporation,true
http://www.forbes.com/companies/mcdonalds/,http://dbpedia.org/resource/McCaf%C3%A9,true
http://www.forbes.com/companies/herbalife/,http://dbpedia.org/resource/Herbalife,true
http://www.forbes.com/companies/sharp/,http://dbpedia.org/resource/Sharp_Mesa_Vista_Hospital,false
http://www.forbes.com/companies/siemens/,http://dbpedia.org/resource/Siemens_Milltronics_Process_Instruments,true
http://www.forbes.com/companies/dentsu/,http://dbpedia.org/resource/Dentsu,true
http://www.forbes.com/companies/nec/,http://dbpedia.org/resource/NEC,true
http://www.forbes.com/companies/brookfield-asset-management/,http://dbpedia.org/resource/Brookfield_Asset_Management,true
http://www.forbes.com/companies/wabco-holdings/,http://dbpedia.org/resource/WABCO_Vehicle_Control_Systems,false
http://www.forbes.com/companies/juniper-networks/,http://dbpedia.org/resource/Unisphere_Networks,true
http://www.forbes.com/companies/encana/,http://dbpedia.org/resource/Encana,true
http://www.forbes.com/companies/bae-systems/,http://dbpedia.org/resource/BAE_Systems_Electronics_Intelligence_&_Support,true
http://www.forbes.com/companies/israel-corp/,http://dbpedia.org/resource/Israel_Corporation,true
http://www.forbes.com/companies/metso/,http://dbpedia.org/resource/Metso,true
http://www.forbes.com/companies/linde/,http://dbpedia.org/resource/The_Linde_Group,true
http://www.forbes.com/companies/bp/,http://dbpedia.org/resource/BP,true
http://www.forbes.com/companies/linkedin/,http://dbpedia.org/resource/IPIP_SA,false
http://www.forbes.com/companies/almarai/,http://dbpedia.org/resource/Almarai,true
http://www.forbes.com/companies/bancolombia/,http://dbpedia.org/resource/Bancolombia,true
http://www.forbes.com/companies/ecopetrol/,http://dbpedia.org/resource/Ecopetrol,true
http://www.forbes.com/companies/smiths-group/,http://dbpedia.org/resource/Smiths_Group,true
http://www.forbes.com/companies/coloplast/,http://dbpedia.org/resource/Coloplast,true
http://www.forbes.com/companies/tripadvisor/,http://dbpedia.org/resource/TripAdvisor,true
http://www.forbes.com/companies/petro-rabigh/,http://dbpedia.org/resource/Petro_Rabigh,true
http://www.forbes.com/companies/vale/,http://dbpedia.org/resource/Vale_(mining_company),true
http://www.forbes.com/companies/prada/,http://dbpedia.org/resource/Prada,true
http://www.forbes.com/companies/richemont/,http://dbpedia.org/resource/Richemont,true
http://www.forbes.com/companies/sime-darby/,http://dbpedia.org/resource/Sime_Darby,true
http://www.forbes.com/companies/sodexo/,http://dbpedia.org/resource/Sodexo,true
http://www.forbes.com/companies/alpha-bank/,http://dbpedia.org/resource/Alpha_Bank,true
http://www.forbes.com/companies/mechel/,http://dbpedia.org/resource/Mechel,true
http://www.forbes.com/companies/assurant/,http://dbpedia.org/resource/Assurant,true
http://www.forbes.com/companies/general-growth-properties/,http://dbpedia.org/resource/General_Growth_Properties,true
http://www.forbes.com/companies/lyondellbasell-industries/,http://dbpedia.org/resource/LyondellBasell,true
http://www.forbes.com/companies/hollyfrontier/,http://dbpedia.org/resource/HollyFrontier,true
http://www.forbes.com/companies/best-buy/,http://dbpedia.org/resource/Best_Buy,true
http://www.forbes.com/companies/kone/,http://dbpedia.org/resource/Kone,true
http://www.forbes.com/companies/lanxess/,http://dbpedia.org/resource/Lanxess,true
http://www.forbes.com/companies/laurentian-bank/,http://dbpedia.org/resource/Laurentian_Bank_of_Canada,true
http://www.forbes.com/companies/swatch-group/,http://dbpedia.org/resource/The_Swatch_Group,true
http://www.forbes.com/companies/andritz/,http://dbpedia.org/resource/Andritz_AG,true
http://www.forbes.com/companies/bharat-petroleum/,http://dbpedia.org/resource/Kochi_Refineries,true
http://www.forbes.com/companies/hitachi/,http://dbpedia.org/resource/Hitachi,true
http://www.forbes.com/companies/banco-santander/,http://dbpedia.org/resource/Santander_Group,true
http://www.forbes.com/companies/brunswick/,http://dbpedia.org/resource/Brunswick_Corporation,true
http://www.forbes.com/companies/b-e-aerospace/,http://dbpedia.org/resource/B/E_Aerospace,true
http://www.forbes.com/companies/western-digital/,http://dbpedia.org/resource/Western_Digital,true
http://www.forbes.com/companies/nsk/,http://dbpedia.org/resource/NSK_Ltd.,true
http://www.forbes.com/companies/pembina-pipeline/,http://dbpedia.org/resource/Silicor_Materials,false
http://www.forbes.com/companies/rural-electrification/,http://dbpedia.org/resource/MPrest_Systems,false
http://www.forbes.com/companies/tenaris/,http://dbpedia.org/resource/Kerala_State_Road_Transport_Corporation,false
http://www.forbes.com/companies/berkshire-hathaway/,http://dbpedia.org/resource/Keter_Plastic,false
http://www.forbes.com/companies/kghm-polska-miedz/,http://dbpedia.org/resource/Centon_Electronics,false
http://www.forbes.com/companies/intuit/,http://dbpedia.org/resource/Rotel,false
http://www.forbes.com/companies/iliad/,http://dbpedia.org/resource/HipSoft,false
http://www.forbes.com/companies/semen-indonesia/,http://dbpedia.org/resource/Athena_Eizou,false
http://www.forbes.com/companies/higo-bank/,http://dbpedia.org/resource/Magyar_Telekom,false
http://www.forbes.com/companies/ricoh/,http://dbpedia.org/resource/Tecnatom,false
http://www.forbes.com/companies/subsea-7/,http://dbpedia.org/resource/Abu_Dhabi_Commercial_Bank,false
http://www.forbes.com/companies/husky-energy/,http://dbpedia.org/resource/Morini_(manufacturer),false
http://www.forbes.com/companies/ahli-united-bank/,http://dbpedia.org/resource/Jawa_Motors,false
http://www.forbes.com/companies/bank-of-baroda/,http://dbpedia.org/resource/Comex_Group,false
http://www.forbes.com/companies/pldt/,http://dbpedia.org/resource/Bank_of_Georgia,false
http://www.forbes.com/companies/nomura-holdings/,http://dbpedia.org/resource/Crompton_Greaves,false
http://www.forbes.com/companies/idemitsu-kosan/,http://dbpedia.org/resource/Odersun,false
http://www.forbes.com/companies/kla-tencor/,http://dbpedia.org/resource/Yilishen_Tianxi_Group,false
http://www.forbes.com/companies/bancolombia/,http://dbpedia.org/resource/The_Skin_House,false
http://www.forbes.com/companies/ventas/,http://dbpedia.org/resource/Winceyco,false
http://www.forbes.com/companies/doha-bank/,http://dbpedia.org/resource/Helsinki_City_Transport,false
http://www.forbes.com/companies/bank-of-east-asia/,http://dbpedia.org/resource/Communication_Power_Engineering_Company,false
http://www.forbes.com/companies/swisscom/,http://dbpedia.org/resource/Watson_Wyatt_Worldwide,false
http://www.forbes.com/companies/peoples-united-financial/,http://dbpedia.org/resource/Opto_Circuits,false
http://www.forbes.com/companies/td-holdings/,http://dbpedia.org/resource/Nimble_Storage,false
http://www.forbes.com/companies/oci/,http://dbpedia.org/resource/Global_Vectra_Helicorp_Limited,false
http://www.forbes.com/companies/nikon/,http://dbpedia.org/resource/Summit_Media,false
http://www.forbes.com/companies/fiserv/,http://dbpedia.org/resource/FEI_Company,false
http://www.forbes.com/companies/wells-fargo/,http://dbpedia.org/resource/Hamilton_(company),false
http://www.forbes.com/companies/hero-motocorp/,http://dbpedia.org/resource/ManagePro,false
http://www.forbes.com/companies/dicks-sporting-goods/,http://dbpedia.org/resource/Seminis,false
http://www.forbes.com/companies/akzo-nobel/,http://dbpedia.org/resource/Sumitomo_Mitsui_Financial_Group,false
http://www.forbes.com/companies/lanxess/,http://dbpedia.org/resource/MAB_Paints,false
http://www.forbes.com/companies/dean-foods/,http://dbpedia.org/resource/Aviapartner,false
http://www.forbes.com/companies/musashino-bank/,http://dbpedia.org/resource/Stardom_Entertainment,false
http://www.forbes.com/companies/power-finance/,http://dbpedia.org/resource/Vilko,false
http://www.forbes.com/companies/weichai-power/,http://dbpedia.org/resource/Cris_Morena_Group,false
http://www.forbes.com/companies/suzuki-motor/,http://dbpedia.org/resource/The_Portland_Group,false
http://www.forbes.com/companies/umicore/,http://dbpedia.org/resource/Bio_Pac_Inc,false
http://www.forbes.com/companies/allied-irish-banks/,http://dbpedia.org/resource/Motorola_Mobility,false
http://www.forbes.com/companies/bajaj-auto/,http://dbpedia.org/resource/Tokyo_Star_Bank,false
http://www.forbes.com/companies/torchmark/,http://dbpedia.org/resource/Pingo_Doce,false
http://www.forbes.com/companies/gazprom/,http://dbpedia.org/resource/Nyu_Media,false
http://www.forbes.com/companies/intercontinentalexchange/,http://dbpedia.org/resource/Helsingin_Energia,false
http://www.forbes.com/companies/eastman-chemical/,http://dbpedia.org/resource/Square_Enix_Europe,false
http://www.forbes.com/companies/frontier-communications/,http://dbpedia.org/resource/Fujian_Motors_Group,false
http://www.forbes.com/companies/sap/,http://dbpedia.org/resource/Jordan_Petroleum_Refinery_Company,false
http://www.forbes.com/companies/bmf-bovespa/,http://dbpedia.org/resource/Rapha_(sportswear),false
http://www.forbes.com/companies/sse/,http://dbpedia.org/resource/Sky_Italia,false
http://www.forbes.com/companies/kasikornbank/,http://dbpedia.org/resource/Mobilink,false
http://www.forbes.com/companies/mt-bank/,http://dbpedia.org/resource/Idexx_Laboratories,false
http://www.forbes.com/companies/capitaland/,http://dbpedia.org/resource/Citibank_India,false
http://www.forbes.com/companies/conagra-foods/,http://dbpedia.org/resource/Safestyle_UK,false
http://www.forbes.com/companies/chinese-estates/,http://dbpedia.org/resource/Partner_Communications_Company,false
http://www.forbes.com/companies/areva/,http://dbpedia.org/resource/Ex_Libris_Group,false
http://www.forbes.com/companies/hormel-foods/,http://dbpedia.org/resource/Red_Bend_Software,false
http://www.forbes.com/companies/enel/,http://dbpedia.org/resource/Parkson,false
http://www.forbes.com/companies/markel/,http://dbpedia.org/resource/Bremont_Watch_Company,false
http://www.forbes.com/companies/japan-securities/,http://dbpedia.org/resource/Zahner,false
http://www.forbes.com/companies/nikon/,http://dbpedia.org/resource/Davivienda,false
http://www.forbes.com/companies/assurant/,http://dbpedia.org/resource/Banca_Popolare_dell'Emilia_Romagna,false
http://www.forbes.com/companies/meritz-financial-group/,http://dbpedia.org/resource/Mr._Chow,false
http://www.forbes.com/companies/erie-indemnity/,http://dbpedia.org/resource/GE_Energy,false
http://www.forbes.com/companies/hca-holdings/,http://dbpedia.org/resource/Studio_4%C2%B0C,false
http://www.forbes.com/companies/itv/,http://dbpedia.org/resource/Intersect_ENT,false
http://www.forbes.com/companies/twitter/,http://dbpedia.org/resource/Nabih's_Inc.,false
http://www.forbes.com/companies/crescent-point-energy/,http://dbpedia.org/resource/DONG_Energy,false
http://www.forbes.com/companies/equity-assurance/,http://dbpedia.org/resource/Officine_Meccaniche_Giovanni_Cerutti,false
http://www.forbes.com/companies/aviva/,http://dbpedia.org/resource/Salisbury_House_(restaurant),false
http://www.forbes.com/companies/empire/,http://dbpedia.org/resource/Peoples_Trust,false
http://www.forbes.com/companies/nmdc/,http://dbpedia.org/resource/NTDEC,false
http://www.forbes.com/companies/east-japan-railway/,http://dbpedia.org/resource/Eastern_Bengal_Railway,false
http://www.forbes.com/companies/commercial-international-bank/,http://dbpedia.org/resource/Corgi_International,false
http://www.forbes.com/companies/metro-group/,http://dbpedia.org/resource/Malcolm_Group,false
http://www.forbes.com/companies/enel/,http://dbpedia.org/resource/Eneva,false
http://www.forbes.com/companies/intuit/,http://dbpedia.org/resource/Intuic,false
http://www.forbes.com/companies/cme-group/,http://dbpedia.org/resource/CSC_Media_Group,false
http://www.forbes.com/companies/arm-holdings/,http://dbpedia.org/resource/Acromas_Holdings,false
http://www.forbes.com/companies/chiba-bank/,http://dbpedia.org/resource/Citibank,false
http://www.forbes.com/companies/axa-group/,http://dbpedia.org/resource/Aldo_Group,false
http://www.forbes.com/companies/b-e-aerospace/,http://dbpedia.org/resource/Bristol_Aerospace,false
http://www.forbes.com/companies/savola-group/,http://dbpedia.org/resource/Sunland_Group,false
http://www.forbes.com/companies/investor/,http://dbpedia.org/resource/Inventec,false
http://www.forbes.com/companies/galp-energia/,http://dbpedia.org/resource/GEN_Energija,false
http://www.forbes.com/companies/investec/,http://dbpedia.org/resource/Inventec,false
http://www.forbes.com/companies/hyundai-motor/,http://dbpedia.org/resource/Hyundai_Mobis,false
http://www.forbes.com/companies/motorola-solutions/,http://dbpedia.org/resource/Mindfire_Solutions,false
http://www.forbes.com/companies/alfresa-holdings/,http://dbpedia.org/resource/AFFCO_Holdings,false
http://www.forbes.com/companies/bank-of-baroda/,http://dbpedia.org/resource/Bank_of_Jordan,false
http://www.forbes.com/companies/nksj-holdings/,http://dbpedia.org/resource/NWS_Holdings,false
http://www.forbes.com/companies/assurant/,http://dbpedia.org/resource/Assuria_Ltd,false
http://www.forbes.com/companies/bae-systems/,http://dbpedia.org/resource/BA_Systems,false
http://www.forbes.com/companies/lenovo-group/,http://dbpedia.org/resource/Lebara_Group,false
http://www.forbes.com/companies/magnit/,http://dbpedia.org/resource/Magnetek,false
http://www.forbes.com/companies/daishi-bank/,http://dbpedia.org/resource/DHB_Bank,false
http://www.forbes.com/companies/western-union/,http://dbpedia.org/resource/Western_Bulk,false
http://www.forbes.com/companies/bank-of-kyoto/,http://dbpedia.org/resource/Bank_of_Khyber,false
http://www.forbes.com/companies/marriott-international/,http://dbpedia.org/resource/McDermott_International,false
http://www.forbes.com/companies/steinhoff-international/,http://dbpedia.org/resource/STI_International,true
http://www.forbes.com/companies/amcor/,http://dbpedia.org/resource/Aicom,false
http://www.forbes.com/companies/securitas/,http://dbpedia.org/resource/Security_Bank,false
http://www.forbes.com/companies/hyundai-hysco/,http://dbpedia.org/resource/Hyundai_EP,true
http://www.forbes.com/companies/savola-group/,http://dbpedia.org/resource/Saga_Group,false
http://www.forbes.com/companies/dia/,http://dbpedia.org/resource/Diar,false
http://www.forbes.com/companies/mediatek/,http://dbpedia.org/resource/MediaOne,false
http://www.forbes.com/companies/cimarex-energy/,http://dbpedia.org/resource/Champion_Energy,false
http://www.forbes.com/companies/wilmar-international/,http://dbpedia.org/resource/Waltham_International,false
http://www.forbes.com/companies/syngenta/,http://dbpedia.org/resource/Solgenia,false
http://www.forbes.com/companies/cbre-group/,http://dbpedia.org/resource/COFCO_Group,false
http://www.forbes.com/companies/gea-group/,http://dbpedia.org/resource/Goodman_Group,false
http://www.forbes.com/companies/cme-group/,http://dbpedia.org/resource/Comodo_Group,false
http://www.forbes.com/companies/investor/,http://dbpedia.org/resource/Inventel,false
http://www.forbes.com/companies/alcoa/,http://dbpedia.org/resource/Aicom,false
http://www.forbes.com/companies/samsung-heavy-inds/,http://dbpedia.org/resource/South_Jersey_Industries,false
http://www.forbes.com/companies/jacobs-engineering/,http://dbpedia.org/resource/Jacobs_Engineering_Group,true
http://www.forbes.com/companies/cit-group/,http://dbpedia.org/resource/CDG_Group,false
http://www.forbes.com/companies/ntpc/,http://dbpedia.org/resource/NTDEC,false
http://www.forbes.com/companies/tpv-technology/,http://dbpedia.org/resource/TAT_Technologies,false
http://www.forbes.com/companies/alcoa/,http://dbpedia.org/resource/Atcom,false
http://www.forbes.com/companies/ashikaga-holdings/,http://dbpedia.org/resource/Ashiana_Housing,false
http://www.forbes.com/companies/tesco/,http://dbpedia.org/resource/Tasco,false
http://www.forbes.com/companies/datang-international-power/,http://dbpedia.org/resource/Dagon_International,false
http://www.forbes.com/companies/sysco/,http://dbpedia.org/resource/Saeco,false
http://www.forbes.com/companies/autonation/,http://dbpedia.org/resource/Attentio,false
http://www.forbes.com/companies/wellpoint/,http://dbpedia.org/resource/WellPet,false
http://www.forbes.com/companies/cielo/,http://dbpedia.org/resource/Ciena,false
http://www.forbes.com/companies/metso/,http://dbpedia.org/resource/Metka,false
http://www.forbes.com/companies/edp-energias-de-portugal/,http://dbpedia.org/resource/EDP_-_Energias_do_Brasil,false
http://www.forbes.com/companies/catlin-group/,http://dbpedia.org/resource/Celadon_Group,false
http://www.forbes.com/companies/united-rentals/,http://dbpedia.org/resource/United_Front_Games,false
http://www.forbes.com/companies/delek-group/,http://dbpedia.org/resource/DCI_Group,false
http://www.forbes.com/companies/charter-communications/,http://dbpedia.org/resource/Charm_Communications,false
http://www.forbes.com/companies/ryanair-holdings/,http://dbpedia.org/resource/Redflex_Holdings,false
http://www.forbes.com/companies/axa-group/,http://dbpedia.org/resource/Avalon_Group,false
http://www.forbes.com/companies/petsmart/,http://dbpedia.org/resource/Pathmark,false
http://www.forbes.com/companies/andhra-bank/,http://dbpedia.org/resource/Aktia_Bank,false
http://www.forbes.com/companies/akamai-technologies/,http://dbpedia.org/resource/Antics_Technologies,false
http://www.forbes.com/companies/nomos-bank/,http://dbpedia.org/resource/NOMOS-BANK,true
http://www.forbes.com/companies/standard-life/,http://dbpedia.org/resource/Stannah_Lifts,false
http://www.forbes.com/companies/raiffeisen-bank-international/,http://dbpedia.org/resource/Risk_International,false
http://www.forbes.com/companies/cemex/,http://dbpedia.org/resource/Com.x,false
http://www.forbes.com/companies/unicredit-group/,http://dbpedia.org/resource/UniCredit_banka,true
http://www.forbes.com/companies/hermes-international/,http://dbpedia.org/resource/Hengan_International,true
http://www.forbes.com/companies/ambank-group/,http://dbpedia.org/resource/Akwa_Group,false
http://www.forbes.com/companies/microchip-technology/,http://dbpedia.org/resource/Mio_Technology,false
http://www.forbes.com/companies/bank-of-india/,http://dbpedia.org/resource/Bank_of_Georgia,false
http://www.forbes.com/companies/comerica/,http://dbpedia.org/resource/Copernic,false
http://www.forbes.com/companies/ameren/,http://dbpedia.org/resource/Amedei,false
http://www.forbes.com/companies/linear-technology/,http://dbpedia.org/resource/Lithium_Technologies,false
http://www.forbes.com/companies/citrix-systems/,http://dbpedia.org/resource/Cramer_Systems,false
http://www.forbes.com/companies/nidec/,http://dbpedia.org/resource/Narec,false
http://www.forbes.com/companies/sika/,http://dbpedia.org/resource/SIRVA,false
http://www.forbes.com/companies/arrow-electronics/,http://dbpedia.org/resource/Andrea_Electronics,false
http://www.forbes.com/companies/savola-group/,http://dbpedia.org/resource/SIMPLE_Group,false
http://www.forbes.com/companies/bg-group/,http://dbpedia.org/resource/Bogdan_group,false
http://www.forbes.com/companies/bank-of-kyoto/,http://dbpedia.org/resource/Bank_of_Florida,false
http://www.forbes.com/companies/aeroports-de-paris/,http://dbpedia.org/resource/Aeroports_de_Catalunya,false
http://www.forbes.com/companies/consol-energy/,http://dbpedia.org/resource/Contact_Energy,false
http://www.forbes.com/companies/heineken-holding/,http://dbpedia.org/resource/Hansteen_Holdings,false
http://www.forbes.com/companies/national-bank-of-kuwait/,http://dbpedia.org/resource/National_Bank_of_Egypt,false
http://www.forbes.com/companies/wilmar-international/,http://dbpedia.org/resource/Wendy's_International,false
http://www.forbes.com/companies/sinohydro-group/,http://dbpedia.org/resource/Santander_Group,false
http://www.forbes.com/companies/bank-of-nagoya/,http://dbpedia.org/resource/Bank_of_Taizhou,false
http://www.forbes.com/companies/ncc-group/,http://dbpedia.org/resource/Nuqul_Group,false
http://www.forbes.com/companies/altria-group/,http://dbpedia.org/resource/Alpari_Group,false
http://www.forbes.com/companies/grupo-carso/,http://dbpedia.org/resource/Grupo_Calvo,true
http://www.forbes.com/companies/mediatek/,http://dbpedia.org/resource/MedicAlert,false
http://www.forbes.com/companies/statoil/,http://dbpedia.org/resource/StartLogic,false
http://www.forbes.com/companies/ricoh/,http://dbpedia.org/resource/RIH,false
http://www.forbes.com/companies/netease/,http://dbpedia.org/resource/Netcare,false
http://www.forbes.com/companies/omv-group/,http://dbpedia.org/resource/OZ_Group,false
http://www.forbes.com/companies/adani-enterprises/,http://dbpedia.org/resource/Agel_Enterprises,false
http://www.forbes.com/companies/bank-of-kyoto/,http://dbpedia.org/resource/Bank_of_Hamilton,false
http://www.forbes.com/companies/aichi-bank/,http://dbpedia.org/resource/Alinma_Bank,false
http://www.forbes.com/companies/harbin-bank/,http://dbpedia.org/resource/Harrods_Bank,false
http://www.forbes.com/companies/annaly-capital-management/,http://dbpedia.org/resource/Appaloosa_Management,false
http://www.forbes.com/companies/towers-watson/,http://dbpedia.org/resource/Towers_Watson,true
http://www.forbes.com/companies/nanto-bank/,http://dbpedia.org/resource/Nanto_Bank,true
http://www.forbes.com/companies/united-overseas-bank/,http://dbpedia.org/resource/United_Overseas_Bank,true
http://www.forbes.com/companies/cpfl-energia/,http://dbpedia.org/resource/CPFL_Energia,true
http://www.forbes.com/companies/seiko-epson/,http://dbpedia.org/resource/Seiko_Epson,true
http://www.forbes.com/companies/inditex/,http://dbpedia.org/resource/Inditex,true
http://www.forbes.com/companies/banco-do-brasil/,http://dbpedia.org/resource/Banco_do_Brasil,true
http://www.forbes.com/companies/larsen-toubro/,http://dbpedia.org/resource/Larsen_&_Toubro,true
http://www.forbes.com/companies/dubai-islamic-bank/,http://dbpedia.org/resource/Dubai_Islamic_Bank,true
http://www.forbes.com/companies/grasim-industries/,http://dbpedia.org/resource/Grasim_Industries,true
http://www.forbes.com/companies/abu-dhabi-commercial/,http://dbpedia.org/resource/Abu_Dhabi_Commercial_Bank,true
http://www.forbes.com/companies/bank-of-ningbo/,http://dbpedia.org/resource/Bank_of_Ningbo,true
http://www.forbes.com/companies/bank-leumi/,http://dbpedia.org/resource/Bank_Leumi,true
http://www.forbes.com/companies/renesas-electronics/,http://dbpedia.org/resource/Renesas_Electronics,true
http://www.forbes.com/companies/capgemini/,http://dbpedia.org/resource/Capgemini,true
http://www.forbes.com/companies/metro-inc/,http://dbpedia.org/resource/Metro_Inc.,true
http://www.forbes.com/companies/bangkok-bank/,http://dbpedia.org/resource/Bangkok_Bank,true
http://www.forbes.com/companies/dai-nippon-printing/,http://dbpedia.org/resource/Dai_Nippon_Printing,true
http://www.forbes.com/companies/cgi-group/,http://dbpedia.org/resource/CGI_Group,true
http://www.forbes.com/companies/intact-financial/,http://dbpedia.org/resource/Intact_Financial,true
http://www.forbes.com/companies/china-construction-bank/,http://dbpedia.org/resource/China_Construction_Bank,true
http://www.forbes.com/companies/bank-of-beijing/,http://dbpedia.org/resource/Bank_of_Beijing,true
http://www.forbes.com/companies/pembina-pipeline/,http://dbpedia.org/resource/Pembina_Pipeline,true
http://www.forbes.com/companies/petrobras/,http://dbpedia.org/resource/Petrobras,true
http://www.forbes.com/companies/hellenic-petroleum/,http://dbpedia.org/resource/Hellenic_Petroleum,true
http://www.forbes.com/companies/tenaga-nasional/,http://dbpedia.org/resource/Tenaga_Nasional,true
http://www.forbes.com/companies/poly-real-estate/,http://dbpedia.org/resource/Poly_Real_Estate,true
http://www.forbes.com/companies/huaneng-power-international/,http://dbpedia.org/resource/Huaneng_Power_International,true
http://www.forbes.com/companies/meiji-holdings/,http://dbpedia.org/resource/Meiji_Holdings,true
http://www.forbes.com/companies/tauron-group/,http://dbpedia.org/resource/Tauron_Group,true
http://www.forbes.com/companies/fujitsu/,http://dbpedia.org/resource/Fujitsu,true
http://www.forbes.com/companies/china-resources-enterprise/,http://dbpedia.org/resource/China_Resources_Enterprise,true
http://www.forbes.com/companies/china-merchants-property/,http://dbpedia.org/resource/China_Merchants_Property,true
http://www.forbes.com/companies/union-national-bank/,http://dbpedia.org/resource/Union_National_Bank,true
http://www.forbes.com/companies/bank-of-yokohama/,http://dbpedia.org/resource/Bank_of_Yokohama,true
http://www.forbes.com/companies/suning-appliance/,http://dbpedia.org/resource/Suning_Appliance,true
http://www.forbes.com/companies/china-pacific-insurance/,http://dbpedia.org/resource/China_Pacific_Insurance,true
http://www.forbes.com/companies/bbmg/,http://dbpedia.org/resource/BBMG,true
http://www.forbes.com/companies/abu-dhabi-islamic-bank/,http://dbpedia.org/resource/Abu_Dhabi_Islamic_Bank,true
http://www.forbes.com/companies/wipro/,http://dbpedia.org/resource/Wipro,true
http://www.forbes.com/companies/westfield-group/,http://dbpedia.org/resource/Westfield_Group,true
http://www.forbes.com/companies/areva/,http://dbpedia.org/resource/Areva,true
http://www.forbes.com/companies/dongfang-electric/,http://dbpedia.org/resource/Dongfang_Electric,true
http://www.forbes.com/companies/cemig/,http://dbpedia.org/resource/CEMIG,true
http://www.forbes.com/companies/woodside-petroleum/,http://dbpedia.org/resource/Woodside_Petroleum,true
http://www.forbes.com/companies/shiseido/,http://dbpedia.org/resource/Shiseido,true
http://www.forbes.com/companies/nokia/,http://dbpedia.org/resource/Nokia,true
http://www.forbes.com/companies/nextera-energy/,http://dbpedia.org/resource/NextEra_Energy,true
http://www.forbes.com/companies/sandisk/,http://dbpedia.org/resource/SanDisk,true
http://www.forbes.com/companies/marathon-petroleum/,http://dbpedia.org/resource/Marathon_Petroleum,true
http://www.forbes.com/companies/integrys-energy/,http://dbpedia.org/resource/Integrys_Energy_Group,true
http://www.forbes.com/companies/prudential-financial/,http://dbpedia.org/resource/Prudential_Financial,true
http://www.forbes.com/companies/xcel-energy/,http://dbpedia.org/resource/Xcel_Energy,true
http://www.forbes.com/companies/american-airlines-group/,http://dbpedia.org/resource/American_Airlines_Group,true
http://www.forbes.com/companies/ppg-industries/,http://dbpedia.org/resource/PPG_Industries,true
http://www.forbes.com/companies/microsoft/,http://dbpedia.org/resource/Microsoft,true
http://www.forbes.com/companies/workday/,http://dbpedia.org/resource/Workday,_Inc.
http://www.forbes.com/companies/kroger/,http://dbpedia.org/resource/Kroger,true
http://www.forbes.com/companies/yum-brands/,http://dbpedia.org/resource/Yum!_Brands,true
http://www.forbes.com/companies/western-refining/,http://dbpedia.org/resource/Western_Refining,true
http://www.forbes.com/companies/l-3-communications/,http://dbpedia.org/resource/L-3_Communications,true
http://www.forbes.com/companies/marathon-oil/,http://dbpedia.org/resource/Marathon_Oil,true
http://www.forbes.com/companies/micron-technology/,http://dbpedia.org/resource/Micron_Technology,true
http://www.forbes.com/companies/pnc-financial-services/,http://dbpedia.org/resource/PNC_Financial_Services,true
http://www.forbes.com/companies/qualcomm/,http://dbpedia.org/resource/Qualcomm,true
http://www.forbes.com/companies/united-continental-holdings/,http://dbpedia.org/resource/United_Continental_Holdings,true
http://www.forbes.com/companies/nordstrom/,http://dbpedia.org/resource/Nordstrom,true
http://www.forbes.com/companies/duke-energy/,http://dbpedia.org/resource/Duke_Energy,true
http://www.forbes.com/companies/tesoro/,http://dbpedia.org/resource/Tesoro,true
http://www.forbes.com/companies/clorox/,http://dbpedia.org/resource/Clorox,true
http://www.forbes.com/companies/quest-diagnostics/,http://dbpedia.org/resource/Quest_Diagnostics,true
http://www.forbes.com/companies/schlumberger/,http://dbpedia.org/resource/Schlumberger,true
http://www.forbes.com/companies/citrix-systems/,http://dbpedia.org/resource/Citrix_Systems,true
http://www.forbes.com/companies/lg-uplus/,http://dbpedia.org/resource/LG_Uplus,true
http://www.forbes.com/companies/hyundai-mobis/,http://dbpedia.org/resource/Hyundai_Mobis,true
http://www.forbes.com/companies/e-mart/,http://dbpedia.org/resource/E-mart,true
http://www.forbes.com/companies/hanwha-life-insurance/,http://dbpedia.org/resource/Hanwha_Life_Insurance,true
http://www.forbes.com/companies/hyundai-glovis/,http://dbpedia.org/resource/Hyundai_Glovis,true
http://www.forbes.com/companies/pegatron/,http://dbpedia.org/resource/Pegatron,true
http://www.forbes.com/companies/inventec/,http://dbpedia.org/resource/Inventec,true
http://www.forbes.com/companies/delta-electronics/,http://dbpedia.org/resource/Delta_Electronics,true
http://www.forbes.com/companies/chang-hwa-bank/,http://dbpedia.org/resource/Chang_Hwa_Bank,true
http://www.forbes.com/companies/beijing-enterprises/,http://dbpedia.org/resource/Beijing_Enterprises,true
http://www.forbes.com/companies/seagate-technology/,http://dbpedia.org/resource/Seagate_Technology,true
http://www.forbes.com/companies/china-resources-land/,http://dbpedia.org/resource/China_Resources_Land,true
http://www.forbes.com/companies/bank-of-china/,http://dbpedia.org/resource/Bank_of_China,true
http://www.forbes.com/companies/china-mobile/,http://dbpedia.org/resource/China_Mobile,true
http://www.forbes.com/companies/bta-bank/,http://dbpedia.org/resource/BTA_Bank,true
http://www.forbes.com/companies/pakistan-state-oil/,http://dbpedia.org/resource/Pakistan_State_Oil,true
http://www.forbes.com/companies/first-pacific/,http://dbpedia.org/resource/First_Pacific,true
http://www.forbes.com/companies/china-life-insurance-taiwan/,http://dbpedia.org/resource/China_Life_Insurance_Company_(Taiwan),true
http://www.forbes.com/companies/ping-an-insurance/,http://dbpedia.org/resource/Ping_An_Insurance,true
http://www.forbes.com/companies/sumitomo-mitsui-trust/,http://dbpedia.org/resource/Sumitomo_Mitsui_Trust_Holdings,true
http://www.forbes.com/companies/china-life-insurance/,http://dbpedia.org/resource/China_Life_Insurance_Company,true
http://www.forbes.com/companies/shanghai-international-port/,http://dbpedia.org/resource/Shanghai_International_Port_(Group),true
http://www.forbes.com/companies/sino-ocean-land-holdings/,http://dbpedia.org/resource/Sino-Ocean_Land,true
http://www.forbes.com/companies/tokyo-electric-power/,http://dbpedia.org/resource/Tokyo_Electric_Power_Company,true
http://www.forbes.com/companies/china-shenhua-energy/,http://dbpedia.org/resource/China_Shenhua_Energy_Company,true
http://www.forbes.com/companies/mitsubishi-ufj-financial/,http://dbpedia.org/resource/Mitsubishi_UFJ_Financial_Group,true
http://www.forbes.com/companies/edp-energias-de-portugal/,http://dbpedia.org/resource/Energias_de_Portugal,true
http://www.forbes.com/companies/cheung-kong-holdings/,http://dbpedia.org/resource/Cheung_Kong_Infrastructure_Holdings,true
http://www.forbes.com/companies/sumitomo-mitsui-financial/,http://dbpedia.org/resource/Sumitomo_Mitsui_Financial_Group,true
http://www.forbes.com/companies/china-shipbuilding-industry/,http://dbpedia.org/resource/China_Shipbuilding_Industry_Corporation,true
http://www.forbes.com/companies/china-communications-services/,http://dbpedia.org/resource/China_Communications_Services_Corporation,true
http://www.forbes.com/companies/china-agri-industries/,http://dbpedia.org/resource/China_Agri-Industries_Holdings,true
http://www.forbes.com/companies/kingdom-holding/,http://dbpedia.org/resource/Kingdom_Holding_Company,true
http://www.forbes.com/companies/larsen-toubro/,http://dbpedia.org/resource/Larsen_&_Toubro_Infotech,false
http://www.forbes.com/companies/fosun-international/,http://dbpedia.org/resource/Fosun_International_Limited,true
http://www.forbes.com/companies/loreal-group/,http://dbpedia.org/resource/L'Or%C3%A9al,true
http://www.forbes.com/companies/swiss-life-holding/,http://dbpedia.org/resource/Swiss_Life,true
http://www.forbes.com/companies/gree-electric-appliances/,http://dbpedia.org/resource/Gree_Electric,true
http://www.forbes.com/companies/hengan-international-group/,http://dbpedia.org/resource/Hengan_International,true
http://www.forbes.com/companies/kweichow-moutai/,http://dbpedia.org/resource/Kweichow_Moutai_Company,true
http://www.forbes.com/companies/china-cosco-holdings/,http://dbpedia.org/resource/China_COSCO,true
http://www.forbes.com/companies/sunac-china-holdings/,http://dbpedia.org/resource/Sunac_China,true
http://www.forbes.com/companies/zijin-mining-group/,http://dbpedia.org/resource/Zijin_Mining,true
http://www.forbes.com/companies/angang-steel/,http://dbpedia.org/resource/Angang_Steel_Company,true
http://www.forbes.com/companies/george-weston/,http://dbpedia.org/resource/George_Weston_Limited,true
http://www.forbes.com/companies/motor-oil/,http://dbpedia.org/resource/Motor_Oil_Hellas,true
http://www.forbes.com/companies/industrial-alliance-insurance/,http://dbpedia.org/resource/Industrial_Alliance,true
http://www.forbes.com/companies/norfolk-southern/,http://dbpedia.org/resource/Norfolk_Southern_Railway,true
http://www.forbes.com/companies/marsh-mclennan/,http://dbpedia.org/resource/Marsh_&_McLennan_Companies,true
http://www.forbes.com/companies/freeport-mcmoran-copper/,http://dbpedia.org/resource/Freeport-McMoRan,true
http://www.forbes.com/companies/trw-automotive-holdings/,http://dbpedia.org/resource/TRW_Automotive,true
http://www.forbes.com/companies/moodys/,http://dbpedia.org/resource/Moody's_Analytics,false
http://www.forbes.com/companies/wisconsin-energy/,http://dbpedia.org/resource/Wisconsin_Energy_Corporation,true
http://www.forbes.com/companies/waste-management/,http://dbpedia.org/resource/Waste_Management,_Inc
http://www.forbes.com/companies/caesars-entertainment/,http://dbpedia.org/resource/Caesars_Entertainment,_Inc.
http://www.forbes.com/companies/direct-line-insurance/,http://dbpedia.org/resource/Direct_Line,true
http://www.forbes.com/companies/imperial-tobacco-group/,http://dbpedia.org/resource/Imperial_Tobacco,true
http://www.forbes.com/companies/hyundai-motor/,http://dbpedia.org/resource/Hyundai_Motor_Company,true
http://www.forbes.com/companies/uni-president/,http://dbpedia.org/resource/Uni-President_China,true
http://www.forbes.com/companies/country-garden-holdings/,http://dbpedia.org/resource/Country_Garden,true
http://www.forbes.com/companies/china-taiping-insurance/,http://dbpedia.org/resource/China_Taiping,true
http://www.forbes.com/companies/anheuser-busch-inbev/,http://dbpedia.org/resource/Anheuser-Busch,true
http://www.forbes.com/companies/news-corp/,http://dbpedia.org/resource/News_Corp_Australia,false
http://www.forbes.com/companies/coca-cola/,http://dbpedia.org/resource/Coca-Cola_Amatil,false
http://www.forbes.com/companies/hyundai-motor/,http://dbpedia.org/resource/Hyundai_Motor_America,false
http://www.forbes.com/companies/yuexiu-property/,http://dbpedia.org/resource/Yuexiu_Property,true
http://www.forbes.com/companies/agile-property-holdings/,http://dbpedia.org/resource/Agile_Property,true
http://www.forbes.com/companies/hutchison-whampoa/,http://dbpedia.org/resource/Hutchison_Whampoa_Property,true
http://www.forbes.com/companies/general-motors/,http://dbpedia.org/resource/General_Motors_Egypt,false
http://www.forbes.com/companies/bbva-banco-bilbao-vizcaya/,http://dbpedia.org/resource/Banco_Bilbao_Vizcaya_Argentaria,true
http://www.forbes.com/companies/china-state-construction/,http://dbpedia.org/resource/China_State_Construction_International_Holdings,false
http://www.forbes.com/companies/china-national-materials/,http://dbpedia.org/resource/China_National_Materials_Group_Corporation,true
http://www.forbes.com/companies/shaanxi-coal-industry/,http://dbpedia.org/resource/Shaanxi_Coal_and_Chemical_Industry,true
http://www.forbes.com/companies/datang-international-power/,http://dbpedia.org/resource/Datang_International_Power_Generation_Company,true
http://www.forbes.com/companies/peoples-united-financial/,http://dbpedia.org/resource/People's_United_Bank,true
http://www.forbes.com/companies/china-life-insurance-taiwan/,http://dbpedia.org/resource/China_Life_Insurance_Company,false
http://www.forbes.com/companies/national-bank-of-greece/,http://dbpedia.org/resource/National_Bank_of_Bahrain,false
http://www.forbes.com/companies/national-bank-of-canada/,http://dbpedia.org/resource/National_Bank_of_Egypt,false
http://www.forbes.com/companies/national-bank-of-greece/,http://dbpedia.org/resource/National_Bank_of_Egypt,false
http://www.forbes.com/companies/sun-hung-kai-properties/,http://dbpedia.org/resource/Sun_Hung_Kai_Financial,false
http://www.forbes.com/companies/national-bank-of-kuwait/,http://dbpedia.org/resource/National_Bank_of_Uzbekistan,false
http://www.forbes.com/companies/national-bank-of-canada/,http://dbpedia.org/resource/National_Bank_of_Bahrain,false
http://www.forbes.com/companies/sharp/,http://dbpedia.org/resource/Sharp_Solar,false
http://www.forbes.com/companies/guangzhou-automobile/,http://dbpedia.org/resource/Guangzhou_Automobile_Group_Bus,false
http://www.forbes.com/companies/nec/,http://dbpedia.org/resource/NEC_Soft,false
http://www.forbes.com/companies/china-citic-bank/,http://dbpedia.org/resource/China_Merchants_Bank,false
http://www.forbes.com/companies/china-merchants-property/,http://dbpedia.org/resource/China_Merchants_Bank,false
http://www.forbes.com/companies/china-construction-bank/,http://dbpedia.org/resource/China_Merchants_Bank,false
http://www.forbes.com/companies/byd/,http://dbpedia.org/resource/BYD_Company,true
http://www.forbes.com/companies/china-cosco-holdings/,http://dbpedia.org/resource/China_Sandi_Holdings,false
http://www.forbes.com/companies/carrefour/,http://dbpedia.org/resource/Carrefour_City,false
http://www.forbes.com/companies/bank-of-beijing/,http://dbpedia.org/resource/Bank_of_Ningbo,false
http://www.forbes.com/companies/alfa/,http://dbpedia.org/resource/ALFA_(Mexico),true
http://www.forbes.com/companies/china-longyuan-power/,http://dbpedia.org/resource/China_Yangtze_Power,false
http://www.forbes.com/companies/bank-of-china/,http://dbpedia.org/resource/Bank_of_Taizhou,false
http://www.forbes.com/companies/great-wall-motor/,http://dbpedia.org/resource/Great_Wall_Wine,false
http://www.forbes.com/companies/china-merchants-securities/,http://dbpedia.org/resource/China_Merchants_Bank,false
http://www.forbes.com/companies/byd/,http://dbpedia.org/resource/BYD_Electronic,false
http://www.forbes.com/companies/fujitsu/,http://dbpedia.org/resource/Fujitsu_Ten,false
http://www.forbes.com/companies/dentsu/,http://dbpedia.org/resource/Dentsu_Razorfish,false
http://www.forbes.com/companies/china-everbright-bank/,http://dbpedia.org/resource/China_CITIC_Bank,false
http://www.forbes.com/companies/mitsubishi-ufj-financial/,http://dbpedia.org/resource/Mitsubishi_UFJ_NICOS,false
http://www.forbes.com/companies/china-everbright-bank/,http://dbpedia.org/resource/China_Construction_Bank,false
http://www.forbes.com/companies/huaneng-power-international/,http://dbpedia.org/resource/Huadian_Power_International,false
http://www.forbes.com/companies/china-merchants-securities/,http://dbpedia.org/resource/China_Merchants_Property,false
http://www.forbes.com/companies/bank-of-ningbo/,http://dbpedia.org/resource/Bank_of_Beijing,false
http://www.forbes.com/companies/china-construction-bank/,http://dbpedia.org/resource/China_Communications_Construction,false
http://www.forbes.com/companies/sany-heavy-industry/,http://dbpedia.org/resource/Shandong_Heavy_Industry,false
http://www.forbes.com/companies/ping-an-bank/,http://dbpedia.org/resource/Ping_An_Insurance,true
http://www.forbes.com/companies/china-state-construction/,http://dbpedia.org/resource/China_Construction_Bank,false
http://www.forbes.com/companies/michelin-group/,http://dbpedia.org/resource/Michelin,true
http://www.forbes.com/companies/great-wall-technology/,http://dbpedia.org/resource/Great_Wall_Motors,false
http://www.forbes.com/companies/bank-of-chongqing/,http://dbpedia.org/resource/Bank_of_Taizhou,false
http://www.forbes.com/companies/bank-of-ningbo/,http://dbpedia.org/resource/Bank_of_Taizhou,false
http://www.forbes.com/companies/bank-of-beijing/,http://dbpedia.org/resource/Bank_of_Taizhou,false
http://www.forbes.com/companies/toho-bank/,http://dbpedia.org/resource/Toho,true
http://www.forbes.com/companies/great-wall-technology/,http://dbpedia.org/resource/Great_Wall_Wine,false
http://www.forbes.com/companies/bank-of-kyoto/,http://dbpedia.org/resource/Bank_of_Yokohama,false
http://www.forbes.com/companies/dongfeng-motor-group/,http://dbpedia.org/resource/Dongfeng_Motor_Company,true
http://www.forbes.com/companies/china-communications-services/,http://dbpedia.org/resource/China_Communications_Construction,false
http://www.forbes.com/companies/china-life-insurance/,http://dbpedia.org/resource/China_Pacific_Insurance,false
http://www.forbes.com/companies/china-communications-services/,http://dbpedia.org/resource/China_Oilfield_Services,false
http://www.forbes.com/companies/china-cosco-holdings/,http://dbpedia.org/resource/COSCO_International_Holdings,false
http://www.forbes.com/companies/petronas-gas/,http://dbpedia.org/resource/Petronas,true
http://www.forbes.com/companies/china-railway-construction/,http://dbpedia.org/resource/China_Railway_Corporation,false
http://www.forbes.com/companies/petronas-dagangan/,http://dbpedia.org/resource/Petronas,true
http://www.forbes.com/companies/woolworths/,http://dbpedia.org/resource/Woolworths_(supermarket),false
http://www.forbes.com/companies/huadian-power-international/,http://dbpedia.org/resource/Huaneng_Power_International,false
http://www.forbes.com/companies/china-resources-power/,http://dbpedia.org/resource/China_Resources_Enterprise,false
http://www.forbes.com/companies/bank-of-communications/,http://dbpedia.org/resource/Bank_of_Taizhou,false
http://www.forbes.com/companies/carrefour/,http://dbpedia.org/resource/Carrefour_Express,false
http://www.forbes.com/companies/bank-of-nanjing/,http://dbpedia.org/resource/Bank_of_Beijing,false
http://www.forbes.com/companies/itc/,http://dbpedia.org/resource/ITC_Hotels,true
http://www.forbes.com/companies/renault/,http://dbpedia.org/resource/Renault_Sport,true
http://www.forbes.com/companies/bank-of-nagoya/,http://dbpedia.org/resource/Bank_of_Yokohama,false
http://www.forbes.com/companies/tencent-holdings/,http://dbpedia.org/resource/Tencent,true
http://www.forbes.com/companies/iliad/,http://dbpedia.org/resource/Iliad_(company),true
http://www.forbes.com/companies/iberdrola/,http://dbpedia.org/resource/Iberdrola_Renovables,true
http://www.forbes.com/companies/community-health-sys/,http://dbpedia.org/resource/Community_Health_Systems,true
http://www.forbes.com/companies/cc-media-holdings/,http://dbpedia.org/resource/Crown_Media_Holdings,false
http://www.forbes.com/companies/sears-holdings/,http://dbpedia.org/resource/Sears,true
http://www.forbes.com/companies/ncr/,http://dbpedia.org/resource/NCR_Corporation,true
http://www.forbes.com/companies/oshkosh/,http://dbpedia.org/resource/Oshkosh_Corporation,true
http://www.forbes.com/companies/sherwin-williams/,http://dbpedia.org/resource/Sherwin-Williams,true
http://www.forbes.com/companies/hewlett-packard/,http://dbpedia.org/resource/Hewlett-Packard,true
http://www.forbes.com/companies/moodys/,http://dbpedia.org/resource/Moody's_Corporation,true
http://www.forbes.com/companies/twitter/,http://dbpedia.org/resource/S.M._Entertainment,false
http://www.forbes.com/companies/staples/,http://dbpedia.org/resource/Staples_Inc.,true
http://www.forbes.com/companies/csx/,http://dbpedia.org/resource/Fruit_Growers_Express,false
http://www.forbes.com/companies/eni/,http://dbpedia.org/resource/Eni,true
http://www.forbes.com/companies/wells-fargo/,http://dbpedia.org/resource/Wells_Fargo,true
http://www.forbes.com/companies/france-telecom/,http://dbpedia.org/resource/Orange_(telecommunications),true
http://www.forbes.com/companies/fujitsu/,http://dbpedia.org/resource/Fujitsu_Technology_Solutions,false
http://www.forbes.com/companies/mapfre/,http://dbpedia.org/resource/Mapfre,true
http://www.forbes.com/companies/mitsubishi-corp/,http://dbpedia.org/resource/Mitsubishi_Corporation,true
http://www.forbes.com/companies/costco-wholesale/,http://dbpedia.org/resource/Costco,true
http://www.forbes.com/companies/foot-locker/,http://dbpedia.org/resource/Foot_Locker,true
http://www.forbes.com/companies/aurubis/,http://dbpedia.org/resource/Aurubis,true
http://www.forbes.com/companies/infosys/,http://dbpedia.org/resource/Infosys,true
http://www.forbes.com/companies/byd/,http://dbpedia.org/resource/BYD_Auto,false
http://www.forbes.com/companies/itv/,http://dbpedia.org/resource/ITV_Weather,true
http://www.forbes.com/companies/oracle/,http://dbpedia.org/resource/Agile_Software_Corporation,true
http://www.forbes.com/companies/tenaris/,http://dbpedia.org/resource/Tenaris,true
http://www.forbes.com/companies/jc-penney/,http://dbpedia.org/resource/J._C._Penney,true
http://www.forbes.com/companies/edf/,http://dbpedia.org/resource/%C3%89lectricit%C3%A9_de_France,true
http://www.forbes.com/companies/telus/,http://dbpedia.org/resource/Telus_TV,true
http://www.forbes.com/companies/fresenius/,http://dbpedia.org/resource/Fresenius_(company),true
http://www.forbes.com/companies/nitto-denko/,http://dbpedia.org/resource/Nitto_Denko,true
http://www.forbes.com/companies/nintendo/,http://dbpedia.org/resource/Nintendo,true
http://www.forbes.com/companies/neste-oil/,http://dbpedia.org/resource/Neste_Oil,true
http://www.forbes.com/companies/kasikornbank/,http://dbpedia.org/resource/Kasikornbank,true
http://www.forbes.com/companies/tractor-supply/,http://dbpedia.org/resource/Tractor_Supply_Company,true
http://www.forbes.com/companies/sino-land/,http://dbpedia.org/resource/Sino_Land,true
http://www.forbes.com/companies/akbank/,http://dbpedia.org/resource/Akbank,true
http://www.forbes.com/companies/stmicroelectronics/,http://dbpedia.org/resource/STMicroelectronics,true
http://www.forbes.com/companies/facebook/,http://dbpedia.org/resource/Ubisoft_Ukraine,false
http://www.forbes.com/companies/piraeus-bank/,http://dbpedia.org/resource/Piraeus_Bank,true
http://www.forbes.com/companies/viacom/,http://dbpedia.org/resource/Viacom_Media_Networks,true
http://www.forbes.com/companies/fmc/,http://dbpedia.org/resource/FMC_Corporation,true
http://www.forbes.com/companies/bouygues/,http://dbpedia.org/resource/Bouygues,true
http://www.forbes.com/companies/akzo-nobel/,http://dbpedia.org/resource/International_Paint,false
http://www.forbes.com/companies/citic-pacific/,http://dbpedia.org/resource/CITIC_Pacific,true
http://www.forbes.com/companies/colruyt/,http://dbpedia.org/resource/Colruyt_(supermarket),true
http://www.forbes.com/companies/motor-oil/,http://dbpedia.org/resource/Royal_Industries_Indonesia,false
http://www.forbes.com/companies/yandex-nv/,http://dbpedia.org/resource/Blendo_Games,false
http://www.forbes.com/companies/blackrock/,http://dbpedia.org/resource/Nuix,false
http://www.forbes.com/companies/zions-bancorp/,http://dbpedia.org/resource/Tecnomatix,false
http://www.forbes.com/companies/dow-chemical/,http://dbpedia.org/resource/Nyu_Media,false
http://www.forbes.com/companies/mcdonalds/,http://dbpedia.org/resource/Eglu,false
http://www.forbes.com/companies/credito-valtellinese/,http://dbpedia.org/resource/Xingye_Copper,false
http://www.forbes.com/companies/royal-caribbean-cruises/,http://dbpedia.org/resource/SuccessFactors,false
http://www.forbes.com/companies/dbs-group/,http://dbpedia.org/resource/Ice-Pick_Lodge,false
http://www.forbes.com/companies/bank-of-china/,http://dbpedia.org/resource/Guangzhou_Automobile_Group_Bus,false
http://www.forbes.com/companies/metso/,http://dbpedia.org/resource/Marine_Farms,false
http://www.forbes.com/companies/hdfc/,http://dbpedia.org/resource/ZF_Electronics,false
http://www.forbes.com/companies/almarai/,http://dbpedia.org/resource/Vix_Technology,false
http://www.forbes.com/companies/cic-group/,http://dbpedia.org/resource/SIRVA,false
http://www.forbes.com/companies/sysco/,http://dbpedia.org/resource/British_Insurance,false
http://www.forbes.com/companies/computer-sciences/,http://dbpedia.org/resource/Debauve_&_Gallais,false
http://www.forbes.com/companies/raymond-james-financial/,http://dbpedia.org/resource/Calidad_Pascual,false
http://www.forbes.com/companies/chang-hwa-bank/,http://dbpedia.org/resource/Fantastic_Films_(Ireland),false
http://www.forbes.com/companies/microsoft/,http://dbpedia.org/resource/Bank_of_Georgia,false
http://www.forbes.com/companies/goodyear/,http://dbpedia.org/resource/Arnoldo_Mondadori_Editore,false
http://www.forbes.com/companies/phillips-66/,http://dbpedia.org/resource/Ferrov%C3%ADas,false
http://www.forbes.com/companies/facebook/,http://dbpedia.org/resource/Rede_Energia,false
http://www.forbes.com/companies/united-rentals/,http://dbpedia.org/resource/Oceanic_Bank,false
http://www.forbes.com/companies/kering/,http://dbpedia.org/resource/Gretsch_Drums,false
http://www.forbes.com/companies/blackrock/,http://dbpedia.org/resource/Western_Refining,false
http://www.forbes.com/companies/bcv-group/,http://dbpedia.org/resource/Zandu_Realty,false
http://www.forbes.com/companies/metso/,http://dbpedia.org/resource/TOM'S,false
http://www.forbes.com/companies/kone/,http://dbpedia.org/resource/GOME_Electrical_Appliances,false
http://www.forbes.com/companies/falabella/,http://dbpedia.org/resource/Petitcollin,false
http://www.forbes.com/companies/sk-hynix/,http://dbpedia.org/resource/Sequoia_Capital,false
http://www.forbes.com/companies/sca/,http://dbpedia.org/resource/Psychiatric_Solutions,false
http://www.forbes.com/companies/hiroshima-bank/,http://dbpedia.org/resource/Sunetric,false
http://www.forbes.com/companies/cic-group/,http://dbpedia.org/resource/Quality_Nutrition_Technology,false
http://www.forbes.com/companies/land-securities-group/,http://dbpedia.org/resource/J._D._Power_and_Associates,false
http://www.forbes.com/companies/indian-bank/,http://dbpedia.org/resource/Rederij_Doeksen,false
http://www.forbes.com/companies/bank-mandiri/,http://dbpedia.org/resource/Estonian_ICT_Demo_Center,false
http://www.forbes.com/companies/punjab-national-bank/,http://dbpedia.org/resource/Polypure,false
http://www.forbes.com/companies/emerson-electric/,http://dbpedia.org/resource/El_Paso_Electric,false
http://www.forbes.com/companies/bunge/,http://dbpedia.org/resource/Bungie,false
http://www.forbes.com/companies/burberry-group/,http://dbpedia.org/resource/Beaver_Group,false
http://www.forbes.com/companies/hsbc-holdings/,http://dbpedia.org/resource/HMS_Holdings,false
http://www.forbes.com/companies/axa-group/,http://dbpedia.org/resource/Alfa_Group,false
http://www.forbes.com/companies/comcast/,http://dbpedia.org/resource/CPDcast,false
http://www.forbes.com/companies/nucor/,http://dbpedia.org/resource/NicOx,false
http://www.forbes.com/companies/sinohydro-group/,http://dbpedia.org/resource/Sunland_Group,false
http://www.forbes.com/companies/valeo/,http://dbpedia.org/resource/Vilko,false
http://www.forbes.com/companies/sempra-energy/,http://dbpedia.org/resource/Shenzhen_Energy,false
http://www.forbes.com/companies/tsingtao-brewery/,http://dbpedia.org/resource/Titanic_Brewery,false
http://www.forbes.com/companies/continental-resources/,http://dbpedia.org/resource/Continental_Hotels,true
http://www.forbes.com/companies/liberty-global/,http://dbpedia.org/resource/Liberty_Mutual,true
http://www.forbes.com/companies/petrofac/,http://dbpedia.org/resource/Petrobras,false
http://www.forbes.com/companies/sears-holdings/,http://dbpedia.org/resource/SCM_Holdings,false
http://www.forbes.com/companies/seagate-technology/,http://dbpedia.org/resource/Shavlik_Technologies,false
http://www.forbes.com/companies/altria-group/,http://dbpedia.org/resource/Alfa_Group,false
http://www.forbes.com/companies/societe-generale/,http://dbpedia.org/resource/Soci%C3%A9t%C3%A9_G%C3%A9n%C3%A9rale_Srbija,true
http://www.forbes.com/companies/ayala/,http://dbpedia.org/resource/Aryaka,false
http://www.forbes.com/companies/bank-of-yokohama/,http://dbpedia.org/resource/Bank_of_Florida,false
http://www.forbes.com/companies/principal-financial-group/,http://dbpedia.org/resource/Promontory_Financial_Group,false
http://www.forbes.com/companies/cheniere-energy/,http://dbpedia.org/resource/Champion_Energy,false
http://www.forbes.com/companies/google/,http://dbpedia.org/resource/Goojje,false
http://www.forbes.com/companies/ncc-group/,http://dbpedia.org/resource/NCO_Group,false
http://www.forbes.com/companies/metro-group/,http://dbpedia.org/resource/MVM_Group,false
http://www.forbes.com/companies/savola-group/,http://dbpedia.org/resource/Sage_Group,false
http://www.forbes.com/companies/aia-group/,http://dbpedia.org/resource/Aldo_Group,false
http://www.forbes.com/companies/arab-bank/,http://dbpedia.org/resource/Aareal_Bank,false
http://www.forbes.com/companies/baloise-group/,http://dbpedia.org/resource/Briscoe_Group,false
http://www.forbes.com/companies/petrofac/,http://dbpedia.org/resource/PetroIran,false
http://www.forbes.com/companies/doha-bank/,http://dbpedia.org/resource/DHB_Bank,false
http://www.forbes.com/companies/skf-group/,http://dbpedia.org/resource/SemGroup,false
http://www.forbes.com/companies/citigroup/,http://dbpedia.org/resource/CTLGroup,false
http://www.forbes.com/companies/bank-of-nanjing/,http://dbpedia.org/resource/Bank_of_China,false
http://www.forbes.com/companies/sumitomo-electric/,http://dbpedia.org/resource/Shihlin_Electric,false
http://www.forbes.com/companies/tele2/,http://dbpedia.org/resource/Taleo,false
http://www.forbes.com/companies/bank-of-yokohama/,http://dbpedia.org/resource/Bank_of_Jordan,false
http://www.forbes.com/companies/ioi-group/,http://dbpedia.org/resource/ICT_Group,false
http://www.forbes.com/companies/awa-bank/,http://dbpedia.org/resource/Alpha_Bank,false
http://www.forbes.com/companies/dentsu/,http://dbpedia.org/resource/Dentsply,false
http://www.forbes.com/companies/gpt-group/,http://dbpedia.org/resource/Ghost_Group,false
http://www.forbes.com/companies/lear/,http://dbpedia.org/resource/Lefax,false
http://www.forbes.com/companies/unicredit-group/,http://dbpedia.org/resource/Unite_Group,false
http://www.forbes.com/companies/ameriprise-financial/,http://dbpedia.org/resource/Astoria_Financial,false
http://www.forbes.com/companies/magnit/,http://dbpedia.org/resource/Magix,false
http://www.forbes.com/companies/international-airlines/,http://dbpedia.org/resource/International_Power,false
http://www.forbes.com/companies/denso/,http://dbpedia.org/resource/Dents,false
http://www.forbes.com/companies/partnerre/,http://dbpedia.org/resource/PartSource,false
http://www.forbes.com/companies/bank-of-iwate/,http://dbpedia.org/resource/Bank_of_Khyber,false
http://www.forbes.com/companies/dte-energy/,http://dbpedia.org/resource/DONG_Energy,false
http://www.forbes.com/companies/airgas/,http://dbpedia.org/resource/Aicas,false
http://www.forbes.com/companies/skf-group/,http://dbpedia.org/resource/Saga_Group,false
http://www.forbes.com/companies/american-airlines-group/,http://dbpedia.org/resource/Americas'_SAP_Users'_Group,false
http://www.forbes.com/companies/coal-india/,http://dbpedia.org/resource/Coal_India,true
http://www.forbes.com/companies/kubota/,http://dbpedia.org/resource/Kubota,true
http://www.forbes.com/companies/a2a/,http://dbpedia.org/resource/A2A,true
http://www.forbes.com/companies/cp-all/,http://dbpedia.org/resource/CP_ALL,true
http://www.forbes.com/companies/siam-cement/,http://dbpedia.org/resource/Siam_Cement,true
http://www.forbes.com/companies/gpt-group/,http://dbpedia.org/resource/GPT_Group,true
http://www.forbes.com/companies/sumitomo-chemical/,http://dbpedia.org/resource/Sumitomo_Chemical,true
http://www.forbes.com/companies/tsingtao-brewery/,http://dbpedia.org/resource/Tsingtao_Brewery,true
http://www.forbes.com/companies/alcatel-lucent/,http://dbpedia.org/resource/Alcatel-Lucent,true
http://www.forbes.com/companies/garanti-bank/,http://dbpedia.org/resource/Garanti_Bank,true
http://www.forbes.com/companies/barrick-gold/,http://dbpedia.org/resource/Barrick_Gold,true
http://www.forbes.com/companies/shui-on-land/,http://dbpedia.org/resource/Shui_On_Land,true
http://www.forbes.com/companies/jiangxi-copper/,http://dbpedia.org/resource/Jiangxi_Copper,true
http://www.forbes.com/companies/zenith-bank/,http://dbpedia.org/resource/Zenith_Bank,true
http://www.forbes.com/companies/china-merchants-bank/,http://dbpedia.org/resource/China_Merchants_Bank,true
http://www.forbes.com/companies/toshiba/,http://dbpedia.org/resource/Toshiba,true
http://www.forbes.com/companies/huadian-power-international/,http://dbpedia.org/resource/Huadian_Power_International,true
http://www.forbes.com/companies/alinma-bank/,http://dbpedia.org/resource/Alinma_Bank,true
http://www.forbes.com/companies/weichai-power/,http://dbpedia.org/resource/Weichai_Power,true
http://www.forbes.com/companies/swisscom/,http://dbpedia.org/resource/Swisscom,true
http://www.forbes.com/companies/pkn-orlen/,http://dbpedia.org/resource/PKN_Orlen,true
http://www.forbes.com/companies/haitong-securities/,http://dbpedia.org/resource/Haitong_Securities,true
http://www.forbes.com/companies/otp-bank/,http://dbpedia.org/resource/OTP_Bank,true
http://www.forbes.com/companies/china-communications-construction/,http://dbpedia.org/resource/China_Communications_Construction,true
http://www.forbes.com/companies/citic-securities/,http://dbpedia.org/resource/CITIC_Securities,true
http://www.forbes.com/companies/israel-discount-bank/,http://dbpedia.org/resource/Israel_Discount_Bank,true
http://www.forbes.com/companies/monster-beverage/,http://dbpedia.org/resource/Monster_Beverage,true
http://www.forbes.com/companies/symantec/,http://dbpedia.org/resource/Symantec,true
http://www.forbes.com/companies/pioneer-natural-resources/,http://dbpedia.org/resource/Pioneer_Natural_Resources,true
http://www.forbes.com/companies/cabot-oil-gas/,http://dbpedia.org/resource/Cabot_Oil_&_Gas,true
http://www.forbes.com/companies/sempra-energy/,http://dbpedia.org/resource/Sempra_Energy,true
http://www.forbes.com/companies/dish-network/,http://dbpedia.org/resource/Dish_Network,true
http://www.forbes.com/companies/cincinnati-financial/,http://dbpedia.org/resource/Cincinnati_Financial,true
http://www.forbes.com/companies/keurig-green-mountain/,http://dbpedia.org/resource/Keurig_Green_Mountain,true
http://www.forbes.com/companies/hanjin-shipping/,http://dbpedia.org/resource/Hanjin_Shipping,true
http://www.forbes.com/companies/norilsk-nickel/,http://dbpedia.org/resource/Norilsk_Nickel,true
http://www.forbes.com/companies/weir-group/,http://dbpedia.org/resource/Weir_Group,true
http://www.forbes.com/companies/anhui-conch-cement/,http://dbpedia.org/resource/Anhui_Conch_Cement_Company,true
http://www.forbes.com/companies/wuhan-iron-steel/,http://dbpedia.org/resource/Wuhan_Iron_and_Steel,true
http://www.forbes.com/companies/hebei-iron-steel/,http://dbpedia.org/resource/Hebei_Iron_and_Steel,true
http://www.forbes.com/companies/china-railway-construction/,http://dbpedia.org/resource/China_Railway_Construction_Corporation,true
http://www.forbes.com/companies/evergrande-real-estate/,http://dbpedia.org/resource/Evergrande_Real_Estate_Group,true
http://www.forbes.com/companies/korea-electric-power/,http://dbpedia.org/resource/Korea_Electric_Power_Corporation,true
http://www.forbes.com/companies/dongfeng-motor-group/,http://dbpedia.org/resource/Dongfeng_Motor,false
http://www.forbes.com/companies/power-finance/,http://dbpedia.org/resource/Power_Finance_Corporation,true
http://www.forbes.com/companies/crown-holdings/,http://dbpedia.org/resource/Crown_Media_Holdings,true
http://www.forbes.com/companies/crown-castle-international/,http://dbpedia.org/resource/Crown_International,true
http://www.forbes.com/companies/wells-fargo/,http://dbpedia.org/resource/Wells_Fargo_Advisors,false
http://www.forbes.com/companies/pou-chen/,http://dbpedia.org/resource/Pou_Chen_Corporation,true
http://www.forbes.com/companies/balfour-beatty/,http://dbpedia.org/resource/Balfour_Beatty_Construction,true
http://www.forbes.com/companies/sino-land/,http://dbpedia.org/resource/Sino-Ocean_Land,false
http://www.forbes.com/companies/bae-systems/,http://dbpedia.org/resource/BAE_Systems_Australia,false
http://www.forbes.com/companies/a2a/,http://dbpedia.org/resource/A2SEA,false
http://www.forbes.com/companies/alpha-bank/,http://dbpedia.org/resource/Alpha_Bank_Srbija,false
http://www.forbes.com/companies/alpha-bank/,http://dbpedia.org/resource/Alpha_Bank_Skopje,false
http://www.forbes.com/companies/mcdonalds/,http://dbpedia.org/resource/McDonald's_Canada,false
http://www.forbes.com/companies/abu-dhabi-islamic-bank/,http://dbpedia.org/resource/Abu_Dhabi_Commercial_Bank,false
http://www.forbes.com/companies/hong-kong-exchanges/,http://dbpedia.org/resource/Hong_Kong_Exchanges_and_Clearing,true
http://www.forbes.com/companies/national-bank-of-canada/,http://dbpedia.org/resource/National_Bank_of_Uzbekistan,false
http://www.forbes.com/companies/national-bank-of-kuwait/,http://dbpedia.org/resource/National_Bank_of_Bahrain,false
http://www.forbes.com/companies/china-merchants-bank/,http://dbpedia.org/resource/China_Construction_Bank,false
http://www.forbes.com/companies/taisei/,http://dbpedia.org/resource/Taisei_Corporation,true
http://www.forbes.com/companies/china-citic-bank/,http://dbpedia.org/resource/China_Construction_Bank,false
http://www.forbes.com/companies/china-merchants-bank/,http://dbpedia.org/resource/China_CITIC_Bank,false
http://www.forbes.com/companies/great-wall-motor/,http://dbpedia.org/resource/Great_Wall_Motors,true
http://www.forbes.com/companies/bank-of-china/,http://dbpedia.org/resource/Bank_of_Beijing,false
http://www.forbes.com/companies/ace/,http://dbpedia.org/resource/ACE_Limited,true
http://www.forbes.com/companies/pgnig-group/,http://dbpedia.org/resource/PGNiG,true
http://www.forbes.com/companies/china-merchants-property/,http://dbpedia.org/resource/China_SCE_Property,false
http://www.forbes.com/companies/teva-pharmaceutical/,http://dbpedia.org/resource/Teva_Pharmaceutical_Industries,true
http://www.forbes.com/companies/financial-street-holdings/,http://dbpedia.org/resource/Financial_Street_Holding,true
http://www.forbes.com/companies/atlantia/,http://dbpedia.org/resource/Atlantia_(company),true
http://www.forbes.com/companies/wendel/,http://dbpedia.org/resource/Wendel_(group),true
http://www.forbes.com/companies/guangzhou-automobile/,http://dbpedia.org/resource/Guangzhou_Automobile_Industry_Group,false
http://www.forbes.com/companies/petronas-chemicals/,http://dbpedia.org/resource/Petronas,true
http://www.forbes.com/companies/china-railway-construction/,http://dbpedia.org/resource/China_Construction_Bank,false
http://www.forbes.com/companies/china-hongqiao-group/,http://dbpedia.org/resource/China_Shipping_Group,false
http://www.forbes.com/companies/mitsubishi-ufj-lease/,http://dbpedia.org/resource/Mitsubishi_UFJ_NICOS,true
http://www.forbes.com/companies/woolworths/,http://dbpedia.org/resource/Woolworths_Limited,true
http://www.forbes.com/companies/bank-of-nanjing/,http://dbpedia.org/resource/Bank_of_Ningbo,false
http://www.forbes.com/companies/stockland-australia/,http://dbpedia.org/resource/Stockland,true
http://www.forbes.com/companies/mahindra-mahindra/,http://dbpedia.org/resource/Mahindra_EPC,true
http://www.forbes.com/companies/toho-holdings/,http://dbpedia.org/resource/Toho,true
http://www.forbes.com/companies/thales/,http://dbpedia.org/resource/Thales_Group,true
http://www.forbes.com/companies/andhra-bank/,http://dbpedia.org/resource/Andhra_Pragathi_Grameena_Bank,false
http://www.forbes.com/companies/hang-lung-group/,http://dbpedia.org/resource/Hang_Lung_Properties,true
http://www.forbes.com/companies/bank-of-communications/,http://dbpedia.org/resource/Bank_of_Ningbo,false
http://www.forbes.com/companies/cbs/,http://dbpedia.org/resource/CBS_Radio,true
http://www.forbes.com/companies/guangzhou-automobile/,http://dbpedia.org/resource/GAC_Group,true