id1,id2,score
http://dbpedia.org/resource/Horizon_Fuel_Cell_Technologies,fullcontact_981,0.9969090819358826
http://dbpedia.org/resource/TradeGecko,fullcontact_1104,0.9969090819358826
http://dbpedia.org/resource/Dubai_Holding,fullcontact_1729,0.9868479371070862
http://dbpedia.org/resource/Izenpe,fullcontact_1162,0.98775315284729
http://dbpedia.org/resource/JASCO_Applied_Sciences,fullcontact_1498,0.9885342717170715
http://dbpedia.org/resource/DMZGlobal,fullcontact_1438,0.9912376999855042
http://dbpedia.org/resource/Wistron_Corporation,fullcontact_823,0.9885342717170715
http://dbpedia.org/resource/Schott_NYC,fullcontact_977,0.9889744520187378
http://dbpedia.org/resource/CITIC_Pacific,fullcontact_214,0.9855725169181824
http://dbpedia.org/resource/Konarka_Technologies,fullcontact_1055,0.99461430311203
http://dbpedia.org/resource/Marimekko,fullcontact_1713,0.9870306849479675
http://dbpedia.org/resource/Viewzi,fullcontact_1870,0.9946150183677673
"http://dbpedia.org/resource/Press_Pass,_Inc.",fullcontact_1057,0.994503378868103
http://dbpedia.org/resource/112dB,fullcontact_1558,0.9893175959587097
http://dbpedia.org/resource/Umbrella_Worldwide_Corporation,fullcontact_1153,0.9945372939109802
http://dbpedia.org/resource/Petro_Rabigh,fullcontact_583,0.9969090819358826
http://dbpedia.org/resource/Blimpie,fullcontact_1740,0.990545392036438
http://dbpedia.org/resource/Telehouse_Europe,fullcontact_1373,0.9969090819358826
http://dbpedia.org/resource/Axiom_Films,fullcontact_1431,0.9969090819358826
http://dbpedia.org/resource/AbbottVision,fullcontact_1133,0.9969090819358826
http://dbpedia.org/resource/Rosneft,fullcontact_631,0.9885342717170715
http://dbpedia.org/resource/Walden_Media,fullcontact_960,0.9938892126083374
http://dbpedia.org/resource/Southeast_Bank_Limited,fullcontact_1101,0.9969090819358826
http://dbpedia.org/resource/Westinghouse_Electric_Company,fullcontact_908,0.9949111342430115
http://dbpedia.org/resource/Brookfield_Asset_Management,fullcontact_172,0.9948838353157043
http://dbpedia.org/resource/Nordeus,fullcontact_1041,0.9969090819358826
http://dbpedia.org/resource/River_Island,fullcontact_1522,0.9969090819358826
http://dbpedia.org/resource/Christie's,fullcontact_1443,0.9969090819358826
http://dbpedia.org/resource/VimpelCom_Ltd.,fullcontact_795,0.9969090819358826
http://dbpedia.org/resource/Assetline,fullcontact_1125,0.9679745435714722
http://dbpedia.org/resource/Onefinestay,fullcontact_1791,0.9969090819358826
http://dbpedia.org/resource/Pacha_Group,fullcontact_1653,0.9962568283081055
http://dbpedia.org/resource/50Hertz_Transmission_GmbH,fullcontact_1863,0.9820968508720398
http://dbpedia.org/resource/Byron_Hamburgers,fullcontact_1212,0.9966915845870972
http://dbpedia.org/resource/Capgemini,fullcontact_188,0.9969090819358826
http://dbpedia.org/resource/Forbes_&_Company_Ltd.,fullcontact_1108,0.5192291140556335
http://dbpedia.org/resource/Global_Arab_Network,fullcontact_1281,0.9969090819358826
http://dbpedia.org/resource/Stanley_Park_Ecology_Society,fullcontact_1654,0.9936562180519104
http://dbpedia.org/resource/Baby_Cow_Productions,fullcontact_1536,0.9969090819358826
http://dbpedia.org/resource/EKOS_Research_Associates,fullcontact_1472,0.988465428352356
http://dbpedia.org/resource/Money_Mart,fullcontact_1765,0.9311802387237549
http://dbpedia.org/resource/EVS_Broadcast_Equipment,fullcontact_1452,0.9802676439285278
http://dbpedia.org/resource/RiT_Technologies,fullcontact_892,0.9965358972549438
http://dbpedia.org/resource/Zeus_Mortgage,fullcontact_1561,0.9966915845870972
http://dbpedia.org/resource/Aecon,fullcontact_1567,0.9969090819358826
http://dbpedia.org/resource/Proenza_Schouler,fullcontact_1858,0.9935551285743713
http://dbpedia.org/resource/Kiddiepunk,fullcontact_1905,0.9969090819358826
http://dbpedia.org/resource/Mitsubishi_Corporation,fullcontact_513,0.9945927262306213
http://dbpedia.org/resource/Marsh_&_McLennan_Companies,fullcontact_888,0.9948050379753113
http://dbpedia.org/resource/Foot_Locker,fullcontact_326,0.9935551285743713
http://dbpedia.org/resource/Linguascope,fullcontact_1803,0.9942033886909485
http://dbpedia.org/resource/Soci%C3%A9t%C3%A9_G%C3%A9n%C3%A9rale_Srbija,fullcontact_1880,0.806323230266571
http://dbpedia.org/resource/Unibail-Rodamco,fullcontact_769,0.9969090819358826
http://dbpedia.org/resource/Holland_&_Holland,fullcontact_1220,0.9969090819358826
http://dbpedia.org/resource/MAPNA_Group,fullcontact_1122,0.995945394039154
http://dbpedia.org/resource/Saks_Fifth_Avenue,fullcontact_1213,0.9935551285743713
http://dbpedia.org/resource/Wesdome_Gold_Mines,fullcontact_1529,0.9966915845870972
http://dbpedia.org/resource/Inter_RAO,fullcontact_424,0.9969090819358826
http://dbpedia.org/resource/Attentio,fullcontact_1368,0.9969090819358826
http://dbpedia.org/resource/Shake_Shack,fullcontact_1099,0.9935551285743713
http://dbpedia.org/resource/Asprey,fullcontact_1683,0.9969090819358826
http://dbpedia.org/resource/National_Bank_of_Bahrain,fullcontact_1479,0.9969090819358826
http://dbpedia.org/resource/LG_Display,fullcontact_477,0.9918878674507141
http://dbpedia.org/resource/PPG_Industries,fullcontact_7,0.9966915845870972
http://dbpedia.org/resource/Mutual_of_Omaha,fullcontact_1343,0.9794491529464722
http://dbpedia.org/resource/Betaworks,fullcontact_1369,0.996727705001831
http://dbpedia.org/resource/Mercantile_Discount_Bank,fullcontact_1537,0.9563803672790527
http://dbpedia.org/resource/Spyker_Cars,fullcontact_1666,0.9969090819358826
http://dbpedia.org/resource/Boylan_Bottling_Company,fullcontact_1663,0.7915436029434204
http://dbpedia.org/resource/Appcelerator,fullcontact_1872,0.9902200102806091
http://dbpedia.org/resource/Texas_de_Brazil,fullcontact_1796,0.9969090819358826
http://dbpedia.org/resource/Wix.com,fullcontact_825,0.9969090819358826
http://dbpedia.org/resource/Wix.com,fullcontact_824,0.9969090819358826
http://dbpedia.org/resource/Wix.com,fullcontact_985,0.9969090819358826
http://dbpedia.org/resource/Encore_Capital_Group,fullcontact_925,0.9969090819358826
http://dbpedia.org/resource/Mitsubishi_UFJ_Financial_Group,fullcontact_1589,0.9820968508720398
http://dbpedia.org/resource/Hong_Kong_Exchanges_and_Clearing,fullcontact_1078,0.9726890921592712
http://dbpedia.org/resource/Schindler_Group,fullcontact_652,0.9969090819358826
http://dbpedia.org/resource/Bank_of_Beijing,fullcontact_852,0.9553858637809753
http://dbpedia.org/resource/Landis+Gyr,fullcontact_1486,0.9969090819358826
http://dbpedia.org/resource/Developing_Minds_Software,fullcontact_998,0.9935904741287231
http://dbpedia.org/resource/Manitoba_Hydro,fullcontact_886,0.9933835864067078
http://dbpedia.org/resource/Anyoption,fullcontact_1138,0.9969090819358826
http://dbpedia.org/resource/DHX_Media,fullcontact_1039,0.9942618608474731
http://dbpedia.org/resource/Kasikornbank,fullcontact_449,0.9328390955924988
http://dbpedia.org/resource/Walt_Disney_Animation_Studios,fullcontact_1256,0.9936562180519104
http://dbpedia.org/resource/Bahrain_Petroleum_Company,fullcontact_1819,0.9820968508720398
http://dbpedia.org/resource/Italdesign_Giugiaro,fullcontact_1515,0.9966965913772583
http://dbpedia.org/resource/Metso,fullcontact_508,0.9969090819358826
http://dbpedia.org/resource/Lundin_Mining,fullcontact_1681,0.9905608296394348
http://dbpedia.org/resource/Hexaglobe,fullcontact_1361,0.9969090819358826
http://dbpedia.org/resource/DCI_Group,fullcontact_1033,0.9966915845870972
http://dbpedia.org/resource/Bouygues,fullcontact_165,0.9886364340782166
http://dbpedia.org/resource/Mechel,fullcontact_499,0.9969090819358826
http://dbpedia.org/resource/Siskel/Jacobs_Productions,fullcontact_1564,0.9969090819358826
http://dbpedia.org/resource/Bare_Oaks_Family_Naturist_Park,fullcontact_1595,0.982968270778656
http://dbpedia.org/resource/EllisDon,fullcontact_1547,0.9941430687904358
http://dbpedia.org/resource/Casengo,fullcontact_1130,0.9969090819358826
http://dbpedia.org/resource/David_Suzuki_Foundation,fullcontact_949,0.9942033886909485
http://dbpedia.org/resource/Lark_Technologies,fullcontact_929,0.9920392036437988
http://dbpedia.org/resource/SkyWave_Mobile_Communications,fullcontact_1585,0.9944327473640442
http://dbpedia.org/resource/Grundig_Business_Systems,fullcontact_1054,0.9331119060516357
http://dbpedia.org/resource/Alpha_Bank,fullcontact_80,0.9969090819358826
http://dbpedia.org/resource/VJ_Movement,fullcontact_1406,0.9934315085411072
http://dbpedia.org/resource/Central_1_Credit_Union,fullcontact_1044,0.9942033886909485
http://dbpedia.org/resource/Interislander,fullcontact_1798,0.9969090819358826
http://dbpedia.org/resource/Noble_Energy,fullcontact_1881,0.9966915845870972
http://dbpedia.org/resource/STMicroelectronics,fullcontact_695,0.9969090819358826
http://dbpedia.org/resource/Setanta_Sports,fullcontact_1241,0.989876925945282
http://dbpedia.org/resource/Genetec,fullcontact_1603,0.9966915845870972
http://dbpedia.org/resource/DTEK,fullcontact_1035,0.9584473371505737
http://dbpedia.org/resource/Marathon_Oil,fullcontact_1215,0.973504900932312
http://dbpedia.org/resource/CBS_Radio,fullcontact_1437,0.9935551285743713
http://dbpedia.org/resource/Sears_Israel,fullcontact_1685,0.9969090819358826
http://dbpedia.org/resource/Moody's_Analytics,fullcontact_926,0.9871312975883484
http://dbpedia.org/resource/Teva_Active_Pharmaceutical_Ingredients_(TAPI),fullcontact_1495,0.8996140956878662
http://dbpedia.org/resource/Apple_Inc.,fullcontact_102,0.994503378868103
http://dbpedia.org/resource/Kontor_Records,fullcontact_1021,0.9969090819358826
http://dbpedia.org/resource/Ginetta_Cars,fullcontact_1106,0.9888340830802917
http://dbpedia.org/resource/Bavaria_Yachtbau,fullcontact_955,0.9787694215774536
http://dbpedia.org/resource/Martin_Professional,fullcontact_1223,0.9969090819358826
http://dbpedia.org/resource/Sharp_HealthCare,fullcontact_662,0.9969090819358826
http://dbpedia.org/resource/Welspun_Group,fullcontact_1868,0.9879376292228699
http://dbpedia.org/resource/Nortel,fullcontact_1180,0.9571863412857056
http://dbpedia.org/resource/BRB_Internacional,fullcontact_859,0.9896528124809265
http://dbpedia.org/resource/Parker_Hannifin,fullcontact_574,0.9941645264625549
http://dbpedia.org/resource/The_J._Peterman_Company,fullcontact_1463,0.9820968508720398
http://dbpedia.org/resource/Encana,fullcontact_290,0.9832624197006226
http://dbpedia.org/resource/Sage_Group,fullcontact_1296,0.9969090819358826
http://dbpedia.org/resource/21st_Century_Fox,fullcontact_1261,0.9948050379753113
http://dbpedia.org/resource/Lithium_Technologies,fullcontact_976,0.9969090819358826
http://dbpedia.org/resource/Chesapeake_Bay_Foundation,fullcontact_1316,0.9942033886909485
http://dbpedia.org/resource/Leister_Technologies,fullcontact_1691,0.9878398776054382
http://dbpedia.org/resource/TransCanada_Corporation,fullcontact_754,0.9969090819358826
http://dbpedia.org/resource/Clariant,fullcontact_218,0.9969090819358826
http://dbpedia.org/resource/WeeWorld,fullcontact_1023,0.9969090819358826
http://dbpedia.org/resource/First_Calgary_Financial,fullcontact_1009,0.9820968508720398
http://dbpedia.org/resource/Pescanova,fullcontact_1111,0.9884005784988403
http://dbpedia.org/resource/ClickSoftware_Technologies,fullcontact_1752,0.9961357116699219
http://dbpedia.org/resource/Tata_Elxsi,fullcontact_1148,0.9938915967941284
http://dbpedia.org/resource/Vestas,fullcontact_793,0.9969090819358826
http://dbpedia.org/resource/Applied_Maths,fullcontact_1414,0.9969090819358826
http://dbpedia.org/resource/Supermercados_Peruanos,fullcontact_1782,0.9855725169181824
http://dbpedia.org/resource/Tekserve,fullcontact_1698,0.996727705001831
http://dbpedia.org/resource/O2_(United_Kingdom),fullcontact_1237,0.7968101501464844
http://dbpedia.org/resource/Byyd,fullcontact_1623,0.9969090819358826
http://dbpedia.org/resource/General_Growth_Properties,fullcontact_352,0.9969090819358826
http://dbpedia.org/resource/Infosys,fullcontact_418,0.9933469295501709
http://dbpedia.org/resource/Storage_Made_Easy,fullcontact_1242,0.9955343008041382
http://dbpedia.org/resource/The_Media_Kitchen,fullcontact_1960,0.9936439990997314
http://dbpedia.org/resource/Oanda_Corporation,fullcontact_1608,0.9969090819358826
http://dbpedia.org/resource/Synology_Inc.,fullcontact_1910,0.9924073815345764
http://dbpedia.org/resource/EWOS,fullcontact_1061,0.9695025086402893
http://dbpedia.org/resource/A._Eicoff_&_Company,fullcontact_1929,0.9820968508720398
http://dbpedia.org/resource/Platinum_Studios,fullcontact_1598,0.9969090819358826
http://dbpedia.org/resource/Groupe_SEB,fullcontact_362,0.9965088963508606
http://dbpedia.org/resource/The_MobileStore,fullcontact_1591,0.9966965913772583
http://dbpedia.org/resource/Thrush_Aircraft,fullcontact_1264,0.9948050379753113
http://dbpedia.org/resource/Peroni_S.p.A.,fullcontact_1499,0.6217525601387024
http://dbpedia.org/resource/Reliance_MediaWorks,fullcontact_1396,0.945799708366394
http://dbpedia.org/resource/LEVEL_Studios,fullcontact_1398,0.9936209321022034
http://dbpedia.org/resource/John_Paul_Mitchell_Systems,fullcontact_1725,0.9820968508720398
http://dbpedia.org/resource/Dairylea_Cooperative_Inc.,fullcontact_934,0.5795219540596008
http://dbpedia.org/resource/NanoScale_Corporation,fullcontact_1845,0.9942033886909485
http://dbpedia.org/resource/BeGood_Clothing,fullcontact_1191,0.9969090819358826
http://dbpedia.org/resource/AdvoCare,fullcontact_1115,0.9964975714683533
http://dbpedia.org/resource/SteelSeries,fullcontact_1068,0.9887071847915649
http://dbpedia.org/resource/Exelon,fullcontact_1541,0.9936562180519104
http://dbpedia.org/resource/Gerber_Life_Insurance_Company,fullcontact_1284,0.9865493178367615
http://dbpedia.org/resource/Luxoft,fullcontact_1889,0.9969090819358826
http://dbpedia.org/resource/Alcatel-Lucent,fullcontact_68,0.9864106774330139
http://dbpedia.org/resource/Privateer_Holdings,fullcontact_1188,0.9820968508720398
http://dbpedia.org/resource/Bettcher_Industries,fullcontact_1895,0.9820968508720398
http://dbpedia.org/resource/D-Box_Technologies,fullcontact_1506,0.9966915845870972
http://dbpedia.org/resource/ICE_-_International_Currency_Exchange,fullcontact_967,0.990919828414917
http://dbpedia.org/resource/Hyundai_Steel,fullcontact_405,0.9885828495025635
http://dbpedia.org/resource/IGM_Financial,fullcontact_1280,0.9933835864067078
http://dbpedia.org/resource/TSB_Bank_(United_Kingdom),fullcontact_909,0.7667746543884277
http://dbpedia.org/resource/Falkland_Oil_and_Gas,fullcontact_1569,0.9820968508720398
http://dbpedia.org/resource/Banter_Media,fullcontact_1801,0.9924073815345764
http://dbpedia.org/resource/Inq_Mobile,fullcontact_1160,0.9969090819358826
http://dbpedia.org/resource/Framepool,fullcontact_1958,0.9933835864067078
http://dbpedia.org/resource/Andritz_AG,fullcontact_96,0.9924073815345764
http://dbpedia.org/resource/Karbonn_Mobiles,fullcontact_1951,0.9820968508720398
http://dbpedia.org/resource/Citrix_Systems,fullcontact_216,0.9098361134529114
http://dbpedia.org/resource/Audiokinetic,fullcontact_1606,0.9966915845870972
http://dbpedia.org/resource/SmartDrive_Systems,fullcontact_1000,0.7289100289344788
http://dbpedia.org/resource/Gerber_Products_Company,fullcontact_1282,0.9964975714683533
http://dbpedia.org/resource/Roots_Canada,fullcontact_1678,0.8926555514335632
http://dbpedia.org/resource/Jacobs_Engineering_Group,fullcontact_1327,0.9739712476730347
http://dbpedia.org/resource/General_Motors_South_Africa,fullcontact_1172,0.9375653266906738
http://dbpedia.org/resource/General_Motors_South_Africa,fullcontact_356,0.9375653266906738
http://dbpedia.org/resource/Gilat_Satellite_Networks,fullcontact_1727,0.9331119060516357
http://dbpedia.org/resource/News_Corp,fullcontact_1642,0.6523007750511169
http://dbpedia.org/resource/Zenith_Bank,fullcontact_1345,0.9820968508720398
http://dbpedia.org/resource/Qinetiq,fullcontact_1646,0.9942033886909485
http://dbpedia.org/resource/S&P_Capital_IQ,fullcontact_1944,0.996727705001831
http://dbpedia.org/resource/Riverbed_Technology,fullcontact_1022,0.8544843792915344
http://dbpedia.org/resource/Fluid_Operations,fullcontact_1934,0.9969090819358826
http://dbpedia.org/resource/Wade_Ceramics,fullcontact_911,0.9566677212715149
http://dbpedia.org/resource/Sime_Darby,fullcontact_675,0.9820968508720398
http://dbpedia.org/resource/Eutechnyx,fullcontact_1750,0.9888340830802917
http://dbpedia.org/resource/Richemont,fullcontact_625,0.9820968508720398
http://dbpedia.org/resource/CSX_Corporation,fullcontact_244,0.9969090819358826
http://dbpedia.org/resource/James_Coney_Island,fullcontact_973,0.9966915845870972
http://dbpedia.org/resource/Comarch,fullcontact_1707,0.9969090819358826
http://dbpedia.org/resource/Haggar_Clothing,fullcontact_1658,0.9925643801689148
http://dbpedia.org/resource/NCR_Corporation,fullcontact_530,0.9943792223930359
http://dbpedia.org/resource/Nextel_Communications,fullcontact_1568,0.9820968508720398
http://dbpedia.org/resource/Beckhoff,fullcontact_1092,0.9247593879699707
http://dbpedia.org/resource/Brenntag,fullcontact_169,0.9942033886909485
http://dbpedia.org/resource/Intermountain_Healthcare,fullcontact_1462,0.9964975714683533
http://dbpedia.org/resource/Gertrude_Hawk_Chocolates,fullcontact_1050,0.9942033886909485
http://dbpedia.org/resource/Macquarie_Infrastructure_Company,fullcontact_1386,0.7078768610954285
http://dbpedia.org/resource/Corsica_Ferries_-_Sardinia_Ferries,fullcontact_1639,0.7257775068283081
http://dbpedia.org/resource/Hoshino_Gakki,fullcontact_1682,0.9486945867538452
http://dbpedia.org/resource/Elite_Systems,fullcontact_1228,0.9969090819358826
http://dbpedia.org/resource/JETT_customer_experience,fullcontact_1887,0.9918878674507141
http://dbpedia.org/resource/FMC_Corporation,fullcontact_324,0.9969090819358826
http://dbpedia.org/resource/Assurant,fullcontact_113,0.9942618608474731
"http://dbpedia.org/resource/The_Leela_Palaces,_Hotels_and_Resorts",fullcontact_1856,0.970192015171051
http://dbpedia.org/resource/Rewards_Network,fullcontact_1093,0.9969090819358826
http://dbpedia.org/resource/NewDealDesign,fullcontact_1939,0.9966915845870972
http://dbpedia.org/resource/AltaLink,fullcontact_1766,0.9969090819358826
http://dbpedia.org/resource/Somtel,fullcontact_1120,0.9969090819358826
http://dbpedia.org/resource/OPSWAT,fullcontact_1362,0.9966915845870972
http://dbpedia.org/resource/Swiss_Mergers_and_Acquisitions,fullcontact_1185,0.9764976501464844
http://dbpedia.org/resource/Quicksilver_Ventures,fullcontact_1375,0.9966915845870972
http://dbpedia.org/resource/Fortum,fullcontact_327,0.9969090819358826
http://dbpedia.org/resource/Archway_Cookies,fullcontact_1508,0.9903201460838318
http://dbpedia.org/resource/Cage_Fury_Fighting_Championships,fullcontact_1413,0.996727705001831
http://dbpedia.org/resource/Jeremy_Rogers_Limited,fullcontact_1788,0.9969090819358826
http://dbpedia.org/resource/WorldPay,fullcontact_1903,0.9969090819358826
http://dbpedia.org/resource/Foxconn,fullcontact_1084,0.8665412664413452
http://dbpedia.org/resource/Banpresto,fullcontact_1719,0.9820968508720398
http://dbpedia.org/resource/Rentech,fullcontact_1790,0.9328390955924988
http://dbpedia.org/resource/Baystate_Health,fullcontact_1526,0.9928387999534607
http://dbpedia.org/resource/Baystate_Health,fullcontact_1543,0.9928387999534607
http://dbpedia.org/resource/Fotolia,fullcontact_1371,0.996727705001831
http://dbpedia.org/resource/Volkswagen_Group,fullcontact_802,0.9969090819358826
http://dbpedia.org/resource/Inteliment,fullcontact_1757,0.921101450920105
http://dbpedia.org/resource/Nokia,fullcontact_545,0.9153226613998413
http://dbpedia.org/resource/Cameron_Mitchell_Restaurants,fullcontact_1320,0.9964975714683533
http://dbpedia.org/resource/The_Mosaic_Company,fullcontact_1294,0.9929505586624146
http://dbpedia.org/resource/Hecla_Mining,fullcontact_968,0.9820968508720398
http://dbpedia.org/resource/Iridium_Communications,fullcontact_860,0.9893175959587097
http://dbpedia.org/resource/Dawes_Cycles,fullcontact_1657,0.9820968508720398
http://dbpedia.org/resource/Annapurna_Studios,fullcontact_1722,0.9938061237335205
http://dbpedia.org/resource/NexGen_Storage,fullcontact_1609,0.9969090819358826
http://dbpedia.org/resource/Warners_Solicitors,fullcontact_1925,0.9839274287223816
http://dbpedia.org/resource/44_Blue_Productions,fullcontact_1937,0.9936439990997314
http://dbpedia.org/resource/Illumina_(company),fullcontact_412,0.6594750285148621
http://dbpedia.org/resource/Neiman_Marcus,fullcontact_1288,0.9966915845870972
http://dbpedia.org/resource/Humane_Society_of_Huron_Valley,fullcontact_1392,0.9820968508720398
http://dbpedia.org/resource/Reminderband,fullcontact_1957,0.9938643574714661
http://dbpedia.org/resource/Annalee_Dolls,fullcontact_1828,0.9942618608474731
http://dbpedia.org/resource/Interserve,fullcontact_1110,0.9889744520187378
http://dbpedia.org/resource/Nordstrom,fullcontact_1446,0.9928387999534607
http://dbpedia.org/resource/Sherwin-Williams,fullcontact_663,0.9969090819358826
http://dbpedia.org/resource/Agropur,fullcontact_1513,0.9820968508720398
http://dbpedia.org/resource/Tavant_Technologies,fullcontact_1781,0.9938643574714661
http://dbpedia.org/resource/Artix_Entertainment,fullcontact_851,0.9820968508720398
http://dbpedia.org/resource/WTS_Paradigm,fullcontact_1464,0.9942833781242371
http://dbpedia.org/resource/Enel,fullcontact_291,0.9966965913772583
http://dbpedia.org/resource/Kotak_Mahindra_Bank,fullcontact_464,0.9918878674507141
http://dbpedia.org/resource/Global_Maritime,fullcontact_1528,0.9951123595237732
http://dbpedia.org/resource/Umbro,fullcontact_1427,0.9969090819358826
http://dbpedia.org/resource/AAFMAA,fullcontact_1575,0.9887690544128418
http://dbpedia.org/resource/Royal_Greenland,fullcontact_889,0.9969090819358826
http://dbpedia.org/resource/M%C3%B6venpick_Hotels_&_Resorts,fullcontact_1672,0.990545392036438
http://dbpedia.org/resource/Benefit_Cosmetics,fullcontact_1551,0.9969090819358826
http://dbpedia.org/resource/Eni,fullcontact_293,0.9940510392189026
http://dbpedia.org/resource/STI_International,fullcontact_1307,0.9820968508720398
http://dbpedia.org/resource/Waste_Management_Inc,fullcontact_1292,0.5795219540596008
http://dbpedia.org/resource/Telemach,fullcontact_1812,0.9969090819358826
http://dbpedia.org/resource/CMA_CGM,fullcontact_1419,0.845090389251709
http://dbpedia.org/resource/SanDisk,fullcontact_642,0.9928387999534607
http://dbpedia.org/resource/Riceland_Foods,fullcontact_941,0.9942033886909485
http://dbpedia.org/resource/Cameco,fullcontact_186,0.9817968606948853
http://dbpedia.org/resource/H&M,fullcontact_383,0.9418997168540955
http://dbpedia.org/resource/Welspun_India_Ltd,fullcontact_1868,0.8542149662971497
http://dbpedia.org/resource/Final_Frontier_Design,fullcontact_1816,0.9964975714683533
http://dbpedia.org/resource/Roos_Instruments,fullcontact_1649,0.996727705001831
http://dbpedia.org/resource/Entel_PCS,fullcontact_1500,0.9918878674507141
http://dbpedia.org/resource/Acer_Inc.,fullcontact_52,0.6973962187767029
http://dbpedia.org/resource/Bottega_Veneta,fullcontact_848,0.9820968508720398
http://dbpedia.org/resource/Best_Western_GB,fullcontact_1123,0.9820968508720398
http://dbpedia.org/resource/Coupa,fullcontact_1936,0.9547409415245056
http://dbpedia.org/resource/Convergys,fullcontact_918,0.9702060222625732
http://dbpedia.org/resource/Ixigo.com,fullcontact_1429,0.9966965913772583
http://dbpedia.org/resource/Gunnar_Optiks,fullcontact_980,0.9966915845870972
http://dbpedia.org/resource/Norman_Safeground,fullcontact_1243,0.986403226852417
http://dbpedia.org/resource/TransForce,fullcontact_1941,0.9966915845870972
http://dbpedia.org/resource/Systancia,fullcontact_1360,0.9969090819358826
http://dbpedia.org/resource/Viacom_(original),fullcontact_1295,0.9412145018577576
http://dbpedia.org/resource/Viacom_(original),fullcontact_794,0.9412145018577576
http://dbpedia.org/resource/Coloplast,fullcontact_224,0.9864106774330139
http://dbpedia.org/resource/Bemis_Company,fullcontact_1641,0.9938643574714661
http://dbpedia.org/resource/Indus_Towers,fullcontact_1884,0.9521389603614807
http://dbpedia.org/resource/Wipro,fullcontact_822,0.8860897421836853
http://dbpedia.org/resource/Mondetta_Clothing_Company,fullcontact_1407,0.9924073815345764
http://dbpedia.org/resource/NetApp,fullcontact_535,0.9966915845870972
http://dbpedia.org/resource/Great_Lakes_Dredge_and_Dock_Company,fullcontact_1573,0.5349229574203491
http://dbpedia.org/resource/UFP_Technologies,fullcontact_1175,0.9842396974563599
http://dbpedia.org/resource/Gentiva_Health_Services,fullcontact_1705,0.9733662009239197
http://dbpedia.org/resource/Living_Oceans_Society,fullcontact_1155,0.9969090819358826
http://dbpedia.org/resource/Electric_Time_Company,fullcontact_1073,0.9820968508720398
http://dbpedia.org/resource/Sistema,fullcontact_678,0.9969090819358826
http://dbpedia.org/resource/Talbots,fullcontact_993,0.9939490556716919
http://dbpedia.org/resource/Rasta_Taco,fullcontact_1786,0.994503378868103
http://dbpedia.org/resource/Maryland_Lottery,fullcontact_1730,0.9820968508720398
http://dbpedia.org/resource/Fiat_Professional,fullcontact_1469,0.9820968508720398
http://dbpedia.org/resource/Kiloo,fullcontact_1051,0.9698557257652283
http://dbpedia.org/resource/SecureDataRecovery,fullcontact_1802,0.8605226278305054
http://dbpedia.org/resource/Keyera,fullcontact_1882,0.9969090819358826
http://dbpedia.org/resource/Geek_Squad,fullcontact_1650,0.9940529465675354
http://dbpedia.org/resource/Groupe_Art%C3%A9mis,fullcontact_1192,0.9820968508720398
http://dbpedia.org/resource/Trustwave_Holdings,fullcontact_1582,0.9915341734886169
http://dbpedia.org/resource/LyondellBasell,fullcontact_485,0.9948099851608276
http://dbpedia.org/resource/Smiths_Group,fullcontact_685,0.9331119060516357
http://dbpedia.org/resource/LizardTech,fullcontact_1018,0.9820968508720398
http://dbpedia.org/resource/Hewlett-Packard,fullcontact_389,0.9925387501716614
http://dbpedia.org/resource/Ecopetrol,fullcontact_280,0.9969090819358826
http://dbpedia.org/resource/Silver_Jeans_Co.,fullcontact_1353,0.9820968508720398
http://dbpedia.org/resource/New_England_Coffee,fullcontact_1542,0.9949398040771484
http://dbpedia.org/resource/Sika_AG,fullcontact_673,0.9794491529464722
http://dbpedia.org/resource/Huntsman_Corporation,fullcontact_403,0.996727705001831
http://dbpedia.org/resource/Huntsman_Corporation,fullcontact_866,0.996727705001831
http://dbpedia.org/resource/Auto-Sleepers,fullcontact_1103,0.9820968508720398
http://dbpedia.org/resource/Wahoo's_Fish_Taco,fullcontact_946,0.9871773719787598
http://dbpedia.org/resource/CentraCare_Health_System,fullcontact_987,0.9695855379104614
http://dbpedia.org/resource/New_World_Interactive,fullcontact_970,0.9969090819358826
http://dbpedia.org/resource/BMW,fullcontact_158,0.9300251007080078
http://dbpedia.org/resource/Crystal_Dynamics,fullcontact_1214,0.996727705001831
http://dbpedia.org/resource/Corneliani,fullcontact_1012,0.9820968508720398
http://dbpedia.org/resource/The_Swatch_Group,fullcontact_709,0.9167402982711792
http://dbpedia.org/resource/ZipRecruiter,fullcontact_1015,0.9938643574714661
http://dbpedia.org/resource/Abercrombie_&_Fitch,fullcontact_843,0.9910963773727417
http://dbpedia.org/resource/Tenaga_Nasional,fullcontact_1711,0.9951123595237732
http://dbpedia.org/resource/Metaverse_Mod_Squad,fullcontact_1600,0.9942833781242371
http://dbpedia.org/resource/Northern_Rock_(Asset_Management),fullcontact_1274,0.8786477446556091
http://dbpedia.org/resource/Dole_Food_Company,fullcontact_871,0.9964975714683533
http://dbpedia.org/resource/Inventec,fullcontact_428,0.9820968508720398
http://dbpedia.org/resource/Hormel,fullcontact_387,0.8757697939872742
http://dbpedia.org/resource/FEI_Company,fullcontact_1325,0.9942033886909485
http://dbpedia.org/resource/Disney_Interactive,fullcontact_1643,0.9966915845870972
http://dbpedia.org/resource/Entertainment_Studios,fullcontact_1072,0.9820968508720398
http://dbpedia.org/resource/Gundersen_Health_System,fullcontact_1648,0.9939490556716919
http://dbpedia.org/resource/Molex,fullcontact_1052,0.9938643574714661
http://dbpedia.org/resource/Micron_Technology,fullcontact_511,0.9850965142250061
http://dbpedia.org/resource/Affliction_Clothing,fullcontact_907,0.9964975714683533
http://dbpedia.org/resource/Body_Glove,fullcontact_1697,0.9938643574714661
http://dbpedia.org/resource/PreEmptive_Solutions,fullcontact_1818,0.9966915845870972
http://dbpedia.org/resource/Hummel_International,fullcontact_1289,0.9394446015357971
http://dbpedia.org/resource/Bookminders,fullcontact_1060,0.9966915845870972
http://dbpedia.org/resource/Brunswick_Corporation,fullcontact_174,0.9938643574714661
http://dbpedia.org/resource/EMC_Corporation,fullcontact_287,0.9940067529678345
http://dbpedia.org/resource/Jeni's_Splendid_Ice_Creams,fullcontact_1439,0.9820968508720398
http://dbpedia.org/resource/Bundesimmobiliengesellschaft,fullcontact_1610,0.9872654676437378
http://dbpedia.org/resource/Black_Sheep_Brewery,fullcontact_1440,0.9883231520652771
http://dbpedia.org/resource/Karen_Millen,fullcontact_1370,0.9820968508720398
http://dbpedia.org/resource/Symantec,fullcontact_713,0.9795231819152832
http://dbpedia.org/resource/Westinghouse_Digital,fullcontact_910,0.9938643574714661
http://dbpedia.org/resource/Grupo_Bimbo,fullcontact_366,0.9820968508720398
http://dbpedia.org/resource/Cincinnati_Financial,fullcontact_1808,0.9969090819358826
http://dbpedia.org/resource/Televes,fullcontact_1888,0.9820968508720398
http://dbpedia.org/resource/Hero_Certified_Burgers,fullcontact_1821,0.9820968508720398
http://dbpedia.org/resource/Cone_Health,fullcontact_1776,0.9938643574714661
http://dbpedia.org/resource/Stewart's_Shops,fullcontact_901,0.9820968508720398
http://dbpedia.org/resource/Israel_Aerospace_Industries,fullcontact_1218,0.7568665742874146
http://dbpedia.org/resource/The_Co-operators,fullcontact_1389,0.9931182861328125
http://dbpedia.org/resource/Ferrellgas,fullcontact_1612,0.996727705001831
http://dbpedia.org/resource/The_Co-operative_Insurance,fullcontact_1254,0.9820968508720398
http://dbpedia.org/resource/PlumChoice,fullcontact_1774,0.9873867630958557
http://dbpedia.org/resource/Kerala_State_Road_Transport_Corporation,fullcontact_1633,0.9876796007156372
http://dbpedia.org/resource/Fidelity_&_Guaranty_Life,fullcontact_1735,0.996727705001831
http://dbpedia.org/resource/Charter_Arms,fullcontact_931,0.9942033886909485
http://dbpedia.org/resource/MegaMeeting.com,fullcontact_1898,0.9909918308258057
http://dbpedia.org/resource/Glam_Media,fullcontact_1222,0.9820968508720398
http://dbpedia.org/resource/HollyFrontier,fullcontact_385,0.996309220790863
http://dbpedia.org/resource/Microsoft,fullcontact_512,0.994816243648529
http://dbpedia.org/resource/Books-A-Million,fullcontact_1421,0.9820968508720398
http://dbpedia.org/resource/DONG_Energy,fullcontact_1205,0.9331119060516357
http://dbpedia.org/resource/NEC_Corporation_of_America,fullcontact_531,0.9336750507354736
http://dbpedia.org/resource/Kings_Food_Markets,fullcontact_1219,0.9914318323135376
http://dbpedia.org/resource/Lukoil,fullcontact_1342,0.9969090819358826
http://dbpedia.org/resource/Go_Native_(company),fullcontact_1680,0.9880983233451843
http://dbpedia.org/resource/Grupo_Argos,fullcontact_363,0.9820968508720398
http://dbpedia.org/resource/Accessible_Home_Health_Care,fullcontact_1402,0.9964975714683533
http://dbpedia.org/resource/Xero_(software),fullcontact_1299,0.9293283820152283
http://dbpedia.org/resource/Gelson's_Markets,fullcontact_1174,0.994586706161499
http://dbpedia.org/resource/Cellebrite,fullcontact_1893,0.7257704734802246
http://dbpedia.org/resource/Automotive_Navigation_Data,fullcontact_1676,0.848006010055542
http://dbpedia.org/resource/Genesco,fullcontact_1704,0.9966915845870972
http://dbpedia.org/resource/Pepephone,fullcontact_1733,0.9820968508720398
http://dbpedia.org/resource/Continua_Health_Alliance,fullcontact_1441,0.9942033886909485
http://dbpedia.org/resource/Workday_Inc.,fullcontact_827,0.9966915845870972
http://dbpedia.org/resource/Olympic_Arms,fullcontact_1530,0.9820968508720398
http://dbpedia.org/resource/Atcom,fullcontact_1964,0.6527461409568787
http://dbpedia.org/resource/Adify,fullcontact_1525,0.9964975714683533
http://dbpedia.org/resource/Petrobras,fullcontact_582,0.8707082867622375
http://dbpedia.org/resource/Kroger,fullcontact_467,0.9643303155899048
http://dbpedia.org/resource/B/E_Aerospace,fullcontact_144,0.9888340830802917
http://dbpedia.org/resource/Areva,fullcontact_106,0.996309220790863
http://dbpedia.org/resource/Mood_Media,fullcontact_1758,0.9964975714683533
http://dbpedia.org/resource/Bemis_Manufacturing_Company,fullcontact_1641,0.5278503894805908
http://dbpedia.org/resource/NewBridge_Bank,fullcontact_1324,0.9936562180519104
http://dbpedia.org/resource/Revision3,fullcontact_964,0.9969090819358826
http://dbpedia.org/resource/Bedat_&_Co,fullcontact_1900,0.5894069075584412
http://dbpedia.org/resource/Organic_Valley,fullcontact_1829,0.9964975714683533
http://dbpedia.org/resource/Ex_Libris_Group,fullcontact_1651,0.9820968508720398
http://dbpedia.org/resource/IRB_Infrastructure,fullcontact_1285,0.9891080856323242
http://dbpedia.org/resource/Bank_of_Bahrain_and_Kuwait,fullcontact_920,0.7661510109901428
http://dbpedia.org/resource/Siemens_Mobile,fullcontact_670,0.9915341734886169
http://dbpedia.org/resource/Komercijalna_banka,fullcontact_1384,0.9969090819358826
http://dbpedia.org/resource/HighCom_Security,fullcontact_1184,0.6797742247581482
http://dbpedia.org/resource/CenturyLink,fullcontact_205,0.9938643574714661
http://dbpedia.org/resource/Almarai,fullcontact_79,0.6077017188072205
http://dbpedia.org/resource/Clorox,fullcontact_220,0.9102041721343994
http://dbpedia.org/resource/Ansaldo_STS,fullcontact_1445,0.9918878674507141
http://dbpedia.org/resource/Stemcell_Technologies,fullcontact_1577,0.9942033886909485
http://dbpedia.org/resource/AFC_Energy,fullcontact_1961,0.9820968508720398
http://dbpedia.org/resource/Carvana,fullcontact_1190,0.9820968508720398
http://dbpedia.org/resource/Israel_Corporation,fullcontact_432,0.9527337551116943
http://dbpedia.org/resource/Royal_District_Nursing_Service_(Victoria),fullcontact_1690,0.9331119060516357
http://dbpedia.org/resource/Fontana_North,fullcontact_1340,0.9820968508720398
http://dbpedia.org/resource/Alfalfa_House,fullcontact_1852,0.9820968508720398
http://dbpedia.org/resource/Hatley_(brand),fullcontact_1331,0.6811410784721375
http://dbpedia.org/resource/Starship_Group,fullcontact_1181,0.9911099672317505
http://dbpedia.org/resource/WeirFoulds_LLP,fullcontact_1548,0.9331119060516357
http://dbpedia.org/resource/McTay_Marine,fullcontact_1749,0.9311802387237549
http://dbpedia.org/resource/Star_Industries,fullcontact_1847,0.8687021136283875
http://dbpedia.org/resource/Grainger_Games,fullcontact_1491,0.9820968508720398
http://dbpedia.org/resource/Inside_Lacrosse,fullcontact_1014,0.9933835864067078
http://dbpedia.org/resource/Walt_Disney_Studios_Motion_Pictures,fullcontact_1256,0.6812036037445068
http://dbpedia.org/resource/Denby_Pottery_Company,fullcontact_1511,0.9229903817176819
http://dbpedia.org/resource/Pet_Butler,fullcontact_1563,0.9820968508720398
http://dbpedia.org/resource/Diners_Club_International,fullcontact_1226,0.9889482259750366
http://dbpedia.org/resource/Kelly_Services,fullcontact_1326,0.9925387501716614
http://dbpedia.org/resource/Sleep_Experts,fullcontact_1928,0.9949127435684204
http://dbpedia.org/resource/Magic_Logix,fullcontact_1355,0.9820968508720398
http://dbpedia.org/resource/XMission,fullcontact_1584,0.9964975714683533
http://dbpedia.org/resource/LeapFrog_Enterprises,fullcontact_975,0.8741095066070557
http://dbpedia.org/resource/Lanxess,fullcontact_23,0.9969090819358826
http://dbpedia.org/resource/Esprida,fullcontact_1831,0.9832624197006226
http://dbpedia.org/resource/Motorola_Mobility,fullcontact_1756,0.9642532467842102
http://dbpedia.org/resource/WellPet,fullcontact_991,0.9942033886909485
http://dbpedia.org/resource/Norma_Precision,fullcontact_894,0.9820968508720398
http://dbpedia.org/resource/Hipercor,fullcontact_1716,0.9820968508720398
http://dbpedia.org/resource/Standard_Chartered,fullcontact_1297,0.9820968508720398
http://dbpedia.org/resource/ACCO_Brands,fullcontact_1416,0.9938643574714661
http://dbpedia.org/resource/MessageNet_systems,fullcontact_1604,0.9924206137657166
http://dbpedia.org/resource/Wells_Fargo,fullcontact_812,0.9905943870544434
http://dbpedia.org/resource/CyWee,fullcontact_1861,0.9969090819358826
http://dbpedia.org/resource/The_J.M._Smucker_Company,fullcontact_441,0.8081044554710388
http://dbpedia.org/resource/MFA_Oil,fullcontact_1334,0.8747913837432861
http://dbpedia.org/resource/Country_Cookin,fullcontact_1601,0.9928387999534607
http://dbpedia.org/resource/Tractor_Supply_Company,fullcontact_753,0.9966915845870972
http://dbpedia.org/resource/Ngmoco,fullcontact_1121,0.9820968508720398
http://dbpedia.org/resource/Tom's_Snacks,fullcontact_1378,0.6396675705909729
http://dbpedia.org/resource/Super_Fight_League,fullcontact_959,0.9820968508720398
http://dbpedia.org/resource/Hisense,fullcontact_1118,0.9815519452095032
http://dbpedia.org/resource/Bohus_(retailer),fullcontact_1510,0.9364689588546753
http://dbpedia.org/resource/Cobra_Beer,fullcontact_1656,0.9820968508720398
http://dbpedia.org/resource/Royal_District_Nursing_Service_(South_Australia),fullcontact_1690,0.9356080293655396
http://dbpedia.org/resource/FareCompare,fullcontact_1001,0.9328390955924988
http://dbpedia.org/resource/NBBJ,fullcontact_1938,0.936208188533783
http://dbpedia.org/resource/People's_United_Bank,fullcontact_1574,0.9929505586624146
http://dbpedia.org/resource/Dentsply,fullcontact_1383,0.8977259397506714
http://dbpedia.org/resource/GenieKnows,fullcontact_1920,0.9886382222175598
http://dbpedia.org/resource/Nintendo,fullcontact_541,0.9966965913772583
http://dbpedia.org/resource/Beam_Inc.,fullcontact_1196,0.8747813105583191
http://dbpedia.org/resource/International_Solar_Electric_Technology,fullcontact_1743,0.8758944272994995
http://dbpedia.org/resource/Northern_Racing,fullcontact_1405,0.9560056328773499
http://dbpedia.org/resource/Taco_del_Mar,fullcontact_1262,0.9810202717781067
http://dbpedia.org/resource/Schlumberger,fullcontact_682,0.9939339756965637
http://dbpedia.org/resource/Papa_Gino's,fullcontact_1619,0.9925387501716614
http://dbpedia.org/resource/Isofoton,fullcontact_1058,0.98775315284729
http://dbpedia.org/resource/Prada,fullcontact_598,0.9820968508720398
http://dbpedia.org/resource/Anglo_American_plc,fullcontact_97,0.9924073815345764
http://dbpedia.org/resource/Walt_Disney_Studios_Motion_Pictures,fullcontact_1258,0.9337432980537415
http://dbpedia.org/resource/Cimatron,fullcontact_1555,0.9815546870231628
http://dbpedia.org/resource/Xcel_Energy,fullcontact_832,0.9331119060516357
http://dbpedia.org/resource/Baugur_Group,fullcontact_1367,0.9820968508720398
http://dbpedia.org/resource/TDC_A/S,fullcontact_719,0.6356592774391174
http://dbpedia.org/resource/Comexi_Group,fullcontact_1771,0.9935027956962585
http://dbpedia.org/resource/Thompson_Creek_Metals,fullcontact_1293,0.9491657018661499
http://dbpedia.org/resource/Dentsu,fullcontact_257,0.9242214560508728
http://dbpedia.org/resource/Verizon_New_Jersey,fullcontact_791,0.8117977976799011
http://dbpedia.org/resource/Max_Brenner,fullcontact_1545,0.9816623330116272
http://dbpedia.org/resource/Spin_Master,fullcontact_1126,0.9820968508720398
http://dbpedia.org/resource/Beacon_Power,fullcontact_1109,0.9942033886909485
http://dbpedia.org/resource/NewsBlur,fullcontact_1032,0.9820968508720398
http://dbpedia.org/resource/Dixon_Valve_&_Coupling_Company,fullcontact_1838,0.8729297518730164
http://dbpedia.org/resource/Akbank,fullcontact_66,0.9801436066627502
http://dbpedia.org/resource/Redfin,fullcontact_1832,0.9827800989151001
http://dbpedia.org/resource/Surf_Canyon,fullcontact_1494,0.9820968508720398
http://dbpedia.org/resource/Aurubis,fullcontact_119,0.9807491302490234
http://dbpedia.org/resource/Sodexo,fullcontact_687,0.9820968508720398
http://dbpedia.org/resource/Qualcomm,fullcontact_613,0.9676621556282043
http://dbpedia.org/resource/Henny_Penny_(manufacturer),fullcontact_1874,0.7869623899459839
http://dbpedia.org/resource/Jerry's_Foods,fullcontact_1614,0.7074843645095825
http://dbpedia.org/resource/Coldwell_Banker,fullcontact_876,0.9747112989425659
http://dbpedia.org/resource/Paramount_Equity,fullcontact_1956,0.9929505586624146
http://dbpedia.org/resource/Inditex,fullcontact_414,0.9853391647338867
http://dbpedia.org/resource/Kubota,fullcontact_468,0.803946316242218
http://dbpedia.org/resource/Paylocity_Corporation,fullcontact_1047,0.8784753680229187
http://dbpedia.org/resource/Guylian,fullcontact_1807,0.9291180372238159
http://dbpedia.org/resource/Turner_Construction,fullcontact_1673,0.5306435227394104
http://dbpedia.org/resource/Odersun,fullcontact_1810,0.9820968508720398
http://dbpedia.org/resource/Infortrend,fullcontact_1778,0.9832287430763245
http://dbpedia.org/resource/Bank_of_China,fullcontact_852,0.9951505661010742
http://dbpedia.org/resource/Shiseido,fullcontact_1943,0.9898999333381653
http://dbpedia.org/resource/Silver_Wheaton,fullcontact_1724,0.9522497653961182
http://dbpedia.org/resource/Silver_Wheaton,fullcontact_674,0.9522497653961182
http://dbpedia.org/resource/Rockcastle_Regional_Hospital_and_Respiratory_Care_Center,fullcontact_1063,0.5336217880249023
http://dbpedia.org/resource/Wirsol,fullcontact_1387,0.9238466620445251
http://dbpedia.org/resource/Smash_Pictures,fullcontact_1665,0.9820968508720398
http://dbpedia.org/resource/Sunshine_Suites,fullcontact_1346,0.9820968508720398
http://dbpedia.org/resource/Jimmy_Choo_Ltd,fullcontact_1950,0.9881183505058289
http://dbpedia.org/resource/HP_Hood,fullcontact_874,0.9942033886909485
http://dbpedia.org/resource/Gazelle_(internet_company),fullcontact_1627,0.9354812502861023
http://dbpedia.org/resource/SAP_AG,fullcontact_884,0.9906371235847473
http://dbpedia.org/resource/New_Media_Strategies,fullcontact_948,0.9820968508720398
http://dbpedia.org/resource/Centrotherm_Photovoltaics,fullcontact_1145,0.7931646108627319
http://dbpedia.org/resource/Beijing_Hyundai,fullcontact_1527,0.9513465762138367
http://dbpedia.org/resource/Assurant_Employee_Benefits,fullcontact_113,0.7089416980743408
http://dbpedia.org/resource/Fish_in_a_Bottle,fullcontact_1811,0.9820968508720398
http://dbpedia.org/resource/Metaweb,fullcontact_1630,0.9387072324752808
http://dbpedia.org/resource/NEC,fullcontact_531,0.6846955418586731
http://dbpedia.org/resource/Walt_Disney_Animation_Studios,fullcontact_1258,0.9331119060516357
http://dbpedia.org/resource/Verisign,fullcontact_790,0.9910197854042053
http://dbpedia.org/resource/Big_Talk_Productions,fullcontact_1026,0.9820968508720398
http://dbpedia.org/resource/Habitat_(retailer),fullcontact_1224,0.8616155385971069
http://dbpedia.org/resource/GPT_Group,fullcontact_1336,0.7568665742874146
http://dbpedia.org/resource/Interactive_Brokers,fullcontact_992,0.9810202717781067
http://dbpedia.org/resource/GrafTech,fullcontact_1823,0.9391798377037048
http://dbpedia.org/resource/Braun's_Express,fullcontact_1534,0.5440160036087036
http://dbpedia.org/resource/Avedis_Zildjian_Company,fullcontact_1701,0.8874427676200867
http://dbpedia.org/resource/SciQuest,fullcontact_1088,0.9869825839996338
http://dbpedia.org/resource/R%C3%B8de_Microphones,fullcontact_1835,0.9820968508720398
http://dbpedia.org/resource/BYD_Company,fullcontact_180,0.6306407451629639
http://dbpedia.org/resource/Baker's_Drive-Thru,fullcontact_1426,0.9877638220787048
http://dbpedia.org/resource/St%C3%A4ubli,fullcontact_1767,0.8044909834861755
http://dbpedia.org/resource/Dubai_World,fullcontact_1729,0.9342280030250549
http://dbpedia.org/resource/Nexity,fullcontact_1008,0.9820968508720398
http://dbpedia.org/resource/Katha_Books,fullcontact_1473,0.8455530405044556
http://dbpedia.org/resource/Telus_TV,fullcontact_731,0.9417135119438171
http://dbpedia.org/resource/WABCO_Holdings_Inc.,fullcontact_806,0.684814989566803
http://dbpedia.org/resource/Pizza_Inn,fullcontact_1024,0.9820968508720398
http://dbpedia.org/resource/Hyundai_Motor_Company,fullcontact_1527,0.7455910444259644
http://dbpedia.org/resource/Champion_Ballroom_Academy,fullcontact_997,0.9814410209655762
http://dbpedia.org/resource/Granton_Institute_of_Technology,fullcontact_1139,0.9837496280670166
http://dbpedia.org/resource/Teva_Pharmaceutical_Industries,fullcontact_1495,0.7623211741447449
http://dbpedia.org/resource/Fabio_Perini_S.p.A.,fullcontact_1955,0.9918878674507141
http://dbpedia.org/resource/Aareal_Bank,fullcontact_42,0.714209258556366
http://dbpedia.org/resource/Upper_Deck_Company,fullcontact_1456,0.9556474089622498
http://dbpedia.org/resource/Ernest_Hillier_Chocolates,fullcontact_1037,0.9853709936141968
http://dbpedia.org/resource/Maximum_Games,fullcontact_1036,0.9938643574714661
http://dbpedia.org/resource/Ariba,fullcontact_938,0.8378974795341492
http://dbpedia.org/resource/Farm_Progress,fullcontact_1904,0.9843889474868774
http://dbpedia.org/resource/DealDash,fullcontact_1397,0.5481790900230408
http://dbpedia.org/resource/Versata,fullcontact_1533,0.9792189002037048
http://dbpedia.org/resource/Fujitsu,fullcontact_335,0.9866677522659302
http://dbpedia.org/resource/BIOBASE_(company),fullcontact_1869,0.9204944968223572
http://dbpedia.org/resource/Vilmorin,fullcontact_1512,0.8460259437561035
http://dbpedia.org/resource/Bancolombia,fullcontact_365,0.9896358847618103
http://dbpedia.org/resource/Chuck_E._Cheese's,fullcontact_1248,0.7462669610977173
http://dbpedia.org/resource/Telef%C3%B3nica,fullcontact_726,0.98775315284729
http://dbpedia.org/resource/Crackle_(company),fullcontact_988,0.7948394417762756
http://dbpedia.org/resource/Sears,fullcontact_905,0.921645998954773
http://dbpedia.org/resource/Manpower_Inc.,fullcontact_486,0.9915871620178223
http://dbpedia.org/resource/First_West_Credit_Union,fullcontact_1043,0.5819960236549377
http://dbpedia.org/resource/Opel,fullcontact_1182,0.825684130191803
http://dbpedia.org/resource/Celestial_Games,fullcontact_1189,0.9820968508720398
http://dbpedia.org/resource/Wagner_&_Co_Solar_Technology,fullcontact_1151,0.6195422410964966
http://dbpedia.org/resource/BBMG,fullcontact_1,0.9839472770690918
http://dbpedia.org/resource/Canada_Bread,fullcontact_1549,0.9546920657157898
http://dbpedia.org/resource/Rivermine,fullcontact_1760,0.9917693138122559
http://dbpedia.org/resource/TripAdvisor,fullcontact_755,0.6763561367988586
http://dbpedia.org/resource/Macy's,fullcontact_1275,0.9820968508720398
http://dbpedia.org/resource/Alpha_Bank_Skopje,fullcontact_80,0.9220547676086426
http://dbpedia.org/resource/Hamilton_(company),fullcontact_1550,0.8587004542350769
http://dbpedia.org/resource/BYD_Auto,fullcontact_180,0.6125260591506958
http://dbpedia.org/resource/Wittnauer,fullcontact_1066,0.9820968508720398
http://dbpedia.org/resource/Staples_Inc.,fullcontact_698,0.977486252784729
http://dbpedia.org/resource/POSCO_India,fullcontact_596,0.6241869330406189
http://dbpedia.org/resource/Camper_(company),fullcontact_880,0.7830750346183777
http://dbpedia.org/resource/Harley_Ellis_Devereaux,fullcontact_928,0.9331119060516357
http://dbpedia.org/resource/British_Insurance,fullcontact_1848,0.9893542528152466
http://dbpedia.org/resource/Salvatore_Ferragamo_S.p.A.,fullcontact_1173,0.9331119060516357
http://dbpedia.org/resource/AVG_Technologies,fullcontact_1255,0.982365071773529
http://dbpedia.org/resource/Copel,fullcontact_1726,0.9969090819358826
http://dbpedia.org/resource/Traction_(company),fullcontact_944,0.5769753456115723
http://dbpedia.org/resource/Vodafone_Spain,fullcontact_800,0.9311802387237549
http://dbpedia.org/resource/Siemens_Wind_Power,fullcontact_670,0.7069306373596191
http://dbpedia.org/resource/2X_Software,fullcontact_1505,0.9839592576026917
http://dbpedia.org/resource/AMResorts,fullcontact_1348,0.9942618608474731
http://dbpedia.org/resource/Sprint_Corporation,fullcontact_1300,0.8122738599777222
http://dbpedia.org/resource/Groupe_Bull,fullcontact_1230,0.6183965802192688
http://dbpedia.org/resource/Convera_Corporation,fullcontact_984,0.8056868314743042
http://dbpedia.org/resource/Wridgways,fullcontact_1546,0.9150646328926086
http://dbpedia.org/resource/Port_City_Java,fullcontact_1593,0.7625331878662109
http://dbpedia.org/resource/Ronco,fullcontact_1692,0.9820968508720398
http://dbpedia.org/resource/Andrew_Marc,fullcontact_1553,0.9820968508720398
http://dbpedia.org/resource/DotSUB,fullcontact_1152,0.9964975714683533
http://dbpedia.org/resource/Intact_Financial,fullcontact_21,0.9538899064064026
http://dbpedia.org/resource/IASO_Backup,fullcontact_1779,0.9799433350563049
http://dbpedia.org/resource/Morfik,fullcontact_1857,0.9387072324752808
http://dbpedia.org/resource/Firesprite,fullcontact_1423,0.9969090819358826
http://dbpedia.org/resource/Bank_of_Ningbo,fullcontact_852,0.6578462719917297
http://dbpedia.org/resource/Kelme_(company),fullcontact_982,0.8678069114685059
http://dbpedia.org/resource/OSF_Healthcare,fullcontact_895,0.6807100772857666
http://dbpedia.org/resource/Nabholz_Construction,fullcontact_1753,0.5593705177307129
http://dbpedia.org/resource/Gazprom_Neft,fullcontact_342,0.9567566514015198
http://dbpedia.org/resource/Welwyn_Tool_Group,fullcontact_1747,0.9924073815345764
http://dbpedia.org/resource/Ericsson_Mobile_Communications,fullcontact_300,0.5808373093605042
http://dbpedia.org/resource/Gufram,fullcontact_1027,0.9820968508720398
http://dbpedia.org/resource/Eni,fullcontact_291,0.774090051651001
http://dbpedia.org/resource/Buick,fullcontact_858,0.9820968508720398
http://dbpedia.org/resource/Katha_NGO,fullcontact_1473,0.976606547832489
http://dbpedia.org/resource/Castro_(clothing),fullcontact_1210,0.8718031048774719
http://dbpedia.org/resource/Naftiran_Intertrade,fullcontact_1572,0.9804431796073914
http://dbpedia.org/resource/Gerber_Products_Company,fullcontact_1284,0.5735717415809631
http://dbpedia.org/resource/Novadios,fullcontact_1738,0.9820968508720398
http://dbpedia.org/resource/Turkcell,fullcontact_759,0.8707082867622375
http://dbpedia.org/resource/Masco,fullcontact_26,0.805666983127594
http://dbpedia.org/resource/Eyevine,fullcontact_1074,0.9820968508720398
"http://dbpedia.org/resource/Symphonic_Source,_Inc.",fullcontact_1855,0.8965182304382324
http://dbpedia.org/resource/Vitrox_Technologies,fullcontact_1095,0.65627521276474
"http://dbpedia.org/resource/Sunkist_Growers,_Incorporated",fullcontact_950,0.6340596079826355
http://dbpedia.org/resource/EDF_Incorporated,fullcontact_281,0.6742357611656189
http://dbpedia.org/resource/Vale_(mining_company),fullcontact_783,0.9292881488800049
http://dbpedia.org/resource/Maxis,fullcontact_494,0.9820968508720398
http://dbpedia.org/resource/Nitto_Denko,fullcontact_544,0.9804287552833557
http://dbpedia.org/resource/TrustPort,fullcontact_1805,0.9829734563827515
http://dbpedia.org/resource/BayWa,fullcontact_140,0.9820968508720398
http://dbpedia.org/resource/Sony_Music_Entertainment,fullcontact_1308,0.9331119060516357
http://dbpedia.org/resource/SENSIO_Technologies,fullcontact_1399,0.9332874417304993
http://dbpedia.org/resource/Skis_Rossignol,fullcontact_1474,0.7869300842285156
http://dbpedia.org/resource/BYD_Electronic,fullcontact_180,0.6610320210456848
http://dbpedia.org/resource/SAME_Deutz-Fahr,fullcontact_1239,0.9820968508720398
http://dbpedia.org/resource/Novatek,fullcontact_549,0.9916158318519592
http://dbpedia.org/resource/Gain_Capital,fullcontact_1458,0.9942246079444885
http://dbpedia.org/resource/Galson_Laboratories,fullcontact_1592,0.9890359044075012
http://dbpedia.org/resource/J._C._Penney,fullcontact_437,0.5903531908988953
http://dbpedia.org/resource/Towers_Watson,fullcontact_750,0.8013715147972107
http://dbpedia.org/resource/Mugen_Power,fullcontact_1337,0.926215648651123
http://dbpedia.org/resource/Cheltenham_&_Gloucester,fullcontact_881,0.9331119060516357
http://dbpedia.org/resource/Swiss_Life,fullcontact_712,0.9388753175735474
http://dbpedia.org/resource/Colayer,fullcontact_1358,0.9820968508720398
http://dbpedia.org/resource/Joma,fullcontact_1853,0.9549137353897095
http://dbpedia.org/resource/Super_8_Motels,fullcontact_951,0.5226562023162842
http://dbpedia.org/resource/Tombras_Group,fullcontact_1560,0.9625275135040283
http://dbpedia.org/resource/Sears,fullcontact_31,0.9307381510734558
http://dbpedia.org/resource/Eraring_Energy,fullcontact_1007,0.8059523105621338
http://dbpedia.org/resource/Champion_Energy,fullcontact_1318,0.8328320384025574
http://dbpedia.org/resource/Vodafone_Ireland,fullcontact_800,0.9594303965568542
http://dbpedia.org/resource/Cadwalader's_Ice_Cream,fullcontact_1317,0.8557038903236389
http://dbpedia.org/resource/Rainstor,fullcontact_1556,0.9966915845870972
http://dbpedia.org/resource/Fujitsu_Technology_Solutions,fullcontact_335,0.6543899178504944
http://dbpedia.org/resource/Enel,fullcontact_293,0.774090051651001
http://dbpedia.org/resource/General_Motors_Egypt,fullcontact_356,0.9421663284301758
http://dbpedia.org/resource/General_Motors_Egypt,fullcontact_1172,0.9421663284301758
http://dbpedia.org/resource/Pep_(store),fullcontact_1460,0.7802790999412537
http://dbpedia.org/resource/Toshiba,fullcontact_747,0.5608021020889282
http://dbpedia.org/resource/Tenaris,fullcontact_732,0.981792151927948
http://dbpedia.org/resource/Suntory,fullcontact_1700,0.9820968508720398
http://dbpedia.org/resource/Renault_Espa%C3%B1a,fullcontact_17,0.9235424399375916
http://dbpedia.org/resource/Renault_Sport,fullcontact_17,0.954814076423645
http://dbpedia.org/resource/Visa_Inc.,fullcontact_1247,0.6126435995101929
http://dbpedia.org/resource/Ericsson_Mobile_Platforms,fullcontact_300,0.619761049747467
http://dbpedia.org/resource/Entertainment_Studios,fullcontact_1319,0.5872111916542053
http://dbpedia.org/resource/Xerox_DocuShare,fullcontact_833,0.8401790261268616
http://dbpedia.org/resource/Scorpa,fullcontact_655,0.6443508863449097
http://dbpedia.org/resource/Whole_Foods_Co-op,fullcontact_819,0.5543380379676819
http://dbpedia.org/resource/Wells_Fargo_Advisors,fullcontact_812,0.9612912535667419
http://dbpedia.org/resource/ChinaCoal,fullcontact_208,0.7191563844680786
http://dbpedia.org/resource/True_Value,fullcontact_1303,0.9292219877243042
http://dbpedia.org/resource/B%C3%A2loise,fullcontact_130,0.782066822052002
http://dbpedia.org/resource/Cineplex_Entertainment,fullcontact_1206,0.975338876247406
http://dbpedia.org/resource/Parsdata,fullcontact_1785,0.838391125202179
http://dbpedia.org/resource/Neste_Oil,fullcontact_533,0.9924073815345764
http://dbpedia.org/resource/ADLINK,fullcontact_1352,0.8908295035362244
"http://dbpedia.org/resource/IArchives,_Inc.",fullcontact_1737,0.7121480703353882
http://dbpedia.org/resource/Snelling_Staffing_Services,fullcontact_1504,0.8788486123085022
http://dbpedia.org/resource/Platinum_Dunes,fullcontact_1598,0.8659564256668091
http://dbpedia.org/resource/Lukoil_Serbia,fullcontact_1342,0.673696756362915
http://dbpedia.org/resource/Toyota_Motor_Manufacturing_Alabama,fullcontact_1793,0.5334428548812866
http://dbpedia.org/resource/Curacao_Department_Stores,fullcontact_1016,0.9378948211669922
http://dbpedia.org/resource/Standard_Ethics_Aei,fullcontact_1566,0.9331119060516357
http://dbpedia.org/resource/Convera_Corporation,fullcontact_918,0.7143247127532959
http://dbpedia.org/resource/Ericsson_Radio_Systems,fullcontact_300,0.79008549451828
http://dbpedia.org/resource/Lukoil_Baltija,fullcontact_1342,0.6811410784721375
http://dbpedia.org/resource/Renault_do_Brasil,fullcontact_17,0.5677492618560791
http://dbpedia.org/resource/ARUP_Laboratories,fullcontact_1132,0.6434699892997742
http://dbpedia.org/resource/Capacitygrid,fullcontact_1105,0.9820968508720398
http://dbpedia.org/resource/Gatehouse_Bank,fullcontact_909,0.865660548210144
http://dbpedia.org/resource/Herbalife,fullcontact_376,0.9835031032562256
http://dbpedia.org/resource/Vodafone_Egypt,fullcontact_800,0.9311802387237549
http://dbpedia.org/resource/Posco_Energy,fullcontact_596,0.923140287399292
http://dbpedia.org/resource/General_Motors_do_Brasil,fullcontact_356,0.9587599635124207
http://dbpedia.org/resource/General_Motors_do_Brasil,fullcontact_1172,0.9587599635124207
http://dbpedia.org/resource/ICreate,fullcontact_1605,0.8905330896377563
http://dbpedia.org/resource/Tatung_Company,fullcontact_1952,0.6652849912643433
http://dbpedia.org/resource/LatentView,fullcontact_1157,0.9655738472938538
http://dbpedia.org/resource/Costco,fullcontact_863,0.9537068605422974
http://dbpedia.org/resource/Costco,fullcontact_235,0.9537068605422974
http://dbpedia.org/resource/LINE_Corporation,fullcontact_450,0.9460493326187134
http://dbpedia.org/resource/Bayer_Corporation,fullcontact_139,0.6474133133888245
http://dbpedia.org/resource/Moen_(company),fullcontact_1461,0.6713507175445557
http://dbpedia.org/resource/Aixam,fullcontact_1270,0.9303231835365295
http://dbpedia.org/resource/East_West_Bank,fullcontact_1447,0.8641080260276794
http://dbpedia.org/resource/Motech_Solar,fullcontact_1578,0.926215648651123
http://dbpedia.org/resource/O2_(Ireland),fullcontact_1237,0.7078081369400024
http://dbpedia.org/resource/Moe's_Southwest_Grill,fullcontact_978,0.6493892073631287
http://dbpedia.org/resource/Fujitsu_Siemens_Computers,fullcontact_670,0.608704149723053
http://dbpedia.org/resource/Industrial_and_Commercial_Bank_of_China,fullcontact_852,0.6122442483901978
http://dbpedia.org/resource/Hearts_on_Fire_(company),fullcontact_994,0.9337432980537415
http://dbpedia.org/resource/Traction_(agency),fullcontact_944,0.9880983233451843
http://dbpedia.org/resource/Globus_(hypermarket),fullcontact_966,0.9394446015357971
http://dbpedia.org/resource/Dana_Corporation,fullcontact_246,0.7104609608650208
http://dbpedia.org/resource/Fujitsu_Ten,fullcontact_335,0.9354313611984253
http://dbpedia.org/resource/Frontier_Communications,fullcontact_331,0.5239852070808411
http://dbpedia.org/resource/ITV_Weather,fullcontact_435,0.5552978515625
http://dbpedia.org/resource/China_Shenhua_Energy_Company,fullcontact_208,0.7023491859436035
http://dbpedia.org/resource/Ping_An_Insurance,fullcontact_1516,0.7769834399223328
http://dbpedia.org/resource/Alpha_Bank_Srbija,fullcontact_80,0.9289456009864807
http://dbpedia.org/resource/Waap_Entertainment,fullcontact_1795,0.7524436712265015
http://dbpedia.org/resource/Quicksilver_Manufacturing,fullcontact_1375,0.6976606249809265
http://dbpedia.org/resource/Metro_AG,fullcontact_507,0.9388753175735474
http://dbpedia.org/resource/Fujitsu_Siemens_Computers,fullcontact_335,0.6901272535324097
http://dbpedia.org/resource/Siemens_PLM_Software,fullcontact_670,0.7942589521408081
http://dbpedia.org/resource/World_Duty_Free,fullcontact_1615,0.9618189930915833
http://dbpedia.org/resource/Israel_Chemicals,fullcontact_432,0.8219447135925293
http://dbpedia.org/resource/Orange_(telecommunications),fullcontact_562,0.9285308718681335
http://dbpedia.org/resource/Zandu_Realty,fullcontact_1586,0.6913964748382568
http://dbpedia.org/resource/Toyota_Motor_Manufacturing_Texas,fullcontact_1793,0.5560047626495361
http://dbpedia.org/resource/Papa_Cristo's,fullcontact_1076,0.9931193590164185
http://dbpedia.org/resource/Akbank,fullcontact_782,0.8710830211639404
http://dbpedia.org/resource/Yukos,fullcontact_1342,0.8124688863754272
http://dbpedia.org/resource/Sereal,fullcontact_1064,0.9291180372238159
http://dbpedia.org/resource/Holland_&_Barrett,fullcontact_1220,0.9277880787849426
http://dbpedia.org/resource/Westfield_Group,fullcontact_815,0.9790336489677429
http://dbpedia.org/resource/Thin_Man_Films,fullcontact_1431,0.69572913646698
http://dbpedia.org/resource/System_Group,fullcontact_1122,0.8521626591682434
http://dbpedia.org/resource/Yahoo!_HotJobs,fullcontact_836,0.7705045342445374
http://dbpedia.org/resource/Ferrania,fullcontact_1554,0.9102678298950195
http://dbpedia.org/resource/Sears,fullcontact_1685,0.8751609921455383
http://dbpedia.org/resource/Oceania_Cruises,fullcontact_195,0.6544299125671387
http://dbpedia.org/resource/List_of_Paramount_Pictures_films,fullcontact_1177,0.605889081954956
http://dbpedia.org/resource/List_of_Paramount_Pictures_films,fullcontact_1523,0.605889081954956
http://dbpedia.org/resource/Tri-State_Transportation_Campaign,fullcontact_1467,0.6540471911430359
http://dbpedia.org/resource/EnergyAustralia,fullcontact_100,0.7282655239105225
http://dbpedia.org/resource/Growmark,fullcontact_1599,0.8605226278305054
http://dbpedia.org/resource/LINE_Corporation,fullcontact_538,0.5080820322036743
http://dbpedia.org/resource/Cr%C3%A9dit_Agricole_Srbija,fullcontact_238,0.9474248886108398
http://dbpedia.org/resource/Ameriprise_Financial,fullcontact_1195,0.9879195690155029
http://dbpedia.org/resource/Kessel_Food_Markets,fullcontact_1219,0.5721258521080017
http://dbpedia.org/resource/Mandarin_Restaurant,fullcontact_897,0.7764960527420044
http://dbpedia.org/resource/Bit_Corporation,fullcontact_823,0.8538180589675903
http://dbpedia.org/resource/Acer_Studios,fullcontact_52,0.8005919456481934
http://dbpedia.org/resource/Phonic_Corporation,fullcontact_823,0.8342733979225159
http://dbpedia.org/resource/Anyvan,fullcontact_124,0.8124688863754272
http://dbpedia.org/resource/IBM_Internet_Security_Systems,fullcontact_407,0.5897954702377319
http://dbpedia.org/resource/Xero_Shoes,fullcontact_1299,0.7640458941459656
http://dbpedia.org/resource/CSR_Corporation_Limited,fullcontact_242,0.638064444065094
http://dbpedia.org/resource/Thomas_Swan,fullcontact_1859,0.963494062423706
http://dbpedia.org/resource/LINE_Corporation,fullcontact_690,0.5681037306785583
http://dbpedia.org/resource/TransCanada_Corporation,fullcontact_290,0.7673547267913818
http://dbpedia.org/resource/Charlie's_Kitchen,fullcontact_1940,0.7102063894271851
http://dbpedia.org/resource/Microsoft,fullcontact_1116,0.9943338632583618
http://dbpedia.org/resource/Dsign_Music,fullcontact_1742,0.9825621843338013
http://dbpedia.org/resource/High_Standard_Manufacturing_Company,fullcontact_1840,0.930550754070282
http://dbpedia.org/resource/E3_Media,fullcontact_935,0.6982001662254333
http://dbpedia.org/resource/NYSE_Euronext,fullcontact_1042,0.6713507175445557
http://dbpedia.org/resource/Faction_films,fullcontact_1431,0.8022264838218689
http://dbpedia.org/resource/Convera_Corporation,fullcontact_1096,0.5346440076828003
http://dbpedia.org/resource/Globus_(company),fullcontact_966,0.7830750346183777
http://dbpedia.org/resource/Mercialys,fullcontact_1824,0.8102321624755859
http://dbpedia.org/resource/Visa_Europe,fullcontact_1247,0.8056868314743042
http://dbpedia.org/resource/Nelja_Energia,fullcontact_1616,0.7048631906509399
http://dbpedia.org/resource/Renault_Argentina,fullcontact_17,0.6594251394271851
http://dbpedia.org/resource/General_Revenue_Corporation,fullcontact_1330,0.9542665481567383
http://dbpedia.org/resource/Hitachi,fullcontact_382,0.9761161208152771
http://dbpedia.org/resource/Russian_Post,fullcontact_1963,0.6158735752105713
http://dbpedia.org/resource/ELitmus,fullcontact_1100,0.6681877374649048
http://dbpedia.org/resource/KON%C4%8CAR_Group,fullcontact_1886,0.5681037306785583
http://dbpedia.org/resource/Red_Giant_Software,fullcontact_1306,0.926215648651123
http://dbpedia.org/resource/Realtek,fullcontact_501,0.7061412930488586
http://dbpedia.org/resource/Kone,fullcontact_462,0.936208188533783
http://dbpedia.org/resource/DISCOP,fullcontact_655,0.6911866664886475
http://dbpedia.org/resource/CRAIC_Technologies,fullcontact_181,0.5610448718070984
http://dbpedia.org/resource/Brainsway,fullcontact_1102,0.9835628867149353
http://dbpedia.org/resource/Nakano_Corporation,fullcontact_513,0.8654794096946716
http://dbpedia.org/resource/SFR,fullcontact_655,0.7829080820083618
http://dbpedia.org/resource/Hat_Trick_Productions,fullcontact_1536,0.6514047384262085
http://dbpedia.org/resource/21st_Century_Newspapers,fullcontact_996,0.926215648651123
http://dbpedia.org/resource/Big_Talk_Productions,fullcontact_1536,0.6514047384262085
http://dbpedia.org/resource/Renault_Pars,fullcontact_17,0.9285863041877747
http://dbpedia.org/resource/SIGA_Technologies,fullcontact_181,0.5643316507339478
http://dbpedia.org/resource/Entertainment_Rights,fullcontact_1072,0.6011982560157776
http://dbpedia.org/resource/Entertainment_Studios,fullcontact_1598,0.8185151219367981
http://dbpedia.org/resource/Enel_OGK-5,fullcontact_291,0.7600587010383606
http://dbpedia.org/resource/Intelenet_Global_Services,fullcontact_1647,0.9113457798957825
http://dbpedia.org/resource/21st_Century_Insurance,fullcontact_996,0.9311802387237549
http://dbpedia.org/resource/IMDS_Group,fullcontact_623,0.9105461835861206
http://dbpedia.org/resource/NRJ_Group,fullcontact_623,0.8279561996459961
http://dbpedia.org/resource/Anadol,fullcontact_95,0.8751527667045593
http://dbpedia.org/resource/Nuclear_Power_Corporation_of_India,fullcontact_150,0.6088573336601257
http://dbpedia.org/resource/Bayer_Corporation,fullcontact_246,0.5832252502441406
http://dbpedia.org/resource/Andersen_Corporation,fullcontact_87,0.6374258995056152
http://dbpedia.org/resource/Grupo_Argos,fullcontact_365,0.8599959015846252
http://dbpedia.org/resource/Insignia_Films,fullcontact_1002,0.8119736909866333
http://dbpedia.org/resource/IRunway,fullcontact_1837,0.9843424558639526
http://dbpedia.org/resource/Nexenta_Systems,fullcontact_1376,0.5038852095603943
http://dbpedia.org/resource/Hitachi_Cable_Manchester,fullcontact_382,0.582301139831543
http://dbpedia.org/resource/Cake_Entertainment,fullcontact_1907,0.5346440076828003
http://dbpedia.org/resource/Wizcom_Technologies,fullcontact_822,0.6733306646347046
http://dbpedia.org/resource/The_Manitowoc_Company,fullcontact_1294,0.5456249117851257
http://dbpedia.org/resource/Centel,fullcontact_1500,0.6590844988822937
http://dbpedia.org/resource/Cinelli,fullcontact_590,0.7282655239105225
http://dbpedia.org/resource/Esso_Australia,fullcontact_100,0.8279561996459961
http://dbpedia.org/resource/RiverSoft,fullcontact_1522,0.8134174942970276
http://dbpedia.org/resource/Grupo_Nutresa,fullcontact_365,0.5490443110466003
http://dbpedia.org/resource/JouleX,fullcontact_1590,0.9820968508720398
http://dbpedia.org/resource/Tolko,fullcontact_1883,0.803946316242218
http://dbpedia.org/resource/ANTEL,fullcontact_1500,0.6309378147125244
http://dbpedia.org/resource/IMDS_Group,fullcontact_609,0.7117260694503784
http://dbpedia.org/resource/Accuro_Healthcare_Solutions,fullcontact_733,0.6514047384262085
http://dbpedia.org/resource/Olin_Corporation,fullcontact_1753,0.5027579665184021
http://dbpedia.org/resource/MKO_Games,fullcontact_1051,0.7118632197380066
http://dbpedia.org/resource/Farmers_Insurance_Group,fullcontact_979,0.6540471911430359
http://dbpedia.org/resource/Hospital_Corporation_of_America,fullcontact_1246,0.6462979912757874
http://dbpedia.org/resource/Cube_Entertainment,fullcontact_1907,0.6307541131973267
http://dbpedia.org/resource/Speedera_Networks,fullcontact_1321,0.5038852095603943
http://dbpedia.org/resource/Belcan_Corporation,fullcontact_918,0.8128414154052734
http://dbpedia.org/resource/The_Briad_Group,fullcontact_1560,0.5571605563163757
http://dbpedia.org/resource/Fusion_Business_Solutions,fullcontact_1806,0.6340596079826355
http://dbpedia.org/resource/Convera_Corporation,fullcontact_207,0.5076057314872742
http://dbpedia.org/resource/Farmers_Trading_Company,fullcontact_979,0.6631984114646912
http://dbpedia.org/resource/Quiksilver,fullcontact_1375,0.5564955472946167
http://dbpedia.org/resource/Bungie,fullcontact_175,0.6116166710853577
http://dbpedia.org/resource/National_Farmers_Organization,fullcontact_979,0.6727425456047058
http://dbpedia.org/resource/SWN_Communications,fullcontact_1568,0.5713701248168945
http://dbpedia.org/resource/Essar_Group,fullcontact_1868,0.8279561996459961
http://dbpedia.org/resource/Fusion_IP_plc,fullcontact_1806,0.66557377576828
http://dbpedia.org/resource/21st_Century_Fox,fullcontact_996,0.9331119060516357
http://dbpedia.org/resource/Mio_Technology,fullcontact_1857,0.5203752517700195
http://dbpedia.org/resource/Dai_Nippon_Printing,fullcontact_879,0.6899119019508362
